name,specialization,city,experience,rating,phone,email,formattedAddress
"Dr Faisal Mamsa","Psychiatrist","II Talwar.    Clifton",13,4.4,"03279-6427397","dr.faisal.mamsa412@diagnoai.com","Medilink Consulting Clinics                The Plaza, II Talwar.    Clifton ,"
"Col Dr Nadir Khan","Associate Professor Cardiology","Lahore",22,4.5,"03225-6457763","col.dr.nadir.khan820@diagnoai.com","Central Military Hospital (CMH)                  Cantt , Lahore"
"Dr Abc","Aesthetic and Cosmetic Dentistry","Islamabad",22,3.9,"03143-1225074","dr.abc213@diagnoai.com",", Islamabad"
"Dr Ain ul Ghazala","Consultant Gynecologist & Sonologist","Lahore",11,4.3,"03149-1823788","dr.ain.ul.ghazala750@diagnoai.com","Race View Clinic                Opposite To Services Hospital  Jail Raod , Lahore"
"Prof. Brig. Dr Arshad Chohan","ENT Specialist","Rawalpindi",13,4.6,"03771-4072944","prof..brig..dr.arshad.chohan804@diagnoai.com","Dr Chohan's ENT                Rafay Mall - 1st floor  Peshawar Road  , Rawalpindi"
"Dr Muhammad Haris Burki","Psychiatrist","Lahore",3,4.8,"03492-2635759","dr.muhammad.haris.burki574@diagnoai.com","Lahore Specialists Clinic                First Floor,Fazal Din Pharma Opposite Service Hospital,Jail Road,Lahore.  Jail Road , Lahore"
"Dr. Rizwan Taj","Psychiatrist","Islamabad",9,4.4,"03218-3537141","dr..rizwan.taj842@diagnoai.com","Citi Clinic                Basement Gondal Plaza, Near Citibank, Blue Area, Islamabad.   Blue Area , Islamabad"
"Brig. Dr Nadir Ali","Including Haemostasis and Thrombosis","Islamabad",14,4.5,"03640-3401153","brig..dr.nadir.ali663@diagnoai.com","Kulsum International Hospital                 Kulsum Plaza, 2020,   Jinnah Ave , Islamabad"
"Dr. Haris Mehmood","Dentist","Rawalpindi",6,4.3,"03634-2867608","dr..haris.mehmood113@diagnoai.com","Hassaan Dental Clinic                14th Linear Commercial  Bahria Town, Phase VIII , Rawalpindi"
"Dr Khawaja Sajid Aslam","Knee & Hip Replacement","Rawalpindi",10,5,"03328-9111192","dr.khawaja.sajid.aslam853@diagnoai.com","Pakistan International hospital                  Rawat , Rawalpindi"
"Consultant  Dr. Arsana Rizwan","Skin Specialists | Dermatologists","Islamabad",22,3.7,"03835-6602809","consultant..dr..arsana.rizwan359@diagnoai.com","Begum Akhtar Rukhsana Memorial Welfare Trust Hospital                 Bahria Town Phase VIII,Rawalpindi .Ph:(92-51)5705790-2  Phase 8 , Islamabad"
"Dr. Moazam Ayub","Nephrologist","Rawalpindi",18,4.8,"03870-9416375","dr..moazam.ayub738@diagnoai.com","Bahria Internaional Hospital                Phase-8  Bahria Town , Rawalpindi"
"Brig (R) Prof Dr M Babar Cheema","Diabetologists","Rawalpindi",11,4.5,"03845-4982403","brig..r..prof.dr.m.babar.cheema372@diagnoai.com","Race Course Clinic                296/3 - Race Course Road  Race Course Road , Cantt , Rawalpindi"
"Dr Farasat Ali Dogar","Psychiatrist","Lahore",21,4.6,"03666-3236123","dr.farasat.ali.dogar333@diagnoai.com","Willing Ways Clinic                71-ANear APWA College  Jail Road , Lahore"
"Dr Muhammad Shahid Mustafa","Psychiatrist","karachi",5,4.5,"03470-8932134","dr.muhammad.shahid.mustafa569@diagnoai.com","Neuro Care                Office # 804, 8th floor , Al-Khaleej Tower ,Shaheed millat road   Bahadurabad , karachi"
"Dr  Aurangzeb abbassi","Neuro & Spinal Surgeon","karachi",22,3.6,"03679-2193726","dr..aurangzeb.abbassi930@diagnoai.com","Neurospinal & Cancer Care Institute                100/1, Depot Lines, Mansfield Street   Saddar , karachi"
"Brig (R) Prof Dr Shahid Rasul","Cancer Specialist","Rawalpindi",24,4.7,"03928-4988017","brig..r..prof.dr.shahid.rasul321@diagnoai.com","Shaheen Health Plus                Mega Mall, Opposite AFIC   Saddar , Rawalpindi"
"Dr Tahir Chaudhry","Diabetes and General Medicine Expert","Lahore",12,4.3,"03187-2978077","dr.tahir.chaudhry474@diagnoai.com","Family Care medical Centre                281-B, Nargis Block  Allama Iqbal Town , Lahore"
"Dr. Imran Mahmood Khan","Child Specialist","Islamabad",8,4.4,"03531-3074393","dr..imran.mahmood.khan519@diagnoai.com","Clinics & Diagnostics Hospital                Near Allied Bank, Main double Road, G-13/1  G-13 , Islamabad"
"Dr. Muhammad Khawar Nazir","Skin Specialists | Dermatologists","Lahore",13,4,"03681-1255936","dr..muhammad.khawar.nazir122@diagnoai.com","Boston Aesthetics                 15-A Hali Road Gulberg 2, Lahore.Road behind Pace, Hafeez center & ChenOne is called Hali Road. Move towards Imam Bargah, Clinic is Adjacent to Gourmet Victoria Marquee.  Gulberg II , Lahore"
"Dr. Afaq Hussain Chishti","Paediatric Medicine","Multan",19,4.8,"03116-3920801","dr..afaq.hussain.chishti899@diagnoai.com","South Punjab Clinics & Hospital                Chungi #1, Soraj Miani Road,Multan  Near chungi #1, soraj Miani Road,Multan , Multan"
"Dr. Deeba Sattar Khan","Skin Specialists | Dermatologists","Rawalpindi",3,4.9,"03892-6244556","dr..deeba.sattar.khan879@diagnoai.com","Jinnah Memorial Hospital                2 A, Opposite Punjab House  Civil Lines , Rawalpindi"
"Dr. Shahbaz Hanif Mehr","Urologist","Islamabad",7,4.6,"03371-3823451","dr..shahbaz.hanif.mehr926@diagnoai.com","Ali Medical Centre                Near Islamabad Kachahri  F-8 Markaz (Main) , Islamabad"
"Brigadier (R) Dr Mirza Khizer Hameed","ENT Specialist","Rawalpindi",23,4.1,"03404-9230097","brigadier..r..dr.mirza.khizer.hameed61@diagnoai.com","Maryam Memorial Hospital                Westridge  Peshawar Road , Rawalpindi"
"Dr. Najeeb Alam Khan","Medical Specialist","Islamabad",20,3.7,"03202-6836390","dr..najeeb.alam.khan768@diagnoai.com","Alam Hospital                Nasir Plaza, Lehtrar Rd, Khanna Dak, Islamabad.  Khanna Pul , Islamabad"
"Dr. Rizwan Sheikh","ENT Specialist","Rawalpindi",8,5,"03284-6313738","dr..rizwan.sheikh153@diagnoai.com","Siddiq Hospital                Near Asghar Mall Chowk  Asghar Mall Road , Rawalpindi"
"Prof Dr Mazhar Ur Rehman","Cardiologists","Lahore",21,4.1,"03273-9019807","prof.dr.mazhar.ur.rehman797@diagnoai.com","Heart & Lungs - Surgery Clinic                32-T, Gulberg-II,off M.M. Alam Road,Lahore.  Gulberg-II , Lahore"
"Dr. Waseem Sarwar Malghani","Gastroenterology","Multan",16,3.8,"03747-3065678","dr..waseem.sarwar.malghani127@diagnoai.com","Medicare Hospital                  62-A Abdali Road, Multan.  Abdali Road , Multan"
"Professor Dr Khurshid Alam","ENT Specialist","Lahore",23,4.9,"03899-4517850","professor.dr.khurshid.alam670@diagnoai.com","Doctors Hospital & Medical Centre                Johar Town, Block G1,  Lahore  Johar Town , Lahore"
"Dr Fahad Mustafa","Root Canal Treatment","Rawalpindi",23,4.3,"03217-8686506","dr.fahad.mustafa248@diagnoai.com","Fahad Dental Square                Chaklala scheme 3 Market   , Rawalpindi"
"Prof Muhammad Rashid Zia","ENT Specialist","Lahore",18,4.8,"03598-3375889","prof.muhammad.rashid.zia886@diagnoai.com","Hameed Latif Hospital                14- Abu Baker Block New Garden Town, Lahore  New Garden Town , Lahore"
"Dr Naeem Liaqat","Paediatric","Rawalpindi",8,4.7,"03249-3341781","dr.naeem.liaqat115@diagnoai.com","Medicare Hospital                Said Pur road   , Rawalpindi"
"Dr NAEEM AMJAD","General Physician","Multan",7,4.8,"03231-6236551","dr.naeem.amjad261@diagnoai.com","Spring Hospital                Opposite Madni Park   , Multan"
"Prof Azam Samdani","Skin Specialists | Dermatologists","karachi",13,3.6,"03751-7234196","prof.azam.samdani431@diagnoai.com","Skin Solutions                Horizon Vista, Mezzanine Floor.Opposite Dolmen Mall Clifton Block: 4, Karachi.  Clifton  , karachi"
"Dr Muhammad Ashraf Sultan","Pediatricians","Lahore",19,3.8,"03159-8364702","dr.muhammad.ashraf.sultan801@diagnoai.com","Mid City Hospital                3-A Shadman II, Jail Road Opposite Kinaird College, Lahore.  Shadman  , Lahore"
"Dr  Javaid Iqbal","Diabetes and Endocrine","Lahore",7,3.9,"03700-2678422","dr..javaid.iqbal921@diagnoai.com","Diabetic’s Institute of Pakistan                71/A-1, Near Apwa college  Jail Road , Lahore"
"Brig(r) Dr Z.M Raahat","ENT Specialist","Lahore",17,4,"03791-4178366","brig.r..dr.z.m.raahat201@diagnoai.com","SURGIMED HOSPITAL                1 ZAFAR ALI ROADNEAR LAHORE GYM-KHANA  Cantt , Lahore"
"Dr. Azhar Biabani","Dentist","Rawalpindi",5,4.8,"03412-7677793","dr..azhar.biabani807@diagnoai.com","Begum Akhtar Rukhsana Memorial Welfare Trust                Dental Surgery Department Bahria Town Phase - VIII, Rawalpindi.  Bahria Town Phase - VIII , Rawalpindi"
"Dr Shahid Sami","Cardiologists","karachi",21,3.7,"03685-1833380","dr.shahid.sami816@diagnoai.com","South City Hospital                Street 1, Block 3, Sharah-e-Firdous, Clifton,Karachi.	  Clifton , karachi"
"Dr Prof Javed Haider Rizvi","Gynecologists","karachi",17,4.1,"03780-5434085","dr.prof.javed.haider.rizvi581@diagnoai.com","South City Hospital                 Street No. 1, Block 3, Shahrah-e-Firdousi, Clifton.  Clifton , karachi"
"Dr Muhammad Arshad","Assistant Professor ENT and Head & Neck Surgery","Rawalpindi",4,4.7,"03298-9136231","dr.muhammad.arshad0@diagnoai.com","Allied ENT Hospital                  Said pur Road , Rawalpindi"
"Dr. Tariq Jalisi","E.N.T Specialist","karachi",21,4.3,"03308-9852144","dr..tariq.jalisi616@diagnoai.com","Darus Sehat Hospital                  Gulistan-e-Jauhar , karachi"
"Dr Nasheed Baig","ENT Specialist","Rawalpindi",12,4.8,"03681-4419129","dr.nasheed.baig582@diagnoai.com","Maryam Memorial hospital                  Peshawar Rd , Rawalpindi"
"Prof. Manzoor Ahmad","Head & Neck Surgeon","Lahore",7,3.9,"03343-3947677","prof..manzoor.ahmad341@diagnoai.com","Rite Aid Medical Centre                685-Shadman-1 ,Opposite Fatima Memorial Hospital.   , Lahore"
"Dr. Zafarullah khan","Allergy Specialist/ otorhinolaryngist","Islamabad",8,3.5,"03223-4432705","dr..zafarullah.khan899@diagnoai.com","PAF Hospital                Sector E9 islamabad   Same , Islamabad"
"Dr. Muhammad Aamir Khan","Cardiologists","Rawalpindi",18,4.2,"03492-2024324","dr..muhammad.aamir.khan253@diagnoai.com","Armed Forces Institute of Cardiology.                Peshawar Rd, Rawalpindi.    Peshawar Rd , Rawalpindi"
"Dr. Muhammad Tariq Farman","Cardiologists","karachi",21,4.6,"03299-6405233","dr..muhammad.tariq.farman629@diagnoai.com","Medicare Hospital & Clinic                 Al-Khaleej Tower, Shaheed-e-Millat Road, Karachi.   Shaheed-e-Millat Road , karachi"
"Brig Dr Shahid Aziz","General Physician","Rawalpindi",13,3.7,"03937-5314333","brig.dr.shahid.aziz487@diagnoai.com","Dr Aziz Clinic                2nd Floor Rafar Mall  Peshawar Road , Rawalpindi"
"Dr Saulat Fatimi","Cardiologists","karachi",6,4.7,"03448-9372435","dr.saulat.fatimi558@diagnoai.com","Aga Khan University Hospital                Karachi.  Stadium Road , karachi"
"Dr Arshad Chohan","Gynecologists","Lahore",12,3.5,"03916-6462747","dr.arshad.chohan748@diagnoai.com","Fatima Memorial Hospital                Jail Rd Shadman, Lahore.  Shadman , Lahore"
"Dr. Naveed Arshad Khokhar","Dentist","Rawalpindi",10,4.7,"03248-8625670","dr..naveed.arshad.khokhar35@diagnoai.com","Armed Forces Institute of Cardiology                Peshawar Rd, Rawalpindi.  Peshawar Road  , Rawalpindi"
"Dr. Muhammad Musharaf Baig","ENT Specialist","Rawalpindi",20,4,"03962-8095829","dr..muhammad.musharaf.baig810@diagnoai.com","Bilal Hospital                 38-A, Satellite Town, Sadiqabad Road.  Satellite Town , Rawalpindi"
"Dr Tahira Yasmeen Naru","Gynecologists","karachi",15,4.2,"03882-8476632","dr.tahira.yasmeen.naru57@diagnoai.com","The Aga Khan University hospital                AKUH Consulting 4 Clinic, Stadium Road, Karachi.  Stadium Road , karachi"
"Dr. Navaid Akhtar","Pain Management","karachi",16,4.6,"03915-8001425","dr..navaid.akhtar8@diagnoai.com","Patel Hospital                St.-18, Block-4.  Gulshan-e-Iqbal , karachi"
"Dr. Sumaira Abdullah","Skin Specialists | Dermatologists","Islamabad",10,4.2,"03934-2665463","dr..sumaira.abdullah0@diagnoai.com","Dr Sumaira's Skin Care                IDC, 12 Medical Square G 8 Markaz, Islamabad.  G-8 , Islamabad"
"Dr Aamir Hameed Khan","Cardiologists","karachi",10,4.8,"03838-2856683","dr.aamir.hameed.khan751@diagnoai.com","The Aga Khan University Hospital                CC Nazerali Walji-2 , Karachi.  Walji-2 , karachi"
"Dr Raja Pervaiz Akhtar","Cardiologists","Lahore",8,4.8,"03458-6149385","dr.raja.pervaiz.akhtar176@diagnoai.com","Shaukat Khanum Memorial Cancer Hospital and Research Centre                7A Block R-3,، M.A. Johar Town, Lahore.   Johar Town , Lahore"
"Dr Shaheen Zafar","Gynecologists","karachi",10,4.1,"03520-9526380","dr.shaheen.zafar339@diagnoai.com","Liaquat National Hospital                 WASC OPD No. 04 , L.N.H., National Stadium Road, karachi.   National Stadium Road , karachi"
"Professor Mohammad Rehman","Cardiologists","Peshawar",21,4,"03872-1512978","professor.mohammad.rehman397@diagnoai.com","Rehman Medical Institute                 5/B-2 Hayatabad, Phase-V , Peshawar.  Hayatabad  , Peshawar"
"Dr Muhammad Irfan Anwar","Skin Specialists | Dermatologists","karachi",10,4.2,"03617-9788298","dr.muhammad.irfan.anwar917@diagnoai.com","PNS Shifa Hospital                BUMDC  DHA Phase 2  , karachi"
"DR Adeel Ahmed Khan","Community Medicine consultant","karachi",23,3.7,"03823-8157766","dr.adeel.ahmed.khan71@diagnoai.com","The Aga Khan University Hospital                CC Ibn-e-Zuhr -1, Karachi.  Ibn-e-Zuhr , karachi"
"Dr. Muhammad Khalid Niaz","General Practitioner","Lahore",22,4.6,"03685-6764882","dr..muhammad.khalid.niaz532@diagnoai.com","Dr. Khalid Clinic                100 A/2 Gulberg III Lahore.   Gulberg III  , Lahore"
"Dr Anjum Jameel Asghar","Skin Specialists | Dermatologists","Islamabad",3,4.1,"03370-4261272","dr.anjum.jameel.asghar198@diagnoai.com","717, St 82, I – 8/4, Islamabad.  I-8 , Islamabad"
"Dr. Mirza Mudassar Baig","Skin Specialists | Dermatologists","Lahore",11,4.5,"03852-3313269","dr..mirza.mudassar.baig840@diagnoai.com","Mudassar medical & laser skin care associates                 Eden value homes c block street 22 house 5 Multan road.  Thokar Niaz Baig , Lahore"
"Lt Col Dr  Shahid Mahmud","Child Specialist","karachi",17,4.9,"03498-7139155","lt.col.dr..shahid.mahmud814@diagnoai.com","CMH Hospital                  Cantt , karachi"
"Dr Syed Imtiaz Ali","Urologists","karachi",13,4.1,"03746-5975690","dr.syed.imtiaz.ali643@diagnoai.com","Ashfaq Memorial Hospital                 Gulshan-e-Iqbal,Main University Road,Karachi.   Gulshan-e-Iqbal , karachi"
"Prof. Dr Abdul Gaffar Billoo","Pediatricians","karachi",16,3.8,"03839-8175902","prof..dr.abdul.gaffar.billoo642@diagnoai.com","Memon Medical Institute Hospital                Hyder Buksh Gabol Road,Safoora Goth, Karachi.  Safoora Goth , karachi"
"Dr Sajid Dhakam","Cardiologists","karachi",19,3.9,"03586-1259857","dr.sajid.dhakam842@diagnoai.com","South City Hospita                Street 1, Block 3, Sharah-e-Firdous, Clifton, Karachi.   Clifton , karachi"
"Dr Tehmina Javed","Gynecologists","Lahore",13,4.6,"03353-5500126","dr.tehmina.javed229@diagnoai.com","Kanan Clinic                Aiwan-I-Tajarat RoadOpposite Bagh-e-JinnahLahore.  Aiwan-i-Tajarat Road , Lahore"
"Dr. Nauman Ahmad Gill","Hair Transplant Surgeon","Lahore",15,3.7,"03647-8744266","dr..nauman.ahmad.gill100@diagnoai.com","Laser Praxis,                 50 D-1/A, off M. M. Alam Road, Gulberg III, Lahore.  Gulberg 3 , Lahore"
"Dr Muhammad Irfan Nazir","Urologists","Lahore",12,4.9,"03495-2606925","dr.muhammad.irfan.nazir353@diagnoai.com","WILCARE Cardiovascular & Endocrine Center of Excellence                Model Town Extension, Lahore.  Model Town Extension , Lahore"
"Dr Jahan Ara","Gynecologists","Lahore",4,4.7,"03118-6256894","dr.jahan.ara519@diagnoai.com","Mid City Hospital                3-A Shadman II, Jail RoadOpposite Kinaird College, Lahore , Pakistan.  Shadman  , Lahore"
"Dr Sajjad Ali","ENT Specialist","Mardan",6,4,"03556-2003593","dr.sajjad.ali718@diagnoai.com","Private Clinic                   Hoti Chowk , Mardan"
"Gynaecologist laparoscopic lady Surgeon Dr Rehana Iftikhar","Gynecologists","Fatima Medical Complex Daska                Main Circular Road Daska  Daska",5,5,"03571-4238441","gynaecologist.laparoscopic.lady.surgeon.dr.rehana.iftikhar399@diagnoai.com","Fatima Medical Complex Daska                Main Circular Road Daska  Daska ,"
"Dr.  Waqas Mehdi","Neurosurgeon","Lahore",19,4.9,"03197-2321365","dr...waqas.mehdi295@diagnoai.com","Punjab Medical Center                5 Jail Road, Lahore.  Jail Road , Lahore"
"Prof. Dr. Azer Rasheed","Skin Specialists | Dermatologists","Peshawar",10,5,"03744-6231672","prof..dr..azer.rasheed781@diagnoai.com","Habib Medical Complex                , Peshawar.Mon to Fri 4.00 PM to 7.00 PM  Dabgari Garden , Peshawar"
"Dr. Sameer Qureshi","ENT Specialist","karachi",16,3.6,"03895-4987923","dr..sameer.qureshi350@diagnoai.com","South City Hospital                 Street No. 1, Block 3, Shahrah-e-Firdousi, Clifton, Karachi.  Clifton , karachi"
"Dr Badr S. Dhanani","Skin Specialists | Dermatologists","karachi",14,4.1,"03435-1370216","dr.badr.s..dhanani398@diagnoai.com","DHA Medical Centre                 P-38 / A, 10th Street, Khayaban-e-Rahat, Street # 10, Phase-VI, DHA, Karachi.  DHA , karachi"
"Muhammad Saleem Ghauri","Skin Specialists | Dermatologists","Faisalabad",20,4.1,"03829-5651858","muhammad.saleem.ghauri577@diagnoai.com","Social Security Hospital                Madina Town,susan Road, Faisalabad.    , Faisalabad"
"Dr. Fahd Khalid","Dentist","Islamabad",17,4.4,"03474-2261369","dr..fahd.khalid369@diagnoai.com","Dental Profiles Clinic                170-B, Street 68, F-10/3, Islamabad.  F-10 , Islamabad"
"Dr. Aftab Ahmed Memon","ENT Specialist","karachi",11,3.9,"03984-7780549","dr..aftab.ahmed.memon655@diagnoai.com","Park Lane Hospital                 56 Old Clifton Near Shahra-e-Iran, Opposite British Deputy High Commission Clifton Karachi.  Clifton  , karachi"
"Dr. Syed Fayyaz Ahmed Shah","Cardiologists","Rawalpindi",6,4,"03230-3400636","dr..syed.fayyaz.ahmed.shah60@diagnoai.com","Ahmad Medical Complex, Medicine & Cardiology Department                70-C Satellite Town, Sadiqabad Road, Rawalpindi.  Satellite Town , Rawalpindi"
"Prof Dr Khalid Javed Rabbani","Urologists","Lahore",16,4.7,"03759-3159364","prof.dr.khalid.javed.rabbani210@diagnoai.com","Surgimed Hospital. 1-Zafar Ali Road, Lahore.   Gulberg IV, , Lahore"
"Dr Syed Mahmood ul Haq","Cardiologists","karachi",8,4,"03114-9066966","dr.syed.mahmood.ul.haq89@diagnoai.com","South City Hospital                 Street No. 1, Block 3, Shahrah-e-Firdousi, Clifton, Karachi.  Clifton , karachi"
"Dr. Samia Amer","Radiologist","Rawalpindi",13,3.9,"03682-3304326","dr..samia.amer11@diagnoai.com","Habibi Care & Cure Clinic                House # 26, Street # 03, Khan Avenue, Chaklala Scheme III, Rawalpindi.  Chaklala Scheme III , Rawalpindi"
"Dr Shahid Aslam","Pediatricians","Lahore",3,3.9,"03619-2990935","dr.shahid.aslam969@diagnoai.com","Doctors Hospital & Medical Centre                152/G 1, Johar Town, Lahore.  Johar Town , Lahore"
"Dr Nazli Hussain","Gynecologists","karachi",7,3.6,"03557-7132352","dr.nazli.hussain859@diagnoai.com","Saifee Hospital.                ST-1, Block-F, North Nazimabad, Karachi.   North Nazimabad , karachi"
"Dr. Syed Ali Naqi","ENT Specialist","Rawalpindi",13,3.7,"03137-1651252","dr..syed.ali.naqi271@diagnoai.com","Ahmad Medical Complex                ENT Department70-C Satellite Town, Sadiqabad Road, Rawalpindi.  Satellite Town , Rawalpindi"
"Professor Muhammad Mussadiq Khan","Cardiologists","Islamabad",9,3.5,"03940-2718155","professor.muhammad.mussadiq.khan456@diagnoai.com","18-B, Luqman Hakeem Road, G 6/3, Islamabad.   G 6 , Islamabad"
"Dr Maroof Aziz","ENT Specialist","Lahore",22,3.7,"03111-4546849","dr.maroof.aziz378@diagnoai.com","Mid City Hospital                 3-A Shadman II, Jail Road Opposite Kinaird College,Lahore, Punjab, Pakistan   Shadman  , Lahore"
"Prof. Zubair Ahmed","ENT Specialist","Lahore",10,3.9,"03862-8393295","prof..zubair.ahmed668@diagnoai.com","SURGIMED HOSPITAL                 ENT Clinic ((Basement)  1-Zafar Ali Road , Lahore"
"Dr Javed Waseem","Skin Specialists | Dermatologists","karachi",4,3.9,"03600-8088277","dr.javed.waseem893@diagnoai.com","Skin & Laser Clinic                C-4 & 5, Adj. Aga Khan Lab, Hilal-e-Ahmer Road, Teen Talwar, Clifton, Karachi.  Clifton , karachi"
"Dr Haseeb Sajjad","Skin Specialists | Dermatologists","Lahore",21,4.2,"03240-4350535","dr.haseeb.sajjad905@diagnoai.com","Lahore Skin Clinic                Canal Service Road, Gulberg 5, Lahore.  Gulberg 5 , Lahore"
"Consultant Interventional Cardiologist Dr Zameer ul Asar","Cardiologists","Lahore",19,4.2,"03700-7739897","consultant.interventional.cardiologist.dr.zameer.ul.asar8@diagnoai.com","Alrazi Healthcare hospital                  MM Alam Road , Lahore"
"Dr. Savaid Abbas Mirza","Orthopaedics","Rawalpindi",7,5,"03389-7470416","dr..savaid.abbas.mirza253@diagnoai.com","Ahmad Medical Complex                70-C Satellite Town, Sadiqabad Road   Satellite Town , Rawalpindi"
"Dr. Nadeem Ahmed Khan Niazi","Skin Specialists | Dermatologists","Rawalpindi",10,4.9,"03816-5650339","dr..nadeem.ahmed.khan.niazi206@diagnoai.com","Skin & Skin Clinic                 3-Chohan Plaza, Main Airport Road, Opp, Askari-10, Rawalpindi.  Askari-10 , Rawalpindi"
"Dr. Umair Ahmed","Skin Specialists | Dermatologists","Rawalpindi",6,3.6,"03663-8032253","dr..umair.ahmed7@diagnoai.com","Rasheeda Zafar Hospital                Behind Jan Hall, Kybane-Tanveer, Chaklala Scheme III, Rawalpindi  Chaklala Scheme III , Rawalpindi"
"Prof Dr Muhammad Siddiq","Psychiatrist","karachi",5,4.5,"03409-5374384","prof.dr.muhammad.siddiq133@diagnoai.com","Faran Institute Of Behavioural Sciences                24-E, 21st Commercial Sreet,DHA Phase 2 Extension, near Rahat Milk Corner. Karachi.  DHA Phase 2  , karachi"
"Farhan Khan","Dentist","karachi",11,4.8,"03872-1416210","farhan.khan199@diagnoai.com","Smile Savers                153-A ,SMCHS ,Karachi Pk-74400   , karachi"
"Dr Tayyaba Waseem","Gynecologists","Lahore",6,4.6,"03691-9432840","dr.tayyaba.waseem9@diagnoai.com","Mid City Hospital                3-A Shadman II, Jail Road. Opposite Kinaird College, Lahore.  Shadman  , Lahore"
"Professor and Director of Non-Invasive Cardiology Dr Syed Zahid Rasheed","Cardiologists","karachi",21,4.5,"03640-2407509","professor.and.director.of.non.invasive.cardiology.dr.syed.zahid.rasheed508@diagnoai.com","karachi institute of heart diseases                ST-15, Block-16, Near UBL Sports Complex, Federal B. Area, Karachi.  Federal B Area , karachi"
"Majid Dastgir","ENT Specialist","Quetta",19,4.5,"03282-2067362","majid.dastgir706@diagnoai.com","FC Hospital Quetta                nawan killi road, Quetta, Pakistan  Nawan killi road , Quetta"
"Brig (R) Prof. Dr. M. Sultan Muzaffar","Cardiologists","Rawalpindi",13,4.6,"03608-8373453","brig..r..prof..dr..m..sultan.muzaffar211@diagnoai.com","110-Tameez-ud-Din Road.Near CMH Rawalpindi.  Tameez-ud-Din Road , Rawalpindi"
"Dr Prof. Javed Akram","Medical Specialist","Lahore",11,4.7,"03206-5514455","dr.prof..javed.akram550@diagnoai.com","Akram Medical Complex                2-B, Main Gulberg, Lahore.  Gulberg  , Lahore"
"Dr Nasir Sulaiman","Urologists","karachi",8,5,"03214-6651747","dr.nasir.sulaiman624@diagnoai.com","South City Hospital                 Street No. 1, Block 3, Shahrah-e-Firdousi, Clifton, Karachi.  Clifton , karachi"
"Dr Tahir Kamal","Skin Specialists | Dermatologists","Lahore",10,3.6,"03174-5646389","dr.tahir.kamal688@diagnoai.com","Skin Life Clinic                 Link-2, Street-1, Near CSD, 26-Cavalary Ground, Lahore.  Cavalary Ground , Lahore"
"Dr Naeem Iqbal","Skin Specialists | Dermatologists","karachi",21,3.8,"03257-7168857","dr.naeem.iqbal800@diagnoai.com","SESSI Landhi Hospital                Adamjee Road, Opp. KDA Sub-Office, Landhi, Karachi.   Landhi , karachi"
"Dr. Abdus Samad","Cardiologists","karachi",18,4.5,"03414-1667633","dr..abdus.samad827@diagnoai.com","308 Clifton Center Block-5 Schon Circle, Clifton, Karachi.  Clifton , karachi"
"Dr Riaz Ahmad Qamar","Skin Specialists | Dermatologists","Jhelum",10,4.5,"03924-5820608","dr.riaz.ahmad.qamar110@diagnoai.com","Skin Care Clinic                 Soldier Plaza Civil Lines Jhelum.   Civil Lines , Jhelum"
"HAPPY TEETH Dental Clinic in Wah Cantt","Dentist","Islamabad",11,4.6,"03395-6952830","happy.teeth.dental.clinic.in.wah.cantt759@diagnoai.com","HAPPY TEETH                Post Office Road,Lala Rukh, Wah Cantt  Wah Cantt , Islamabad"
"Dr Parveen Kanji","Gynecologists","karachi",14,4.8,"03836-1286803","dr.parveen.kanji530@diagnoai.com","South City Hospital                 Street No. 1, Block 3, Shahrah-e-Firdousi, Clifton, Karachi.  Clifton , karachi"
"Dr. Hina Noon","Dentist","Rawalpindi",15,4.8,"03773-7719025","dr..hina.noon689@diagnoai.com","Khurram Dental Centre                Hourse # 317, Street # 14, Chaklala Scheme III, Rawalpindi.  Chaklala Scheme III , Rawalpindi"
"Dr Samina Saleem","Gynecologists","karachi",15,4.2,"03390-9920771","dr.samina.saleem687@diagnoai.com","PATEL HOSPITAL                ST-18, Block-4, Gulshan-e-Iqbal, Karachi.   Gulshan-e-Iqbal , karachi"
"Dr. H. A. Khawaja","Plastic & Aesthetic Surgeon","Lahore",19,4.1,"03505-6647464","dr..h..a..khawaja405@diagnoai.com","osmetic Plastic Surgery & Skin Center                53-B/2, M.M Alam Road, Gulberg III, Lahore  Gulberg III , Lahore"
"Dr. Azeem Alam Khan","Skin Specialists | Dermatologists","Islamabad",7,3.5,"03749-2319593","dr..azeem.alam.khan993@diagnoai.com","Ali Medical Centre                Kohistan Road, F8 Markaz, Islamabad.   F-8 , Islamabad"
"Karachi hair dermatologist Naveed","Skin Specialists | Dermatologists","N/A",16,3.5,"03531-7456116","karachi.hair.dermatologist.naveed28@diagnoai.com","N/A"
"Dr. Shahzad Saeed Sheikh","Ophthalmologist","Lahore",13,4.3,"03228-9017462","dr..shahzad.saeed.sheikh458@diagnoai.com","Naz Hospital                Eye Department6-Shadman Link Road, Lahore.  Shadman  , Lahore"
"Dr Saadia Virk Rizvi","Gynecologists","karachi",22,3.7,"03804-1521121","dr.saadia.virk.rizvi800@diagnoai.com","South City Hospital                Street 1, Block 3, Sharah-e-Firdous, Clifton, Karachi.  Clifton , karachi"
"Dr Umar Kaleem","Medical Specialist","N/A",18,3.5,"03745-3497560","dr.umar.kaleem721@diagnoai.com","N/A"
"Dr Sara Ejaz","Gynecologists","Lahore",3,4.2,"03490-8873521","dr.sara.ejaz24@diagnoai.com","Fatima Memorial Hospital                4 Mozang Road, Lahore.  Mozang  , Lahore"
"Prof. Zaman Shaikh","Diabetologists","karachi",3,4.5,"03881-6060582","prof..zaman.shaikh463@diagnoai.com","South City Hospital                Shahrah-e-Firdousi, Block 3, Clifton, Karachi.  Clifton , karachi"
"Dr. Khawar Sultan","Nephrology","Islamabad",14,4.1,"03299-4123314","dr..khawar.sultan281@diagnoai.com","Savul international medical complex                G 11 markaz islamabad  G 11 , Islamabad"
"Dr. Hafeezullah Shaikh","Gastroenterology","karachi",19,4.5,"03591-5289898","dr..hafeezullah.shaikh62@diagnoai.com","Zubaida Medical Centre, Old dhoraji                ZUBAIDA MEDICAL CENTREC.P.& Barar Society Amir Khusro Rd.Dhoraji Colony, Karachi 74800, Sindh, PakistanPhone: 9221-3493391 / 4938241 / 4938247   , karachi"
"Dr. Amjad Hussain","Consultant Homeopathic Physician","Faisalabad",4,3.7,"03815-2901271","dr..amjad.hussain194@diagnoai.com","Sunny Homeopathic Clinic                P-19   , Faisalabad"
"Dr. Muhammad Rafique","Paediatrician","Lahore",22,3.7,"03219-3301321","dr..muhammad.rafique701@diagnoai.com","Hameedah Memorial Hospital                D block Lahore  Valencia Town , Lahore"
"Dr. Muhammad Irfan Sheikh","Audiologist","Sargodha",17,4.1,"03334-1702469","dr..muhammad.irfan.sheikh804@diagnoai.com","Niazi Medical Tower                Khoshab Road.   , Sargodha"
"Dr. Naimatullah","Physiotherapist","Lahore",16,4.5,"03250-5734557","dr..naimatullah889@diagnoai.com","KKT International Orthopedic Spine Center                200 Block Y, DHA, Phase III, Lahore.  DHA , Lahore"
"Dr. Sahibzada mahmood Noor","dermatology laser therapy and aesthetics","Peshawar",6,4.1,"03254-3689066","dr..sahibzada.mahmood.noor564@diagnoai.com","Skin Care Clinic                Abasin Hospital   , Peshawar"
"Dr. Zeeshan kamil","ophthalmology","off Zaibunnisa street   saddar",8,4,"03634-1930231","dr..zeeshan.kamil519@diagnoai.com","Zubi Eye Clinic                 Dundass street, off Zaibunnisa street   saddar  ,"
"Breg (R) Dr. Muhammad Iqbal","Gastroenrologist/Hepatologist","Islamabad",17,4.8,"03479-4933852","breg..r..dr..muhammad.iqbal969@diagnoai.com","3410114806547                  Peshar more, Quaid e azam Internation Hospital , Islamabad"
"Dr. Asifa Iqbal","Dentist","Lahore",13,4.8,"03109-6716385","dr..asifa.iqbal355@diagnoai.com","Oral & Maxillofacial Surgery centre                106 Habitat Flats Opposite Kinnaird College.  Jail Road Shadman  , Lahore"
"Dr. Umtal batool","Gynae & obs","Lahore",9,3.7,"03382-5500510","dr..umtal.batool275@diagnoai.com","Care clinic                  13 M block phase 1  DHA , Lahore"
"Dr. Uzair Ahmed Qazi","Plastic","Islamabad",5,4.1,"03760-9588734","dr..uzair.ahmed.qazi242@diagnoai.com","Ali Medical Centre                 Ayub Market Islamabad  F-8 Markaz , Islamabad"
"Dr. Nasir Habib","General Medicine","Islamabad",18,4.5,"03351-3452033","dr..nasir.habib641@diagnoai.com","Khayaban Medical Centre                160 A , main road Khayaban e Sirsyed , near Qasr e shireen  Khayaban e SirSyed , Islamabad"
"Dr. Muhammd Arif","Medical Oncology","Lahore",13,3.5,"03551-9169540","dr..muhammd.arif590@diagnoai.com","Doctors Hospital                 152-G/1 canal bank,johar town   , Lahore"
"Dr Safia Munir","Gynecologists","Lahore",22,3.8,"03617-5685381","dr.safia.munir256@diagnoai.com","Good Hope Infertility Clinic                Link Tufail Road, (In between Saddar Roundabout & Shalimar (Mughalpura) Flyover),Lahore Cantt.  Lahore Cantt , Lahore"
"Dr. Abdul Basit","Orthopaedics","Islamabad",10,3.9,"03115-3281695","dr..abdul.basit208@diagnoai.com","Ali Medical Centre                  F8 Markaz , Islamabad"
"Dr. Madiha Adnan","Dentist","Rawalpindi",11,4.1,"03414-3780579","dr..madiha.adnan236@diagnoai.com","Syed Dental Clinic                Plot.231-232, Shop#. 5, Afridi Plaza, Hub Commercial, Abu Bakar Avenue. Near Bahria Head office and Rukhsana Memorial Hospital.  Bahria Town Phase - VIII , Rawalpindi"
"Assistant Professor  Dr Khairunnisa Mukhtiar","Pediatric Neurologist","karachi",5,4.8,"03608-5994381","assistant.professor..dr.khairunnisa.mukhtiar512@diagnoai.com","Liaquat National Hospital, Karachi, Pakistan.                University Road, Karachi  University Road , karachi"
"Dr. Bilal Akram","ENT Specialist","karachi",3,3.6,"03155-1331633","dr..bilal.akram612@diagnoai.com","PAF Hospital Faisal                Faisal base  Shahrah-e-Faisal , karachi"
"Dr.Syed Arif Hussain","Dermatologist & Cosmetic Surgeon","karachi",20,3.8,"03361-4879377","dr.syed.arif.hussain641@diagnoai.com","Aesthetic Shapes                56 Old Clifton, Parklane Hospital, Karachi, Pakistan  56 Old Clifton , karachi"
"Dr. Sadaf Iftikhar","Skin Specialists | Dermatologists","Lahore",15,4.9,"03528-8317740","dr..sadaf.iftikhar20@diagnoai.com","Aesthetics Cosmetic Centre                42/A, C/1 Gulberg III   , Lahore"
"Dr. Mohammad Akram","Cardiologists","Islamabad",14,4.1,"03925-8216508","dr..mohammad.akram560@diagnoai.com","Kalsum International Hospital                 Kalsum International Hospital   Blue Area , Islamabad"
"Dr. ABDUL SATTAR SHAIKH","Cardiologist","karachi",7,3.9,"03619-2507916","dr..abdul.sattar.shaikh546@diagnoai.com","Pediatric Cardiology                NICVD hospital...  Ziaudin Clifton....NMC medical center... Liaquat national hospital  Clifton  , karachi"
"Dr. Amber Usman","Skin Specialists | Dermatologists","karachi",8,3.7,"03964-1818357","dr..amber.usman426@diagnoai.com","Hilal-e-Ahmer                Dr. Amber UsmanCosmederm Skin ClinicHilal-e-Ahmer Sind Medical Centre3 TalwarCliftonKarachiPakistan  Clifton , karachi"
"eye surgron DR KHALID BHAMBHA","Ophthalmologist","karachi",13,4.3,"03410-2486451","eye.surgron.dr.khalid.bhambha572@diagnoai.com","hospital                ahmed general hospital kathiawar medical center tipu sultan road   ad , karachi"
"Dr Raza Akram","Weight Loss Surgeon","Lahore",12,4.6,"03675-5833182","dr.raza.akram473@diagnoai.com","Fatima Memorial Hospital                 Shadman, Lahore, Pakistan.  Shadman  , Lahore"
"Dr. Muhammad Arshid","Physiotherapist","karachi",5,4,"03381-3747558","dr..muhammad.arshid781@diagnoai.com","BMI Poly Clinics Clifton                St-32 A, Rojhan Street, Kehkashan, Block-5, Clifton  Clifton , karachi"
"Dr. Salim Ullah Khan","General Practitioner","Islamabad",17,3.8,"03911-4374207","dr..salim.ullah.khan932@diagnoai.com","Shifa Clinic                Street 13, G-11/1  G-11 , Islamabad"
"Dr. Ali","Skin Specialists | Dermatologists","Islamabad",21,4.5,"03137-8334360","dr..ali129@diagnoai.com","Ibrahim                office#12, G-11 Markaz  G-11 , Islamabad"
"Dr. Mumtaz Hussain Malik","Homeopathic Doctor","Sahiwal",9,4.3,"03580-2962486","dr..mumtaz.hussain.malik56@diagnoai.com","Al-Nawaz Memorial Homeo Clinic                Main  Road Sargodha Sahiwal  Main  Road Sargodha Sahiwal , Sahiwal"
"Dr. Muhammad Adnan","General Physician","Peshawar",10,3.5,"03674-1223321","dr..muhammad.adnan725@diagnoai.com","MMC General Hospital                MMC General Hospital, dalazak chock ring road peshawar   , Peshawar"
"Dr. Syed Muhammad Junaid AKhtar","Diabetologist","karachi",23,4,"03112-3847615","dr..syed.muhammad.junaid.akhtar527@diagnoai.com","The Diabetes Buster Medics                   , karachi"
"Dr. Prof Brig(R) Falak Sher Khan Bhatti","Gastroenterology","Rawalpindi",24,4,"03224-4133417","dr..prof.brig.r..falak.sher.khan.bhatti914@diagnoai.com","HOPE Clinic Peshawar Road,near Race Course Ground                HOPE Clinic  Adjacent to Race Course Ground Peshawar Road  Peshawar Road  , Rawalpindi"
"Dr. Sharif Ullah Jan","Cardiologists","Peshawar",8,4.7,"03202-4507308","dr..sharif.ullah.jan465@diagnoai.com","H No 16, Street No 2, Sector J-3, Phase-II, Hayatabad, Peshawar.  Hayatabad , Peshawar"
"Dr. RIAZ AHMAD","Intensive Care","Tarbela",9,3.6,"03641-9000147","dr..riaz.ahmad323@diagnoai.com","WAPDA HOSPITAL                  TOPI ROYAL MEDICAL/HAMZA HOSPITAL GHAZI , Tarbela"
"Dr. Farhan Amsari","Child Specialist","Islamabad",8,4.9,"03993-6094775","dr..farhan.amsari664@diagnoai.com","Maroof International Hospital                Feral Capital Area, Pakistan   F-10 Markaz , Islamabad"
"Dr.Khusro Sultana","Gynecologists","karachi",8,4.6,"03452-6435662","dr.khusro.sultana557@diagnoai.com","HILL PARK GENRAL HOSPITAL                SHAHEED E MILLAT ROAD,KARACHI.  SHAHEED E MILLAT ROAD , karachi"
"Dr. Ahsan Riaz","Hair Transplant","Lahore",7,4.1,"03652-7542182","dr..ahsan.riaz893@diagnoai.com","Plasthetics                22-G Johar Town,Lahore   , Lahore"
"Dr. Imran Aheer","General Physician","Lahore",16,4.2,"03421-6664756","dr..imran.aheer893@diagnoai.com","G.P Clinic                College Road PCSIR A Block Near Sheraz Town  Kareem Chowk College Road , Lahore"
"Dr Shahid Mahmood Malik","Cardiologists","Lahore",16,4.6,"03903-4455524","dr.shahid.mahmood.malik129@diagnoai.com","Ittefaq Hospital (Trust)                Near H- Block, Model Town, Lahore.  Model Town , Lahore"
"Dr. Ahsan Akhtar Khan","Orthopedics","Rawalpindi",24,4.6,"03948-5773270","dr..ahsan.akhtar.khan4@diagnoai.com","Nisar Hospital, Charing cross Rawalpindi                    , Rawalpindi"
"Dr. BAKHT Aziz","ENT Specialist","Lahore",8,4.1,"03298-3247346","dr..bakht.aziz141@diagnoai.com","Defence Medical Group (DHA)                Dr.bakht aziz Assistant professor Consultant ENT and Head & Neck surgeon Mayo hospital lahore.   DHA , Lahore"
"Dr. Salman mansoor","Skin Specialists | Dermatologists","karachi",11,4.9,"03774-6453294","dr..salman.mansoor574@diagnoai.com","SKIN  HAIR  NAIL & COSMETIC SURGERY                DHA Medical Centre  P-38 / A, 10th Street,  Phase-VI, DHA,   Khayaban-e-Rahat , karachi"
"Dr Abdul Hameed","Skin Specialists | Dermatologists","Lahore",19,4.1,"03584-2477286","dr.abdul.hameed836@diagnoai.com","Fatima Memorial Hospital                Main Boulevard, Phase 2, Shadman, Lahore.  Shadman , Lahore"
"Dr.BILAL MALIK","Physiotherapist","Islamabad",4,4.8,"03398-5203953","dr.bilal.malik261@diagnoai.com","REHAB SPIRITS.USA Based Home Physio Company                  F-11  , Islamabad"
"Dr. Ahmad Yar Qadri","Homoeopathic general physician","Okara",7,4.6,"03674-4846020","dr..ahmad.yar.qadri211@diagnoai.com","Ahmad Homoeopathic Clinic                Main Gulshan E Fatima   , Okara"
"Dr. Kamal Saleem","Cardiologists","Rawalpindi",22,3.6,"03442-4374619","dr..kamal.saleem259@diagnoai.com","Armed Forces Institute of Cardiology                Peshawar Rd, Rawalpindi.  Peshawar Rd , Rawalpindi"
"Maj. Muhammad Afsheen Iqbal","Cardiologists","Rawalpindi",6,3.7,"03506-1757003","maj..muhammad.afsheen.iqbal654@diagnoai.com","109/1, St-1, Race Course Road, Rawalpindi.  Westridge , Rawalpindi"
"Dr. Rasheed ali","Diabetologists","Islamabad",17,4.3,"03102-2136639","dr..rasheed.ali233@diagnoai.com","Ali Medical Center                  H-8 , Islamabad"
"Dr. Syed Nazir Hussain","Cardiologists","karachi",12,4.6,"03373-5924691","dr..syed.nazir.hussain287@diagnoai.com","TO Clinic                Kaneez fatima society block # 2 House no R-10, Row-F  Gulshan-e-Iqbal , karachi"
"Assistant Professor Dr Junaid Javaid","Orthopaedics","Rawalpindi",6,4.8,"03680-2988019","assistant.professor.dr.junaid.javaid988@diagnoai.com","Maryam memorial Hospital                Bahria town  civic centre phase 3 bahria town , Rawalpindi"
"Dr. Syed Salahuddin Babur","Psychiatrist","Islamabad",13,5,"03198-9637175","dr..syed.salahuddin.babur658@diagnoai.com","Salahuddin Babur Mntal Health Services                   , Islamabad"
"Dr. Muhammad Ali Randhawa","Physiotherapist","Rawalpindi",14,4.7,"03549-2929875","dr..muhammad.ali.randhawa412@diagnoai.com","Physiotherapy and Health Clinic                Westridge, Rawalpindi , Pakistan.  Westridge , Rawalpindi"
"Dr. Imran Ghafoor (PT)","Physiotherapist","Islamabad",3,3.5,"03957-3379702","dr..imran.ghafoor..pt.819@diagnoai.com","Social security hospital                   I-12 , Islamabad"
"Dr. Asif Mahmood Janjua","Cardiologists","Rawalpindi",22,4.4,"03450-2142951","dr..asif.mahmood.janjua771@diagnoai.com","Armed Forces Institute of Cardiology                Peshawar Rd, Rawalpindi.   Peshawar Rd , Rawalpindi"
"Dr Nasreen Chaudhary","Gynecologists","karachi",18,4.6,"03412-7534389","dr.nasreen.chaudhary797@diagnoai.com","The Aga Khan University Hospital                 Aga Khan Consulting Clinic 4, Stadium Road, Karachi.   Stadium Road , karachi"
"Dr. Muhammad Azeem","Consultant Radiologist","Lahore",8,4.5,"03167-5632418","dr..muhammad.azeem906@diagnoai.com","Khair ul Bria Diagnostic centre                Feroz pur road lahore  Near LGH LAHORE , Lahore"
"Dr. Asghar Aurangzeb Durrani","Medical Specialist","Rawalpindi",7,3.6,"03811-2812365","dr..asghar.aurangzeb.durrani184@diagnoai.com","Iftikhar Eye Hospital                184-A-I, Sirsyed Road, Rawalpindi.   Sirsyed Road , Rawalpindi"
"Dr. Javed Hayat","Cardiologists","Islamabad",5,4.6,"03879-7522204","dr..javed.hayat860@diagnoai.com","Shifa International Hospital                 Pitras Bukhari Road, H-8/4, Islamabad.   H-8 , Islamabad"
"Dr. Jansher Mansoori Panu","Physiotherapist","Gujranwala",24,4.8,"03629-8331753","dr..jansher.mansoori.panu957@diagnoai.com","Medcare Physiotherapy & Sports Injuriea Clinic                Gill road, Gujranwala  Medcare international hospital gill road , Gujranwala"
"Dr. Sumera Nazeer","Gynecologists","Rawalpindi",24,4.6,"03109-7954918","dr..sumera.nazeer722@diagnoai.com","Al-Rehman Hospital                Gulraiz Phase III, Near Margala Dental College, Rawalpindi.  Gulrez Phase III , Rawalpindi"
"Dr. Naveed Ali Bahadur","Pulmonalogy","Multan",5,4.8,"03456-3183821","dr..naveed.ali.bahadur616@diagnoai.com","Alkhaliq Patient care                Nishter Road   , Multan"
"Dr.Muhammad Ahmad","General Physician","Lahore",5,4.1,"03197-1124861","dr.muhammad.ahmad243@diagnoai.com","Ahmad Clinic                Near haveli Mian yousaf salah uddin chowk baroof khana walled city pani wala talab Lahore.   Allam Iqbal Town , Lahore"
"Professor of ENT Dr. M. Rafique Gooda","ENT Specialist","karachi",24,4.7,"03658-9214568","professor.of.ent.dr..m..rafique.gooda137@diagnoai.com","Patel Hospital                ST-18, Block-4 , Gulshan-e-Iqbal, Karachi.  Gulshan-e-Iqbal , karachi"
"Dr Obaid Ur Rehman","Skin Specialists | Dermatologists","Lahore",3,3.7,"03178-8651154","dr.obaid.ur.rehman22@diagnoai.com","Obaid-ur-Rehman 4_Mozang Road, Lahore.   Mozang  , Lahore"
"Dr. Talal Sherazee","General Practitioner","Rawalpindi",24,5,"03506-1032069","dr..talal.sherazee469@diagnoai.com","OPD Complex                Jhelum Road, Near Bahria Phase VIII Gate, Sawan , Rawalpindi.  Sawan , Rawalpindi"
"Dr. Rehana Abdul Sattar","Gynecologists","Pakistan.   Daska",14,4.9,"03904-8094398","dr..rehana.abdul.sattar2@diagnoai.com","Fatima Medical Complex                Daska. Circular Road,Sialkot, Punjab, Pakistan.   Daska ,"
"Dr Nuzhat Faruqui","Urologists","karachi",19,3.8,"03525-9097035","dr.nuzhat.faruqui397@diagnoai.com","AKUH Consulting Clinic                AKUH Consulting Clinic, Stadium Road.  Stadium Road , karachi"
"Dr Zeenat Eva Khan","Gynecologists","karachi",19,4,"03171-9448121","dr.zeenat.eva.khan37@diagnoai.com","National Medical Centre                 A-5/A, National Highway, Phase 1, Defence Housing Authority,Near Kala Pul, Karachi.   DHA  , karachi"
"Dr. M. Adnan Masood","Medicine","Sargodha",18,4.4,"03426-1963819","dr..m..adnan.masood317@diagnoai.com","Niazi Medical Complex VIP Block                   , Sargodha"
"Dr Yousuf Khatri","Diabetologists","karachi",21,4.2,"03355-5432068","dr.yousuf.khatri13@diagnoai.com","National Medical Centre                Korangi Road, Phase 1, DHA, Karachi.  DHA  , karachi"
"Dr. Ahsan Waheed Rathore","Child Specialist","Lahore.  Shadman Road",22,5,"03920-5896698","dr..ahsan.waheed.rathore422@diagnoai.com","Fatima Memorial Hospital                Shadman Rd, Lahore.  Shadman Road ,"
"Prof.Dr. Mohammed Mohsin","Pain management and Medical Acupuncture","Lahore",10,4,"03662-4031003","prof.dr..mohammed.mohsin300@diagnoai.com","MEDEX CLINICS                251-G1 ,Johar Town ,Lahore  Johar Town , Lahore"
"Dr Ayesha Latif Sorathia","Diabetologists","karachi",3,4.9,"03780-8918076","dr.ayesha.latif.sorathia920@diagnoai.com","OMI Hospital                Kiyani Shaheed Road, Gazdarabad, Karachi.   Gazdarabad , karachi"
"Dr. Sanjeeda Begum","Gynecologists","Rawalpindi",22,3.8,"03261-1331582","dr..sanjeeda.begum614@diagnoai.com","Al Rehman Maternity & Surgical Centre                71/C, Satellite Town, Chara Road, Rawalpindi.  Satellite Town , Rawalpindi"
"Dr. Muhammad Nafees Raza","Dentist","Rawalpindi",7,3.9,"03299-5459888","dr..muhammad.nafees.raza743@diagnoai.com","Pak Asia Dental Care                B-335, Choti Market, Back Side Sweet Palace, Commercial Market, Satellite town, Rawalpindi.  Satellite town , Rawalpindi"
"Dr. Maria Ali Syed","Dentist","Rawalpindi",21,4.9,"03836-2969838","dr..maria.ali.syed616@diagnoai.com","Margalla Dental Hospital                Prosthodontics DepartmentQuaid-e-Azam Avenue, Gulrez Phase III, Rawalpindi.  Gulrez Phase III , Rawalpindi"
"Dr Ayesha Azam Khan","Gynecologists","Lahore",5,3.9,"03980-6764316","dr.ayesha.azam.khan100@diagnoai.com","National Hospital                Defence Housing Authority, Lahore.  DHA , Lahore"
"Dr. Zulkifal Awan","ENT Specialist","Rawalpindi",18,3.8,"03227-3532000","dr..zulkifal.awan574@diagnoai.com","Islamabad ENT Clinic                Shop # 13, Huma Plaza, Fazal-e-Haq Road, (Opp. Polyclinic Hospital), Islamabad.  Fazal-e-Haq Road , Rawalpindi"
"Dr Brig(r) Abrar Hussain Zaidi","General","Rawalpindi",4,4.7,"03825-4369156","dr.brig.r..abrar.hussain.zaidi642@diagnoai.com","HIT_Taxila                Museum Road -Taxila  Taxila Cantt , Rawalpindi"
"Dr. kashif","Radiologist","karachi",19,4.7,"03298-7080083","dr..kashif499@diagnoai.com","huski clinic                  saddar , karachi"
"Dr. Usman Habib","General Practitioner","Rawalpindi",12,3.6,"03999-9422993","dr..usman.habib71@diagnoai.com","Basharat Hospital                Near Defence Chowk, Opp. Al-Shifa Trust Eye Hostipal, Jelum Road, Rawalpindi.  Near Defence Chowk , Rawalpindi"
"Dr Rana Nizam Jamili","Gynecologists","karachi",15,4.7,"03352-4119766","dr.rana.nizam.jamili422@diagnoai.com","National Medical Centre                A-5/A, National Highway, Phase 1, Defence Housing Authority,Near Kala Pul, Karachi.  DHA , karachi"
"Dr Raheela Mohsin","Gynecologists","karachi",23,3.7,"03927-8178191","dr.raheela.mohsin636@diagnoai.com","The Aga Khan University Hospital                 Akuh Consulting Clinic 4, Stadium Road, Karachi.  Stadium Road , karachi"
"Dr. Hayat Ali Yousefzai","psychologist","karachi",7,3.7,"03597-7249688","dr..hayat.ali.yousefzai715@diagnoai.com","Ziauddin University Hospital                Plot No. 33, Behind Kpt Hospital, Keamari,  Karachi, Pakistan.  Ph:(9221) 32851881-5   , karachi"
"Dr. Khurram Tahir","Dentist","Islamabad",20,4.8,"03131-1488291","dr..khurram.tahir728@diagnoai.com","American Dental Clinic                Unit # 5, Chaudhary Yaqub Plaza, F-10 Markaz, Islamabad.  F-10 , Islamabad"
"Dr. Khuda Bux Shaikh","Cardiologists","Islamabad",22,4.2,"03698-4282015","dr..khuda.bux.shaikh591@diagnoai.com","Bunglow No. 166, Block-F, Citizen Colony, Rawalpindi.+9251-9271002  Citizen Colony , Islamabad"
"Prof. Dr. C.M. Anwar","Child Specialist","Rawalpindi",15,4.6,"03892-5532436","prof..dr..c.m..anwar374@diagnoai.com","Anwar Hospital                1-Javed Lane, Near Feroze Sons / Old Supreme Court, Peshawar Road, Rawalpindi.  Peshawar Road  , Rawalpindi"
"Dr. Jamshaid Gulzar","Child Specialist","Rawalpindi",17,4.4,"03457-3965079","dr..jamshaid.gulzar545@diagnoai.com","Bilal Hospital                38-A, Satellite Town, Sadiqabad Road, Rawalpindi.  Satellite Town , Rawalpindi"
"Dr Mohammad Owais Farooqui","Gynecologists","Lahore",15,4,"03487-5339121","dr.mohammad.owais.farooqui913@diagnoai.com","Ammar Medical Complex                8-Haroon Shah Scheme, Main Jail Road, Lahore.  Main Jail Road , Lahore"
"Maj Gen (R) Prof Dr. Asif Ali Khan HI (M)","Cardiac Surgeon","Rawalpindi",10,3.7,"03294-6212695","maj.gen..r..prof.dr..asif.ali.khan.hi..m.17@diagnoai.com","Premium Diagnostic & Premium Clinic                 8/A Akbar Road Romi line Rawalpindi  The Mall Road , Rawalpindi"
"Dr Mohammad Shahab Ghani","Plastic & Aesthetic Surgeon","karachi",8,4.8,"03220-4267652","dr.mohammad.shahab.ghani612@diagnoai.com","Liaquat National Hospital                National Stadium Road, Essa Nagri, Karachi .   , karachi"
"Dr. Javed Akhtar","Pain Management","Lahore",6,4.1,"03315-6016518","dr..javed.akhtar426@diagnoai.com","Hassan medical center                 Dha and Iqbal park Lahore cantt   Lahore cantt , Lahore"
"Dr Daulat Pinjani","Skin Specialists | Dermatologists","karachi",22,4.9,"03922-6405783","dr.daulat.pinjani457@diagnoai.com","Taj Medical Complex                M. A. Jinnah Road, Jacob Lines, Karachi.  Jacob Lines , karachi"
"Dr. Osama Ishtiaq","Diabetologists","Islamabad",18,4.5,"03644-8825114","dr..osama.ishtiaq603@diagnoai.com","Shifa International Hospital                Shifa International Hospital, Pitras Bukhari Road, H-8/4, H-8, Islamabad.  H-8 , Islamabad"
"Dr. Zafar Ahmed","ENT Specialist","Rawalpindi",16,4.9,"03468-7644715","dr..zafar.ahmed634@diagnoai.com","Iftikhar Eye Hospital                ENT and Head & Neck Surgery Department184-A-I, Sirsyed Road, Rawalpindi.  Sirsyed Road , Rawalpindi"
"Dr. Haresh Kumar","paediatrics","karachi",17,4.5,"03507-6162901","dr..haresh.kumar951@diagnoai.com","Naila maternity and general hospital shah faisal colony                near shama shopping center  shah faisal colony , karachi"
"Dr mujahid hasnain kathia","Pediatricians","Lahore",3,3.7,"03110-8987131","dr.mujahid.hasnain.kathia131@diagnoai.com",", Lahore"
"Dr. Imtiaz Ahmed Chaudhry","Cardiologists","Rawalpindi",23,3.9,"03336-2280407","dr..imtiaz.ahmed.chaudhry770@diagnoai.com","Armed Forces Institute of Cardiology                Peshawar Rd, Rawalpindi.   Peshawar Rd , Rawalpindi"
"Dr. Abdul Ghaffar","General Physician","Rawalpindi",4,3.5,"03607-6611879","dr..abdul.ghaffar526@diagnoai.com","Rahat Hospital                Main Service Road, Shkriyal, Near Khana Pul, Rawalpindi.   Shkriyal , Rawalpindi"
"Dr. Adeel Masoud","Pediatrician","Lahore",8,4.2,"03653-3183084","dr..adeel.masoud118@diagnoai.com","Raamay Clinic                Ali View Garden,Bedian Road,Nadirabad  Lahore Cantt , Lahore"
"Dr. Tariq Niaz","Skin Specialists | Dermatologists","Lahore",9,4.5,"03204-2577615","dr..tariq.niaz457@diagnoai.com","SKIN IMAGE                127 B1 Near Allah Hu Chowk   Johar Town , Lahore"
"Consultant Dermatologist Brig Asher A Mashhood","Dermatologist","Peshawar",10,3.6,"03388-1704889","consultant.dermatologist.brig.asher.a.mashhood926@diagnoai.com","Combined Military Hospital                  Mall Road , Peshawar"
"Dr. Mohsin Butt","Child Specialist","Rawalpindi",3,4.2,"03341-1234654","dr..mohsin.butt601@diagnoai.com","Pediatrician Valey Clinic                  Peshawar Road , Rawalpindi"
"Dr. Saqiba","psychologist","bahria town phase 7 Rawalpindi.  Alipure",22,4.6,"03155-9236121","dr..saqiba487@diagnoai.com","Health Aid                internik  plaza,spring north, bahria town phase 7 Rawalpindi.  Alipure ,"
"Dr. Aqeel Sadiq","Homoeopathic general physician","Gujranwala",7,4.2,"03748-5027076","dr..aqeel.sadiq605@diagnoai.com","Emaan Homoeopathic clinic                street No 7  Noor Bawa  , Gujranwala"
"Col. (R) Dr. Muhammad Afzal","Child Specialist","Islamabad",19,4.4,"03146-9164856","col...r..dr..muhammad.afzal401@diagnoai.com","Quaid-e-Azam International Hospital                Paediatrician Department Near Golra Mor, Adjacent Forebels School, Peshawar Road, Islamabad.  Peshawar Road , Islamabad"
"Dr. Sohail Najmi","General physician/ practitoner.","Lahore",16,4.1,"03111-3592799","dr..sohail.najmi510@diagnoai.com","Najmi's Health Center                736 - Nargis Block Allama Iqbal Town   , Lahore"
"Dr. Marrium Zakri","General Physician","Rawalpindi",18,4.5,"03995-4091530","dr..marrium.zakri505@diagnoai.com","apple                main 6 road   Haq Clinic 6 Road  , Rawalpindi"
"Dr. Usamah Mahmood","Dentist","Rawalpindi",8,4.2,"03778-8773544","dr..usamah.mahmood85@diagnoai.com","Anas Medical & Dental Centre                Clinic: Chandni Chowk, Murree Road, Rawalpindi.  Chandni Chowk , Rawalpindi"
"Professor Dr.Mashoor Alam Shah","Diabetologist","karachi",3,4.3,"03756-4217869","professor.dr.mashoor.alam.shah850@diagnoai.com","Hill Park General Hospital                   Shaheed Milta Road  , karachi"
"Dr. Qaisar Shehzad Humayoon","Child Specialist","Rawalpindi",6,4.4,"03174-2327049","dr..qaisar.shehzad.humayoon857@diagnoai.com","Qaisar Clinic, Sardar Alam Khan Road, Rawalpindi.  Alam Khan Road , Rawalpindi"
"Dr. Syed Salahuddin Babur","General Physician","Islamabad",11,3.9,"03802-9385748","dr..syed.salahuddin.babur480@diagnoai.com","Maroof International Hospital & Pharmacy                Plot No.7, 10th Avenue.   F-10 Markaz , Islamabad"
"Prof Dr Naseema F. Kapadia","Skin Specialists | Dermatologists","karachi",8,4.6,"03537-6061398","prof.dr.naseema.f..kapadia69@diagnoai.com","Abbasi Shaheed Hospital                Tabish Dehlavi Road, Karachi.  Tabish Dehlavi Road , karachi"
"Dr PROF. GUL MUHAMMAD MEMON","ENT Specialist","Hyderabad",4,3.6,"03780-2825033","dr.prof..gul.muhammad.memon963@diagnoai.com","14/7 Avenue 7 Civil Lines Hyderabad.  Civil Lines  , Hyderabad"
"Dr. Salman","physotherapist","Lahore",16,3.6,"03746-1120601","dr..salman91@diagnoai.com","Salman Physotherapist Clinic                Salman physiotherapist clinic mugalpura lahore  Mughal Pura , Lahore"
"Dr M Sajid Abbas","Diabetologists","karachi",6,3.9,"03707-3109715","dr.m.sajid.abbas884@diagnoai.com","National Medical Centre                ,A-5/A, National Highway,,Near Kala Pul,, Korangi Road, Karachi.  DHA  , karachi"
"Dr. Fahad Naeem","Dentist","Rawalpindi",3,4.1,"03452-2943916","dr..fahad.naeem406@diagnoai.com","The Dental Practice                First Floor, Capital Trade Centre, F-10 Markaz, Islamabad.   F-10 Markaz , Rawalpindi"
"Brig (R) Prof. Dr. Muhammad Iqbal","Gastroenterology","Islamabad",21,4.7,"03838-2808579","brig..r..prof..dr..muhammad.iqbal811@diagnoai.com","Quaid-e-Azam International Hospital                G.I DepartmentNear Golra Mor, Adjacent Forebels School, Peshawar Road, Islamabad.  Near Golra Mor , Islamabad"
"Dr. Ijaz Abid","Medical Specialist","Islamabad",23,4.9,"03319-5922555","dr..ijaz.abid708@diagnoai.com","Quaid-e-Azam International Hospital                Medical DepartmentNear Golra Mor, Adjacent Forebels School, Peshawar Road, Islamabad.  Golra Mor , Islamabad"
"Dr. Shaiza Saleem","Gynecologists","Multan",18,4.3,"03682-6967393","dr..shaiza.saleem26@diagnoai.com","Home                Street No 4   Ameerabad , Multan"
"Dr Azra Amerjee","Gynecologists","karachi",23,3.9,"03440-2686972","dr.azra.amerjee655@diagnoai.com","The Aga Khan University Hospital                 Consulting Clinic 4, Stadium Road, Karachi.  Stadium Road , karachi"
"Homeopathic Dr. Amjad Hussain","Homeopathic Doctor","Faisalabad",24,4.5,"03664-1940723","homeopathic.dr..amjad.hussain713@diagnoai.com","Sunny Homeopathic clinic                202 RB, Bhai wala,  Chenab road , Faisalabad"
"Dr Seema Y. Zia","Skin Specialists | Dermatologists","karachi",24,4.4,"03801-9004853","dr.seema.y..zia202@diagnoai.com","Ziauddin Medical University Hospital                4/B, Shahrah-e-Ghalib, Block 6, Clifton, Karachi.  Clifton , karachi"
"Dr. Umar ahad","Dental surgeon","Ahad dental clinic",3,3.9,"03181-8941521","dr..umar.ahad240@diagnoai.com","Ahad dental clinic                   ,"
"Dr. Ajmal Rashid","Skin Specialists | Dermatologists","karachi",20,3.8,"03926-3726386","dr..ajmal.rashid348@diagnoai.com","BOULEVARD HOSPITAL                NEAR TOYOTA MOTORS KORANGI ROAD KARACHI  KORANGI ROAD , karachi"
"Dr Saadia Usman","Gynecologists","Lahore",24,4,"03226-3196220","dr.saadia.usman771@diagnoai.com","Fatima Memorial Hospital                Main Boulevard, Phase 2, Shadman, Lahore.  Shadman  , Lahore"
"Dr Fazal e Rabi","Cardiologists","karachi",19,4.3,"03581-3359197","dr.fazal.e.rabi312@diagnoai.com","National Medical Centre                NA-5/A, National Highway, Phase 1, Defence Housing Authority,Near Kala Pul, Karachi.  DHA , karachi"
"Dr Shahid Iqbal Burewala","General Surgeon","Bahawalpur",17,4.3,"03738-6129701","dr.shahid.iqbal.burewala365@diagnoai.com","Shahid Surgical Complex                 House No 22-G Ghalla Mandi Burewala.  Ghalla Mandi , Bahawalpur"
"Dr. Syed Nasir Abbas","Oncologist","Lahore",22,4.1,"03719-4931672","dr..syed.nasir.abbas943@diagnoai.com","Masood hospital                Near kalma chok. Lahore   New Garden Town , Lahore"
"ATTIYA SHAIKH","Dentist","karachi",9,4,"03411-4392913","attiya.shaikh714@diagnoai.com","The Aga Khan University Hospital                 Clifton Medical Services, Karachi.    Clifton , karachi"
"Dr. Masood Qadir Sheikh","Dentist","Rawalpindi",9,4.4,"03201-9138980","dr..masood.qadir.sheikh759@diagnoai.com","Rehman Dental Clinic                Madni Tower, Chaklala Scheme III, Rawalpindi.  Chaklala Scheme III , Rawalpindi"
"Dr Muhammad Usman Khan","Urologists","Lahore",23,4,"03185-2989894","dr.muhammad.usman.khan316@diagnoai.com","Shaukat Khanum Memorial Cancer Hospital and Research Centre                7A Block R-3M.A. Johar Town, Lahore.  Johar Town , Lahore"
"Dr. Raja Tariq Mahmood","Child Specialist","Rawalpindi",21,3.7,"03201-3321987","dr..raja.tariq.mahmood409@diagnoai.com","Basharat Hospital                Near Defence Chowk, Opp. Al-Shifa Trust Eye Hostipal, Jehlum Road, Rawalpindi.  Jehlum Road , Rawalpindi"
"Dr. Nayab Farooq Khan","Dentist","Islamabad",14,3.8,"03903-1097377","dr..nayab.farooq.khan300@diagnoai.com","Quaid-e-Azam International Hospital                Dental Department Near Golra Mor, Adjacent Forebels School, Peshawar Road, Islamabad.  Near Golra Mor , Islamabad"
"Dr. Mohammad Jamil","General Practitioner","Rawalpindi",23,4.9,"03395-8859014","dr..mohammad.jamil359@diagnoai.com","Ahmad Medical Complex                Emergency OPD.70-C Satellite Town, Sadiqabad Road, Rawalpindi.  Satellite Town , Rawalpindi"
"Dr Prof Jamal Ara","Diabetologists","karachi",16,3.8,"03615-9642441","dr.prof.jamal.ara392@diagnoai.com","National Medical Centre                A-5/A, National Highway, Phase 1, Defence Housing Authority,Near Kala Pul, Karachi.  DHA , karachi"
"Dr Ashfaq Ahmed","Gastroenterology","karachi",18,4.6,"03334-6808565","dr.ashfaq.ahmed558@diagnoai.com","The Aga Khan University Hospital                 Consulting Clinics (JHS Building -Second Floor). Stadium Road, Karachi.  Stadium Road , karachi"
"Dr Asma Ahmed","Diabetologists","karachi",15,4.4,"03711-2645184","dr.asma.ahmed598@diagnoai.com","Aga Khan University Hospital,                Stadium Road, Karachi.  Stadium Rd , karachi"
"Dr. Tariq Medical Centre","Orthopaedics","Rawalpindi",8,4.3,"03494-3349899","dr..tariq.medical.centre397@diagnoai.com","TARIQ MEDICAL CENTRE                asghar mall road   , Rawalpindi"
"Dr. Aamna Abid","General Practitioner","Rawalpindi",17,4.2,"03349-2642800","dr..aamna.abid936@diagnoai.com","Family Care                   , Rawalpindi"
"Dr Mujeeb","ENT Specialist","Lahore",24,4.1,"03124-7241377","dr.mujeeb126@diagnoai.com","Dr. Mujeeb's ENT Clinic                37-B, Gulberg 2, Lahore, Pakistan, Lahore.  Gulberg II , Lahore"
"Dr Murad Moosa Khan","Psychiatrist","karachi",20,4.3,"03166-6929771","dr.murad.moosa.khan588@diagnoai.com","AKUH Consulting Clinic                Stadium Road, Karachi.  Stadium Road , karachi"
"Dr Rafia Irum","Radiologist","Lahore",23,4.3,"03859-1541559","dr.rafia.irum326@diagnoai.com","IQRAA Medical Complex                 IQRAA Medical Complex Akbar Chowk   Johar Town , Lahore"
"Dr Shahid Kamal","Diabetologists","karachi",20,4.1,"03959-5339290","dr.shahid.kamal606@diagnoai.com","National Medical Centre                A-5/A, National Highway, Near Kala Pul,, Korangi Road, Karachi.  DHA , karachi"
"Dr. Raja Asif Ali","General physician/ practitoner.","Abbottabad",6,3.5,"03469-2328746","dr..raja.asif.ali371@diagnoai.com","Zohara Medical centre                 Behind shafique medical centre   College road mandian , Abbottabad"
"Dr. Imran Anwar","Dentist","Rawalpindi",5,4.1,"03261-2121330","dr..imran.anwar244@diagnoai.com","Iftikhar Eye Hospital                184-A-I, Sirsyed Road, Rawalpindi.  Sirsyed Road , Rawalpindi"
"Prof. Dr. Muhammad Tariq","ENT Specialist","Lahore",18,4.3,"03291-5720157","prof..dr..muhammad.tariq306@diagnoai.com","Raza Medical Complex                Jaild Road Lahore   , Lahore"
"Dr. Saeed Mustafa","Dentist","Islamabad",16,3.7,"03709-1115074","dr..saeed.mustafa992@diagnoai.com","Capital Dental Clinic                 F-4, First Floor Sardar Arcade, Near Bank Alfalah, G-11 Markaz, Islamabad.    G-11  , Islamabad"
"Dr. Amin-ur-Rahman","Dentist","Islamabad",6,3.7,"03851-8175282","dr..amin.ur.rahman325@diagnoai.com","Amin Dental Surgery                 1st Floor Office # 13, Golden Plaza, G-11 Markaz, Islamabad.  G-11  , Islamabad"
"Dr. Ahla Malik","Psychiatrist","karachi",18,4.2,"03610-2363388","dr..ahla.malik79@diagnoai.com","Cooper Consultants Clinic                F-61 / 9, Block 4, Kehkashan Clifton, Karachi 021-35370671–4, 0316-2113800  Clifton  , karachi"
"Dr. Salman Ahmad Shah","Cardiologists","Lahore",12,4.4,"03553-4183719","dr..salman.ahmad.shah169@diagnoai.com","Children Hospital                Ferozpur Road, Lahore   , Lahore"
"Dr. Adeel Tahir","Dentist","Islamabad",16,3.9,"03703-4846783","dr..adeel.tahir310@diagnoai.com","Margalla Dental Hospital                Operative Dentistry / Oral Biology DepartmentQuaid-e-Azam Avenue, Gulrez Phase III, Rawalpindi.  Gulrez Phase III , Islamabad"
"Dr. Uzma Sharif","General Practitioner","Islamabad",10,3.7,"03929-3985614","dr..uzma.sharif853@diagnoai.com","OPD Complex                Jhelum Road, Near Bahria Phase VIII Gate, Sawan, Rawalpindi.  Sawan , Islamabad"
"Dr. Sadia Shakil","Psychotherapist","Islamabad",13,3.6,"03910-3710410","dr..sadia.shakil498@diagnoai.com","Bee Well                  Blue Area, DHA-1 , Islamabad"
"Dr. Nadeem Zia","Oncologist","Lahore",21,4.7,"03686-7471205","dr..nadeem.zia377@diagnoai.com","Naz Hospital                Opp. Lahore Central Jail  Shadman , Lahore"
"Dr Mohammad Hasanat Sharif","Cardiologists","karachi",20,3.7,"03523-3473781","dr.mohammad.hasanat.sharif260@diagnoai.com","Aga Khan University Hospital                CC Nazerali Walji-1, Stadium Road. Karachi.  Walji-1 , karachi"
"Dr. Saeeda Malik","Gynecologists","karachi",4,4.4,"03712-7823329","dr..saeeda.malik938@diagnoai.com","South City Hospital                 Street 1, Block 3, Sharah-e-Firdous, Clifton, Karachi.  Clifton , karachi"
"Dr. Inamullah Shah","Surgery","Rawalpindi",8,4.4,"03690-9201025","dr..inamullah.shah666@diagnoai.com","Iftikhar Eye Hospital, Near Punjab House                DHA Phase 1  Fauji Foundation Hospital , Rawalpindi"
"Dr. Masoor Hussain Malik","Urologists","Rawalpindi",3,4,"03935-6715975","dr..masoor.hussain.malik288@diagnoai.com","Hayat Wali Hospital                Asgharmall  Asgharmall road , Rawalpindi"
"Dr. Khalid Mahmood","General","Lahore",21,4.5,"03218-1480055","dr..khalid.mahmood1@diagnoai.com","CMH Lahore                Abdul Rehman Road  Lahore Cantt , Lahore"
"Dr. ZAHOOR AHMAD AWAN","Medical Specialist","Rawalpindi",18,4.6,"03654-5429087","dr..zahoor.ahmad.awan431@diagnoai.com","maryam memorial hospital                peshawar road   , Rawalpindi"
"Dr. Azhar Nasir Mian","General Surgeon","Sialkot.  Lalazar Chowk",13,4.6,"03918-9821647","dr..azhar.nasir.mian756@diagnoai.com","Dr. Azhar Nasir Mian Clinic                Lalazar Chowk, Commissioner Road, Sialkot.  Lalazar Chowk ,"
"Dr Samrina Hashmi","Gynecologists","karachi",3,4.5,"03979-2028286","dr.samrina.hashmi184@diagnoai.com","Noor Hospital                Plot S.T. 11, block 19, Alnoor Society.  Federal B Area , karachi"
"Dr Jamsheer Talati","Urologists","karachi",19,4.4,"03454-7910940","dr.jamsheer.talati767@diagnoai.com","Aga Khan University Hospital                JHS Building 1st Floor, A.K.U.H., Stadium Road.  Stadium Road , karachi"
"Dr.Aslam Parvez","Skin Specialists | Dermatologists","Lahore",14,4.6,"03736-9055498","dr.aslam.parvez419@diagnoai.com","22-E Mushtaq Ahmed Gurmani Rd, Lahore.  Gurmani Rd , Lahore"
"Dr Mudasser Iqbal Dar","Cardiologists","karachi",22,3.9,"03427-9664470","dr.mudasser.iqbal.dar600@diagnoai.com","National Medical Centre                A-5/A, National Highway, Near Kala Pul, Korangi Road, Karachi.  DHA , karachi"
"Dr. Ihtasham Mohammad Chaudhary","General Surgeon","Rawalpindi",17,4,"03339-5070497","dr..ihtasham.mohammad.chaudhary937@diagnoai.com","Ahmad Medical Complex                Surgery Department. 70-C Satellite Town, Sadiqabad Road, Rawalpindi.  Satellite Town , Rawalpindi"
"Dr. Muhammad Haroon","Intensive Care","Islamabad",17,3.6,"03401-9882124","dr..muhammad.haroon359@diagnoai.com","Maxhealth hospital                 Main Road G8   G-8 markaz , Islamabad"
"DR Muhammad Qamar Mubir Sheikh","General Practitioner","NAZIR FATIMA CLINIC                  CHURCH ROAD",4,4,"03736-7044295","dr.muhammad.qamar.mubir.sheikh765@diagnoai.com","NAZIR FATIMA CLINIC                  CHURCH ROAD ,"
"Dr. Shahzad Riyaz","General Physician","Islamabad",16,4.8,"03441-7747418","dr..shahzad.riyaz486@diagnoai.com","Shifa International Hospital                  H-8 , Islamabad"
"Dr. Soban Sarwar Gondal","Neurosurgeon Consultant/Specialist","Rawalpindi",9,3.8,"03388-6069361","dr..soban.sarwar.gondal666@diagnoai.com","Jinnah Memorial Hospital                 2-A Civil lines, opposite punjab house, Rawalpindi  Rawalpindi , Rawalpindi"
"Dr. Abid Hussain","Dentist","Islamabad",17,4.2,"03908-8191724","dr..abid.hussain725@diagnoai.com","Dental Art                1st Floor Office # 1, Ghulam Rasool Plaza Opp. Excel Lab, Fazal-e-haq Road, Blue Area, Islamabad.   Blue Area , Islamabad"
"Dr. Zakir Ahmad","Skin Specialists | Dermatologists","Peshawar",16,4.3,"03404-3574219","dr..zakir.ahmad45@diagnoai.com","Khyber Medical Centre                Dabgari Garden, Peshawar.  Dabgari Garden , Peshawar"
"Dr. M Adeel Alam Shah","Family physician and Sonologist","Family polyclinic Faisalabad                 Sadder Bazaar mansoorabad Street no 1   Jhumra Road",20,3.5,"03424-2044512","dr..m.adeel.alam.shah503@diagnoai.com","Family polyclinic Faisalabad                 Sadder Bazaar mansoorabad Street no 1   Jhumra Road  ,"
"Dr Muhammad Ashraf Wahla","Child Specialist","Multan",12,3.7,"03787-3823890","dr.muhammad.ashraf.wahla620@diagnoai.com","Zeenat Javed Medical Complx Near Chungi no.6 Bosan Road Multan.  Chungi no.6  , Multan"
"Dr. Humaira Gilani","Skin Specialists | Dermatologists","Peshawar",13,4.8,"03407-1372547","dr..humaira.gilani285@diagnoai.com","Northwest General Hospital & Research Centre                Phase 5, Hayatabad, Peshawar (Near Passport Office).  Hayatabad , Peshawar"
"Dr. Nauman Bari Khan","Dentist","Rawalpindi",23,4.4,"03107-6089759","dr..nauman.bari.khan434@diagnoai.com","Clinic                The Dental Lounge  Gulrez Phase III , Rawalpindi"
"Dr. Farhan Saeed","General","Islamabad",9,4.6,"03651-3220120","dr..farhan.saeed346@diagnoai.com","Medicsi Hospital                 Saudi Pak Tower Blue Area Islamabad.  Blue Area , Islamabad"
"Dr. Masood Sohail","Skin Specialists | Dermatologists","Lahore",21,4,"03417-5066474","dr..masood.sohail649@diagnoai.com","Iqra Medical Complex                 Akbar Chowk , Johar Town, Lahore.  Johar Town , Lahore"
"Dr. Muhammad Akhtar Hunjra","Physiotherapist","Gujranwala",6,4.5,"03692-6617852","dr..muhammad.akhtar.hunjra778@diagnoai.com","Medcare Sports Injuries Clinic                    , Gujranwala"
"Dr. Khurram Kaleem","Dentist","Rawalpindi",19,4,"03692-8508146","dr..khurram.kaleem696@diagnoai.com","Khurram Dental Centre                Hourse # 317, Street # 14, Chaklala Scheme III, Rawalpindi.   , Rawalpindi"
"Dr Saeed Akhtar","Urologists","Islamabad",21,4.6,"03437-7230796","dr.saeed.akhtar760@diagnoai.com","Shifa International Hospital, Pitras Bukhari Road, H-8/4, H-8, Islamabad.  H-8 , Islamabad"
"Dr Muhammad Muneer Amanullah","Cardiologists","karachi",12,4.3,"03222-7286362","dr.muhammad.muneer.amanullah51@diagnoai.com","Aga Khan University Hospital                Consulting Clinic 5, CC Nazerali Walji-2, Karachi.  Stadium Road , karachi"
"Dr. Farrukh Aslam","Plastic & Aesthetic Surgeon","Lahore",12,4.4,"03996-5328553","dr..farrukh.aslam929@diagnoai.com","Laforma Plastic, Cosmetic and Hair Transplant Surgery                 Clinic, 41-B, Johar Town, Lahore.  Johar Town , Lahore"
"Dr Ashraf Yousuf","Cardiologists","karachi",14,4.7,"03246-7620041","dr.ashraf.yousuf826@diagnoai.com","National Medical Centre                A-5/A, National Highway,,Near Kala Pul,, Korangi Road, Karachi.  DHA  , karachi"
"Dr. Muhammad Nabeel","Dentist","Islamabad",18,4.5,"03942-9187710","dr..muhammad.nabeel302@diagnoai.com","Capital Dental Clinic                F 4, First floor darbar arcade, near bank Alfalah,    , Islamabad"
"Dr. Tahir Javed","Dentist","Rawalpindi",23,4.8,"03873-7653180","dr..tahir.javed959@diagnoai.com","Specialist Dental Centre                Saidpur Road, Kali Tanki, Rawalpindi.  Kali Tanki , Rawalpindi"
"Assistant Professor of ENT Dr. Jawad Faisal Malik","ENT Specialist","Islamabad",3,3.9,"03360-7590500","assistant.professor.of.ent.dr..jawad.faisal.malik814@diagnoai.com","Medicsi 2                 Blue plaza.  Near PSO pump  Jinnah Super Market , Islamabad"
"Dr Tahir Saeed Haroon","Skin Specialists | Dermatologists","Lahore",18,4.6,"03317-6110568","dr.tahir.saeed.haroon477@diagnoai.com","Surgimed Hospital                Surgimed Hospital, 1 - Zafar Ali Road, Lahore.  Gulberg 5 , Lahore"
"Dr. Nasir Habib","Internal Medicine","Islamabad",17,4.8,"03382-7828835","dr..nasir.habib583@diagnoai.com","Khayaban Medical Centre                160 A , main Road Khayaban e Sirsyed , sector 1 , near Golden CNG  Khayaban e SirSyed , Islamabad"
"Dr. Ambreen","Orthopedics","karachi",4,3.5,"03478-8243714","dr..ambreen77@diagnoai.com","Aga Khan University Hospital                   , karachi"
"Dr. Muhammad Aslam Chaudhry","Dentist","Islamabad",13,4.3,"03677-8765030","dr..muhammad.aslam.chaudhry705@diagnoai.com","Afqad Dental Surgeons                Clinic 1128, Neelum Road, G-9/4, Islamabad.  G-9 , Islamabad"
"Dr. Shaukat Nawaz","General","Islamabad",21,4.4,"03319-7126027","dr..shaukat.nawaz573@diagnoai.com","Quaid i Azam Hospital                   , Islamabad"
"Dr. Sania Hafeez","Physiotherapist","Gujranwala",23,3.8,"03852-8436500","dr..sania.hafeez875@diagnoai.com","Medcare Physiotherapy and Sports injuries                 Gill road.  Medcare international hospital , Gujranwala"
"Dr. Huma Tasleem","Gynecologists","Islamabad",10,3.6,"03799-1247670","dr..huma.tasleem467@diagnoai.com","Shifa Medical Center                 Savoy Arcade (Next to Standard Chartered Bank),F-11 Markaz, Islamabad.  F-11  , Islamabad"
"Dr Akhter Hussain","Cardiologists","karachi",8,4.4,"03385-4667300","dr.akhter.hussain702@diagnoai.com","National Medical Centre                A-5/A, National Highway, Phase 1, Defence Housing Authority,Near Kala Pul, Karachi.  DHA  , karachi"
"Dr Muhammad Shahab","Dentist","Rawalpindi",6,4.4,"03993-8651459","dr.muhammad.shahab929@diagnoai.com","Wahab Dental And Medical Clinic                B-11/455, A Band Khanna Road, Muslim Town, Rawalpindi.  Muslim Town , Rawalpindi"
"Dr. Adnan Ghafoor Orakzai","Diabetologist","Rawalpindi",4,4.7,"03218-8756965","dr..adnan.ghafoor.orakzai650@diagnoai.com","Attock hospital                   Morgah , Rawalpindi"
"Romina","General Surgeon","N/A",7,4.2,"03436-1535815","romina317@diagnoai.com","N/A"
"Dr. Muhammad Usman Qaiser","Dentist","Rawalpindi",21,4.2,"03318-6932877","dr..muhammad.usman.qaiser866@diagnoai.com","Usman Dental Clinic                BM-34, Shop # 2, Commercial Market, Near Nadara Office, Satellite Town, Rawalpindi.  Satellite Town , Rawalpindi"
"dr shoaib chachu","Child Specialist","N/A",14,4.6,"03490-9901419","dr.shoaib.chachu510@diagnoai.com","N/A"
"Dr. M. Zubair Alauddin.","General Physician","Lahore",5,4.4,"03575-6238442","dr..m..zubair.alauddin.548@diagnoai.com","Punjab cooperative housing society. Ghazi road. Lahore .   Punjab cooperative housing society , Lahore"
"Squadron Leader Dr Arfat Jawaid","ENT Specialist","karachi",20,4.5,"03934-7166964","squadron.leader.dr.arfat.jawaid725@diagnoai.com","PAF Hospital Faisal                Shahrah-e-Faisal, Karachi.   Shahrah-e-Faisal , karachi"
"Dr Nabila Saifi","Gynecologists","karachi",10,4.5,"03906-5631411","dr.nabila.saifi576@diagnoai.com","National Medical Center                 A-5/A, National Highway, Phase 1, Defence Housing Authority,Near Kala Pul, Karachi.    DHA , karachi"
"Dr. Shahzad Naseem","Pediatrician","Lahore",17,3.6,"03637-8317416","dr..shahzad.naseem257@diagnoai.com","sav-on medical center                    , Lahore"
"Dr. Asif Kamal","Skin Specialists | Dermatologists","Rawalpindi",11,4.7,"03239-9270378","dr..asif.kamal95@diagnoai.com","Maryam Memorial Hospital                Dermatology DepartmentPeshawar Road, Rawalpindi.  Peshawar Road , Rawalpindi"
"Dr. Samina Farooq Abbasi","Dentist","Rawalpindi",9,5,"03949-6769054","dr..samina.farooq.abbasi655@diagnoai.com","Wab Dental Surgery                23-A, Railway Scheme III, Near Siddiqu Chowk, Airport Road, Rawalpindi.  Railway Scheme III , Rawalpindi"
"Dr. Inamullah","Skin Specialists | Dermatologists","Peshawar",6,4.6,"03943-2728378","dr..inamullah953@diagnoai.com","Habib Medical Complex                Dabgari Garden, Peshawar.  Dabgari Garden , Peshawar"
"Dr. Qazi Ahsan Azeem","ENT Specialist","Lahore",6,4.2,"03737-9981589","dr..qazi.ahsan.azeem206@diagnoai.com","Ittefaq Hospital                Near H- Block, Model Town, Lahore.  Model Town , Lahore"
"Dr. Riaz Ahmed Khokhar","General Surgeon","Rawalpindi",17,4.4,"03474-6880832","dr..riaz.ahmed.khokhar897@diagnoai.com","Khokhar Medical Centre                117- Khokhar Medical Center, Tippu Road, Rawalpindi.  Tippu Road , Rawalpindi"
"Dr. Chaudhary Mohammad Khalil","Skin Specialists | Dermatologists","Lahore",16,4,"03571-1851556","dr..chaudhary.mohammad.khalil674@diagnoai.com","Hamza Medical Centre                Hamza Medical CentreNear Khalid Medical Store Kot Khawaja Saeed Lahore   , Lahore"
"Dr. Raheel Ahmed","Dentist","Islamabad",21,4.2,"03851-4575409","dr..raheel.ahmed194@diagnoai.com","Raheel Dental Surgery                13th, Neelam Road, G-9/3, Islamabad.  G-9 , Islamabad"
"Dr. Shaukat Ali Sheikh","General Surgeon","Rawalpindi",21,4.5,"03480-1760402","dr..shaukat.ali.sheikh80@diagnoai.com","Ahmad Medical Complex                70-C Satellite Town, Sadiqabad Road, Rawalpindi.  Satellite Town , Rawalpindi"
"Dr. Asghar Janjua","Skin Specialists | Dermatologists","Sargodha",22,4.1,"03929-6291062","dr..asghar.janjua546@diagnoai.com","53 Gulshan Hayat Colony, Near D.H.Q. Hospital,  Sargodha.  Gulshan Hayat Colony , Sargodha"
"Dr. Qudsia Kanwal","Dentist","Rawalpindi",19,3.8,"03907-9034043","dr..qudsia.kanwal122@diagnoai.com","Margalla Dental Hospital                Operative Dentistry DepartmentQuaid-e-Azam Avenue, Gulrez Phase III, Rawalpindi.  Gulrez Phase III , Rawalpindi"
"Dr. Manzoor ul Qayyum","Skin Specialists | Dermatologists","Lahore",3,4.4,"03396-5401094","dr..manzoor.ul.qayyum776@diagnoai.com","Office No. 1, Ground Floor, Chouburgi Centre, Near old Venus Cinema, Multan Road, Lahore.  Multan Road , Lahore"
"Dr. Shaukat Nawaz Khan","General Surgeon","Islamabad",23,4.6,"03540-2088309","dr..shaukat.nawaz.khan143@diagnoai.com","Quaid-e-Azam International Hospital                General SurgeryNear Golra Mor, Peshawar Road, Islamabad.  Near Golra Mor , Islamabad"
"Maj Gen ( Retd) Prof. Jawad Khaliq Ansari","Pulmonologist","Rawalpindi",16,4,"03971-8464103","maj.gen...retd..prof..jawad.khaliq.ansari855@diagnoai.com","Shalimar Clinic                 First Floor, Rafey Mall, Chore Chowk, Peshawar Road, Rawalpindi   , Rawalpindi"
"Consultant  Dr. Vaqar Ilahi Paracha","Cardiac Surgeon","Rawalpindi",17,4.9,"03813-2116785","consultant..dr..vaqar.ilahi.paracha660@diagnoai.com","Armed Forces Institute of Cardiology                Peshawar Rd,  Rawalpindi.   Peshawar Rd , Rawalpindi"
"Dr. Mohammad Akmal Madni","Cardiologist","Multan",24,4.2,"03286-2788816","dr..mohammad.akmal.madni921@diagnoai.com","Multan Diabetes and Heart Clinic                 Nishtar Road    Al Khaliq Hospital  , Multan"
"Dr. Mazhar Hussain Raja","Pediatrician","Islamabad",10,4.4,"03122-3446265","dr..mazhar.hussain.raja974@diagnoai.com","Shifa International Hospital                 Pitras Bukhari Road, Islamabad.  Pitras Bukhari Rd , Islamabad"
"Dr. Shaukat Ali Shah","Anesthesiologist","Islamabad",15,3.6,"03193-2803209","dr..shaukat.ali.shah630@diagnoai.com","Maryam Hospital                Raja Haq Nawaz Plaza, G-11 Markaz, Islamabad.  G-11  , Islamabad"
"Dr. Ahmed Aziz Niazi","Dentist","Rawalpindi",17,4.9,"03518-1051665","dr..ahmed.aziz.niazi152@diagnoai.com","Niazi Dental Clinic                H-1380, Main Airport Road, Jhanda Chichi, Rawalpindi.  Jhanda Chichi , Rawalpindi"
"Prof. Shahid Javaid Akhtar","Skin Specialists | Dermatologists","Faisalabad",24,3.6,"03361-3839919","prof..shahid.javaid.akhtar140@diagnoai.com",", Faisalabad"
"Dr Abdul Fatah Dero","Diabetologists","Hyderabad",3,4.2,"03134-8800427","dr.abdul.fatah.dero805@diagnoai.com","Rehman Diabetic Clinic                546/2, Soldier Bazar, Saddar, Hyderabad.  Saddar , Hyderabad"
"Dr. Amanullah","Cardiologist/Physician","Lahore",18,4,"03347-7338231","dr..amanullah793@diagnoai.com","Maryam Diagnostic Centre                7B Shadman II, near PIC Hospital Parking, Jail Road   Jail Road , Lahore"
"Dr Amir M Ijaz","Cardiologists","Lahore",23,3.9,"03116-9239754","dr.amir.m.ijaz707@diagnoai.com","Naseer Hospital                 16-Ahmad Block New Garden Town Lahore.  New Garden Town , Lahore"
"Dr Shahid Masood Khan","ENT Specialist","Lahore",23,4.1,"03537-8566586","dr.shahid.masood.khan287@diagnoai.com","Ittefaq Hospital                 Near H- Block, Model Town, Lahore.  Model Town , Lahore"
"Dr. Salman Naseem Adil","Hematologist","karachi",15,3.8,"03370-5977684","dr..salman.naseem.adil529@diagnoai.com","The Aga Khan University Hospital                 CC Ibn-e-Zuhr -1 , A.K.U.H., Stadium Road Karachi.  Stadium Road , karachi"
"Dr. Habib Aslam Gaba","Cardiologists","Faisalabad",15,4.5,"03882-2579650","dr..habib.aslam.gaba281@diagnoai.com","Omer Heart Clinic                 864-B, Peoples Colony, Faisalabad.  Peoples Colony , Faisalabad"
"Dr. Aqsa Malik","Dentist","Islamabad",9,3.7,"03360-8114553","dr..aqsa.malik13@diagnoai.com","Quaid-e-Azam International Hospital                Dental DepartmentNear Golra Mor, Adjacent Forebels School, Peshawar Road, Islamabad.  Near Golra Mor , Islamabad"
"Muhammad Aslam Memon","Oncologist","Hyderabad",22,4.3,"03236-8642182","muhammad.aslam.memon76@diagnoai.com","Quaid-e-Azam Complex                Opposite Police Ground.  Saddar , Hyderabad"
"Dr Muhammad Zubair","Dentist","N/A",17,4.5,"03487-2877789","dr.muhammad.zubair629@diagnoai.com","N/A"
"Dr. Kiren Shaheryar","Skin Specialists | Dermatologists","Islamabad",12,4.5,"03182-8359788","dr..kiren.shaheryar926@diagnoai.com","Life Care Hospital                 Life Care Hospital. Islamabad   G-10 , Islamabad"
"Dr. Arsalan Farooq","Ophthalmologist","karachi",21,4.6,"03788-3082845","dr..arsalan.farooq723@diagnoai.com","Eye Clinic PAF Hospital Faisal Base                PAF Hospital Faisal   , karachi"
"Professor Dr Mohammad Zafar Rabbani","ENT Specialist","Islamabad.  H-8",15,4.6,"03795-4025072","professor.dr.mohammad.zafar.rabbani59@diagnoai.com","Shifa International Hospital                 Pitras Bukhari Road H-8/4, Islamabad.  H-8 ,"
"Dr. Sadia Bashir","Child Specialist","Rawalpindi",19,4.4,"03355-7778861","dr..sadia.bashir695@diagnoai.com","Begum Akhtar Rukhsana Memorial Welfare Trust                Bahria Town Phase - VIII, Rawalpindi.    Bahria Town Phase - VIII , Rawalpindi"
"Dr. Ammara Kashif","Obstetrics and gynaecology","Islamabad",5,4.8,"03143-5612433","dr..ammara.kashif904@diagnoai.com","Medics Islamabad                Saudi pak tower, blue area,  Islamabad.   F 7 Markaz , Islamabad"
"Dr Syed Muhammad Junaid Akhtar","Diabetologists","N/A",14,4,"03431-6661131","dr.syed.muhammad.junaid.akhtar233@diagnoai.com","N/A"
"Dr. Asma Iqbal","Gynecologists","karachi",16,4.1,"03647-5272616","dr..asma.iqbal194@diagnoai.com","Mamji Hospital                C-19, Block-17, Federal "B" Area, Near Water Pump Chowrangi, Karachi   Federal "B" Area , karachi"
"Dr. Zafira Syed","Physiotherapist","Rawalpindi",9,3.9,"03961-6285774","dr..zafira.syed874@diagnoai.com","Physiotherapy Centre                Saidpur Road, Haidri Chowk, Satellite Town, Rawalpindi.   , Rawalpindi"
"Dr Amir Shariff","General Surgeon","karachi",19,4.6,"03974-2821202","dr.amir.shariff325@diagnoai.com","The Aga Khan University                 Consulting Clinics (JHS Building -Second Floor), Karachi.    Stadium Road , karachi"
"Dr. Adil Abbas","Child Specialist","Sahiwal",12,3.5,"03704-7629140","dr..adil.abbas681@diagnoai.com","RiseNShine                   Mission chonk, Fateh Shere road  , Sahiwal"
"Dr. Afsheen Mansoor","Dentist","Islamabad",9,4.2,"03469-2423373","dr..afsheen.mansoor577@diagnoai.com","Ali Medical Centre                Kohistan Road, F8 Markaz, Islamabad.   F-8 , Islamabad"
"Dr Rabia Ghafoor","Skin Specialists | Dermatologists","karachi",4,3.9,"03150-3446960","dr.rabia.ghafoor236@diagnoai.com","Dr. Ziauddin Hospital                4/B, Shahrah-e-Ghalib, Block 6, Clifton, Karachi.  Clifton , karachi"
"Dr. Khadim Ullah Kheyal","Skin Specialists | Dermatologists","Peshawar",10,4.7,"03242-5918167","dr..khadim.ullah.kheyal299@diagnoai.com","Auqaf Plaza, Dabgari, Peshawar.  DABGARI  , Peshawar"
"Dr. Syed Hammad Hassan","Dentist","Rawalpindi",19,4.5,"03375-6524280","dr..syed.hammad.hassan144@diagnoai.com","Margalla Dental Hospital                Prosthodontics DepartmentQuaid-e-Azam Avenue, Gulrez Phase III, Rawalpindi.  Gulrez Phase III , Rawalpindi"
"Dr. Tahir Hussain Dilawari","Cardiologists","Islamabad",17,4.7,"03230-1408212","dr..tahir.hussain.dilawari957@diagnoai.com","Shifa College of Medicine                Pitras Bokhari Road, H-8/4, Islamabad.  H-8 , Islamabad"
"Dr. Shoukat Jamal Amerzada","Skin Specialists | Dermatologists","Peshawar",21,4.9,"03963-7696845","dr..shoukat.jamal.amerzada215@diagnoai.com","Khyber Medical Centre                Dabgari Garden, Peshawar.  Dabgari Garden , Peshawar"
"Diabetologist  DR Shahid Hameed","Diabetologists","Lahore",4,3.6,"03174-9619174","diabetologist..dr.shahid.hameed587@diagnoai.com","Shalamar Hospital                 Shalimar Link Road.   MughalPura , Lahore"
"Dr. S. Abbas Raza","Diabetologists","karachi",19,4.6,"03739-6733079","dr..s..abbas.raza477@diagnoai.com","National Hospital & Medical Centre                132/3 , Street 123, Block L, Phase 1, DHA, Lahore.  DHA  , karachi"
"Dr Khurram Shahid","Diabetologists","karachi",21,4.9,"03229-6726106","dr.khurram.shahid274@diagnoai.com","National Medical Centre                A-5/A, National Highway,,Near Kala Pul,, Korangi Road, Karachi.  DHA , karachi"
"ASSISTANT PROFESSOR DR ASHAR ALAMGIR","Allergy Specialist","N/A",10,3.7,"03798-4658655","assistant.professor.dr.ashar.alamgir315@diagnoai.com","N/A"
"Dr. Muhammad Haider","Dentist","Rawalpindi",18,3.8,"03489-4787704","dr..muhammad.haider281@diagnoai.com","Dr. Haider & Associates Dental Surgeon                43-S, Bank Road, Sadar, Rawalpindi.  Sadar , Rawalpindi"
"Dr. Masood Ahmed","Anesthesiologist","Rawalpindi",12,4.6,"03210-9841713","dr..masood.ahmed222@diagnoai.com","Rahat Hospital                Main Service Road, Shkriyal, Near Khana Pul, Rawalpindi.  Khana Pul , Rawalpindi"
"Dr. Haleema Hashmi","Gynecologists","karachi",14,3.8,"03100-9766242","dr..haleema.hashmi838@diagnoai.com","Liaquat National Hospital                National Stadium Road. Karachi.   Stadium Road , karachi"
"Dr Sobia Qamar","Pediatricians","karachi",24,4.5,"03932-6018441","dr.sobia.qamar247@diagnoai.com","Liaquat National Hospital                National Stadium Rd, Karachi   National Stadium Rd , karachi"
"Dr. Mujtaba Jaffary","Gastroenterology","Lahore",14,4.5,"03439-3024559","dr..mujtaba.jaffary618@diagnoai.com","Times Hospital                Opposite Jinnah hospital,146-A/GOR -5,Faisal town Lahore  Faisal Town , Lahore"
"Dr. Omar Anis","Hepatology gastroentrology","Islamabad",20,4.3,"03410-4626749","dr..omar.anis639@diagnoai.com","deen clinic                Behind F-10 main mosque   F-10 markaz, Areej Plaza.  , Islamabad"
"Dr Adeel Aslam","General Physician","Gujranwala",9,4,"03108-7155493","dr.adeel.aslam398@diagnoai.com","Mangowal, Karachi.  Mangowal , Gujranwala"
"Dr. Zeeshan Perwaiz","Skin Specialists | Dermatologists","Rawalpindi",18,4.4,"03594-4908603","dr..zeeshan.perwaiz929@diagnoai.com","Bilal Hospital                38-A, Satellite Town, Sadiqabad Road, Rawalpindi.  Satellite Town , Rawalpindi"
"Dr. M Shoaib Shafi","Gastroenrologist/Hepatologist","Rawalpindi",18,4.3,"03761-2161380","dr..m.shoaib.shafi281@diagnoai.com","Shafi Clinic                55-C Satellite Town Rawalpindi  Chandni Chowk , Rawalpindi"
"Dr Junaid Alam Ansari","Cardiologists","karachi",4,3.8,"03268-7370673","dr.junaid.alam.ansari905@diagnoai.com","South City Hospital                Shahrah-e-Firdousi, Block 3, Clifton, Karachi.  Clifton , karachi"
"Assistant Professor  Mohammad Majid paracha","Skin Specialists | Dermatologists","N/A",5,3.8,"03455-8601556","assistant.professor..mohammad.majid.paracha185@diagnoai.com","N/A"
"Dr. Imtiaz Hussain","Dentist","Islamabad",7,4,"03332-1108713","dr..imtiaz.hussain243@diagnoai.com","The Dental Centre                Shahnawaz Plaza, 1st Floor, Office # 3, Upper Al-Rehman Medicose, G-11 Markaz, Islamabad.  G-11 , Islamabad"
"Dr. Salman Saeed","Dentist","Rawalpindi",17,4.7,"03526-9597034","dr..salman.saeed829@diagnoai.com","Margalla Dental Hospital                Operative Dentistry Department, Quaid-e-Azam Avenue, Gulrez Phase III, Rawalpindi.   Gulrez Phase III , Rawalpindi"
"Dr. Mansoor Mahmood","Child Specialist","Islamabad",8,5,"03518-3398873","dr..mansoor.mahmood786@diagnoai.com","Maryam Hospital                Surgical Department Raja Haq Nawaz Plaza, G-11 Markaz, Islamabad.  G-11 Markaz , Islamabad"
"Dr Ahsan Hameed","Skin Specialists | Dermatologists","Islamabad",20,4.1,"03782-2524664","dr.ahsan.hameed974@diagnoai.com","Shifa International Hospital                Pitras Bukhari Road, H-8/4, H-8, Islamabad.  H-8 , Islamabad"
"Dr. Usman Rana","Dentist","Islamabad",6,4.9,"03213-7350887","dr..usman.rana880@diagnoai.com","Perfect Smile Dental Clinic                1A Plaza, Near Shell pertol pump. Opposite Fatima Jinnah Park, F-10 Markaz, Islamabad.  F-10 , Islamabad"
"Dr. Kaleem Ullah Thahim","ENT Specialist","karachi",15,3.7,"03358-9754988","dr..kaleem.ullah.thahim805@diagnoai.com","South City Hospital                Shahrah-e-Firdousi, Block 3, Clifton, Karachi.  Clifton , karachi"
"Dr. Javed Aslam","Dentist","Rawalpindi",18,4.1,"03321-9365028","dr..javed.aslam383@diagnoai.com","Bilal Hospital                Dental Department.38-A, Satellite Town, Sadiqabad Road, Rawalpindi.  Satellite Town , Rawalpindi"
"Brig (R) Dr. Muzaffar Khan","Dentist","Rawalpindi",14,3.8,"03928-9943424","brig..r..dr..muzaffar.khan841@diagnoai.com","Nawaz Memorial Hospital                Morgah More G.T Road, Rawalpindi.  G.T Road  , Rawalpindi"
"Dr. Abdul Malik","Cardiologists","Peshawar",4,4.6,"03395-6607564","dr..abdul.malik135@diagnoai.com","Lady Reading Hospital                Flat No. C-1, Doctor's Colony, Peshawar.  Doctor's Colony , Peshawar"
"Dr Obaidur Rehman","Skin Specialists | Dermatologists","karachi",9,3.9,"03801-6207406","dr.obaidur.rehman502@diagnoai.com","National Medical Centre                A-5/A, National Highway, Near Kala Pul, Korangi Road, Karachi.    Korangi Road , karachi"
"Dr. Naseem Saeed","Dentist","Rawalpindi",23,4,"03775-1694045","dr..naseem.saeed315@diagnoai.com","Sara Dental Surgery, Clinic                70, Al-Mustafa Tower, Commercial Area, Scheme III, Rawalpindi.Mon to Sat 5pm to 9Pm+9251-5950211+9251-5500125+9251-5591159  Scheme III , Rawalpindi"
"Dr.MOAZZAM ALI","ENT Specialist","N/A",6,5,"03196-1364958","dr.moazzam.ali954@diagnoai.com","N/A"
"Dr Tahir Jamil","Skin Specialists | Dermatologists","Lahore",16,4.4,"03498-7437960","dr.tahir.jamil609@diagnoai.com","Cavalry Hospital                44-45 Cavalry Ground Ext, Lahore-Cantt.  Cavalry Ground  , Lahore"
"Dr. Imran Arshad","Dentist","Islamabad",12,4.6,"03843-5436441","dr..imran.arshad349@diagnoai.com","Moiz Dental Clinic                Shop # 4, Feroze Plaza, Khawaja Market, Street # 57, G-9/4, Islamabad.Mon to Sat 10 AM to 2 AM Mon to Sat 4 PM to 9 PM +92345-5897379+9251-2255739  G-9 , Islamabad"
"Dr Naveed Aslam","ENT Specialist","Lahore",11,4.3,"03960-4932831","dr.naveed.aslam808@diagnoai.com","Ammar Medical Complex                8-Haroon Shah Scheme, Main Jail Road, Lahore.  Main Jail Road , Lahore"
"Dr Khalid Hameed","Cardiologists","Lahore",13,4.1,"03860-9620387","dr.khalid.hameed954@diagnoai.com","Doctors Hospital & Medical Center                 152 A-G/1 Canal Bank, Lahore.  Johar Town , Lahore"
"Ms. Shifa Ali","Nutrition/Dietitian","Lahore",24,4,"03919-8298521","ms..shifa.ali626@diagnoai.com","Ittefaq Hospital                Near H- Block, Model Town, Lahore.  Model Town , Lahore"
"Dr. Imran Shahid","Dentist","Islamabad",6,4,"03742-2501076","dr..imran.shahid429@diagnoai.com","Optident Clinic                Shop # 05, 106 East. Asif Plaza, Fazal-ul-haq Road, Blue Area, Islamabad.   , Islamabad"
"Dr Abdul Jabbar","Diabetologists","karachi",3,4.6,"03704-3267828","dr.abdul.jabbar703@diagnoai.com","Aga khan university hospital                AKUH Consulting Clinic, Stadium Road.  Stadium Road , karachi"
"Dr.Sarah Hussain Khattak","Dentist","Islamabad",9,4.4,"03864-8376418","dr.sarah.hussain.khattak483@diagnoai.com","Quaid-e-Azam International Hospital                Dental DepartmentNear Golra Mor, Adjacent Forebels School, Peshawar Road, Islamabad.  Near Golra Mor , Islamabad"
"Dr. Azra Rizwan","Diabetologists","karachi",9,4.7,"03210-3128083","dr..azra.rizwan320@diagnoai.com","Aga Khan University Hospital                 CC Nazerali Walji-2, Stadium Road, Karachi.  Stadium Rd , karachi"
"Dr. Abdul Qadir","General Practitioner","Rawalpindi",18,4.5,"03397-4189745","dr..abdul.qadir795@diagnoai.com","Khawaja Clinic                F-947, New Kararian Satellite Town, Rawalpindi.  Satellite Town , Rawalpindi"
"Dr. Tanveer Abbas","Dentist","Rawalpindi",6,4.8,"03531-3856996","dr..tanveer.abbas266@diagnoai.com","Oral Care Clinic                 Shop # 12, Zaraj Centre, Guraiz II, Rawalpindi.   , Rawalpindi"
"Col. (R) Dr. Sabir Mahmood Khan","Gastroenterology","Rawalpindi",15,4.4,"03641-8784268","col...r..dr..sabir.mahmood.khan575@diagnoai.com","Maryam Memorial Hospital                Medicine and Gastroenterology Department Peshawar Road, Rawalpindi.  Peshawar Road , Rawalpindi"
"Dr Jawad Sajid","Cardiologists","Lahore",18,3.8,"03708-6496047","dr.jawad.sajid572@diagnoai.com","Ittefaq Hospital                H-Block Modal Town, Lahore  Modal Town , Lahore"
"Dr Farhat Rasheed","Gynecologists","Lahore",24,3.7,"03917-9609928","dr.farhat.rasheed371@diagnoai.com","Ittefaq Hospital                 Near H- Block, Model Town, Lahore.  Model Town , Lahore"
"Dr Mah Parveen Qazi","Gynecologists","Islamabad",20,3.6,"03339-8684460","dr.mah.parveen.qazi215@diagnoai.com","Shifa International Hospital                 Sector H-8/4, Islamabad    H-8 , Islamabad"
"DR SANAM SOOMRO","Gynecologists","Jhelum",14,4.1,"03119-4547317","dr.sanam.soomro747@diagnoai.com","FAUJI FOUNDATION MEDICAL CENTER DHARYALA JALAPTown: P.D.KHAN JEHLUM.  P.D.KHAN , Jhelum"
"Dr. Bilal","ENT Specialist","karachi",3,3.7,"03775-1194136","dr..bilal192@diagnoai.com","ENT Clinic                    , karachi"
"Dr. Faisal Shafiq Malik","Dentist","Islamabad",19,4.2,"03362-9924572","dr..faisal.shafiq.malik286@diagnoai.com","The Dental Practice                1st Floor Office # 1, Ghulam Rasool Plaza, Opp. Excel Lab, Fazal-e-haq Road, Blue Area, Islamabad.   Blue Area , Islamabad"
"Dr. Ahmed Qayyum","Dentist","Rawalpindi",12,4.4,"03293-5471831","dr..ahmed.qayyum369@diagnoai.com","Qayyum Dental Surgery                Jhanda Chichi, Airport Road, Rawalpindi.  Jhanda Chichi , Rawalpindi"
"Dr. Muhammad Ishaque Qureshi","ENT Specialist","Islamabad",9,4.8,"03203-1100407","dr..muhammad.ishaque.qureshi813@diagnoai.com","Ali Medical Centre                Kohistan Road, F8 Markaz, Islamabad.  F8 Markaz , Islamabad"
"Dr. Aleem Liaqat","Physiotherapist","Islamabad",20,4.5,"03342-3527570","dr..aleem.liaqat107@diagnoai.com","NMRC Rehabilitation Centre                NMRC, opposite to babri mosque, G-10 Markaz, Islamabad.  G-10 markaz , Islamabad"
"Dr. Javed Akhtar","Pain Management Specialist","Lahore",21,4.5,"03426-8555876","dr..javed.akhtar862@diagnoai.com","Hassan Medical Center                Iqbal Park, Lahore. Cantt.   Iqbal Park, Lahore Cantt , Lahore"
"Dr. Riffat Sultana","Cardiologists","karachi",12,4.5,"03490-5828954","dr..riffat.sultana231@diagnoai.com","National Medical Centre                A-5/A, National Highway, Phase 1, Defence Housing Authority,Near Kala Pul, Karachi.  DHA , karachi"
"Consultant cardiologist Dr. Riaz Zulqernain Aslam","Cardiologist","Lahore",19,3.5,"03571-6645232","consultant.cardiologist.dr..riaz.zulqernain.aslam366@diagnoai.com","Iqra medical complex                  5-A, Jauhar Town، Maulana Shaukat Ali Rd، Lahore.  Johar Town , Lahore"
"Dr. Muhammad Naeem Khan","General Practitioner","Islamabad",4,4.3,"03673-4893634","dr..muhammad.naeem.khan749@diagnoai.com","Naeem Clinic Dental                Clinic Shop # 3, Block 2/B, Feroz Plaza, Khawaja Market, G-9/4, Islamabad.  G-9 , Islamabad"
"Amin Yousaf","Plastic & Aesthetic Surgeon","N/A",12,4.9,"03490-4431362","amin.yousaf533@diagnoai.com","N/A"
"ABDUL REHMAN ALVI","General Surgeon","karachi",5,4,"03277-2199236","abdul.rehman.alvi699@diagnoai.com","The Aga Khan University Hospital                 Consulting Clinics (JHS Building -Second Floor), Karachi.  Stadium Road , karachi"
"Dr Noureen Sabir Chhipa","Skin Specialists | Dermatologists","karachi",8,3.6,"03406-4926940","dr.noureen.sabir.chhipa298@diagnoai.com","Imam Clinic                ST-5, Block-I, North Nazimabad, Karachi.   North Nazimabad , karachi"
"Dr Abdul Waheed","Cardiologists","Lahore",5,4.4,"03346-2653656","dr.abdul.waheed959@diagnoai.com","Surraya Azeem Hospital                 Chowk Choubarji Lahore.  Chowk Choubarji , Lahore"
"Dr Naseem Akram","Gynecologists","karachi",12,3.6,"03921-2706667","dr.naseem.akram988@diagnoai.com","National Medical Centre                Korangi Road, Phase 1, DHA, Karachi.  DHA , karachi"
"Dr. Sobia Khateeb","clinical psychology","Islamabad",15,4.2,"03851-1395410","dr..sobia.khateeb37@diagnoai.com","Aga Khan health services of Pakistan                 st.92 near IT center G-9/1 Islambad  G-9 , Islamabad"
"Assistant Professor Dr. Asma Ansari","Gynecologists","Rawalpindi",20,3.6,"03166-4954704","assistant.professor.dr..asma.ansari447@diagnoai.com","Armed Forces Institute of Cardiology                Peshawar Rd, Rawalpindi.   Peshawar Road , Rawalpindi"
"Dr. Zahoor Ahmad Awan","Medical Specialist","Rawalpindi",10,4.8,"03922-2486183","dr..zahoor.ahmad.awan108@diagnoai.com","Maryam Memorial Hospital                Medicine Department , Rawalpindi.  Peshawar Road , Rawalpindi"
"Dr. Muhammad Qamar Masood","Diabetologists","karachi",3,3.8,"03154-7547731","dr..muhammad.qamar.masood593@diagnoai.com","Aga Khan University Hospital                Stadium Road, Karachi.  Stadium Road , karachi"
"Dr Arshad Chohan","ENT Specialist","N/A",14,4.5,"03206-3453406","dr.arshad.chohan591@diagnoai.com","N/A"
"Dr. Junaid .A. Peerzadah","Diabetes and Endocrine","N/A",21,4.9,"03736-2309918","dr..junaid..a..peerzadah20@diagnoai.com","N/A"
"Dr. Amir M. Jan","ENT Specialist","Islamabad",18,3.9,"03993-5198783","dr..amir.m..jan547@diagnoai.com","Capital Clinic                21-E, Huma Plaza, Blue Area, Islamabad.   Blue Area , Islamabad"
"Younus","Dentist","N/A",22,3.8,"03380-6043930","younus281@diagnoai.com","N/A"
"Dr. Saqba Hassan Afridi","Dentist","Rawalpindi",8,4.3,"03416-2827099","dr..saqba.hassan.afridi336@diagnoai.com","Margalla Dental Hospital                Orthodontics Department,Quaid-e-Azam Avenue, Gulrez Phase III, Rawalpindi.  Gulrez Phase III , Rawalpindi"
"Maj (R) Dr. Sultan Mehmood Ahmd TI (M)","Child Specialist","Rawalpindi",13,4.2,"03699-5459489","maj..r..dr..sultan.mehmood.ahmd.ti..m.367@diagnoai.com","Dental Point                Clinic Gulraiz-6, Opposite Safari Hospital, Inside Gulraiz Gate No 1, Rawalpindi.  Gulraiz-6 , Rawalpindi"
"Dr. Bashir Ahmed","ENT Specialist","Rawalpindi",9,3.9,"03852-5097480","dr..bashir.ahmed65@diagnoai.com","OPD Complex                ENT and Head & Neck Surgery DepartmentJhelum Road, Near Bahria Phase VIII Gate, Sawan, Rawalpindi.   Bahria Phase VIII , Rawalpindi"
"Dr Tariq Azam Siddiqui","Cardiologists","karachi",5,4.4,"03502-8038404","dr.tariq.azam.siddiqui437@diagnoai.com","National Medical Center                A-5/A, National Highway,,Near Kala Pul,, Korangi Road, Karachi.  DHA , karachi"
"DR. RASHID JAHANGER","Pathologist","Islamabad",13,4.3,"03667-7409713","dr..rashid.jahanger144@diagnoai.com","G-9 Markaz                Office No. 7, 1st Floor Laraib Centre G9 Markaz Islamabad  Prime Health Labs , Islamabad"
"Dr. Aasma tayyab khan","Skin Specialists | Dermatologists","Islamabad",5,3.6,"03202-3233356","dr..aasma.tayyab.khan752@diagnoai.com","cosmetic laser and skin clinic                house # 1, street # 62.    Sector f-8/4 , Islamabad"
"Dr Lubna Riaz Dar","Gynecologists","Lahore",9,3.8,"03328-4999648","dr.lubna.riaz.dar239@diagnoai.com","Shalamar Hospital                Shalimar Link Road, Mughalpura, Lahore.  MughalPura , Lahore"
"Dr Farkhanda Qadir","Gynecologists","karachi",8,4.3,"03149-5175744","dr.farkhanda.qadir371@diagnoai.com","Batool General Hospital                A-197, Block 5, Gulistan-e-Jauhar, Karachi.  Gulistan-e-Jauhar , karachi"
"DR ADEEL AHMED","Oncologist","karachi",16,3.8,"03361-5420383","dr.adeel.ahmed25@diagnoai.com","Kiran Hospital                   , karachi"
"Dr. Naushin Aslam","Dentist","Islamabad",16,4.9,"03934-6320743","dr..naushin.aslam832@diagnoai.com","Ali Medical Centre                Kohistan Road, F8 Markaz, Islamabad.  F-8 , Islamabad"
"Dr. Wisal Khan Babar","General Practitioner","Rawalpindi",16,4.7,"03177-7518185","dr..wisal.khan.babar548@diagnoai.com","Babar Medical Centre                Clinic 3, Sarwar Road, Rawalpindi Cantt.  Sarwar Road , Rawalpindi"
"Dr Ikram Ullah Khan","Skin Specialists | Dermatologists","Islamabad",9,3.7,"03166-7273848","dr.ikram.ullah.khan986@diagnoai.com","Shifa International Hospital                Pitras Bukhari Road, H-8/4, H-8, Islamabad.  H-8 , Islamabad"
"Dr. Muhammad Naeem Ul Haque","Diabetologists","karachi",22,4.7,"03707-9461869","dr..muhammad.naeem.ul.haque278@diagnoai.com","Aga Khan University Hospital                CC Nazerali Walji-2, A.K.U.H., Stadium Road.  CC Nazerali , karachi"
"Dr Zohra Samad","Gynecologists","karachi",24,4,"03968-6542309","dr.zohra.samad916@diagnoai.com","National Medical Center                 A-5/A, National Highway, Phase 1, Defence Housing Authority,Near Kala Pul, Karachi.  DHA , karachi"
"Dr. Saba's Skin Clinic","Skin Specialists | Dermatologists","N/A",4,3.9,"03374-6010347","dr..saba.s.skin.clinic991@diagnoai.com","N/A"
"Dr. Behram Khan","Cardiologists","Quetta",19,4.5,"03935-4937175","dr..behram.khan732@diagnoai.com","Bolan Medical College                12-Khojak House, White Road , Quetta.  White Road , Quetta"
"Dr. Shariq Ali Khan","Dental surgeon","Lahore",14,4.5,"03520-4397337","dr..shariq.ali.khan912@diagnoai.com","Sherwani Dental Associates                8 - B Model Town  Model Town , Lahore"
"Assisstant Professor Dr. Majid Dastgir","ENT Specialist","Tarbela",9,4,"03197-6555558","assisstant.professor.dr..majid.dastgir280@diagnoai.com","ENT Department CMH                  Near Attock , Tarbela"
"Dr Ghareeb Nawaz","ENT Specialist","Peshawar",12,4.9,"03804-1317285","dr.ghareeb.nawaz381@diagnoai.com","Khyber Medical Centre                Kohat Road, Lakar Mundi, Peshawar.  Lakar Mandi , Peshawar"
"Hamza Khan","ENT Specialist","N/A",18,3.5,"03263-4571593","hamza.khan653@diagnoai.com","N/A"
"Dr.Pervaiz Jaffri","Ent specialist","Hyderabad",11,4.8,"03423-8377112","dr.pervaiz.jaffri607@diagnoai.com","ENT clinic                Facility address near ahle hadis masjid in Ifra lab  Pacca Qila hyd , Hyderabad"
"Dr Amanullah Memon","Urologists","karachi",9,3.6,"03640-8687586","dr.amanullah.memon79@diagnoai.com","The Aga Khan University Hospital                JHS Building 1st Floor, karachi.    National Stadium Road , karachi"
"Dr Hassan Iqbal","ENT Specialist","Multan",16,4.8,"03839-7444890","dr.hassan.iqbal268@diagnoai.com","Rehman Medical Complex                Nishtar Road Multan,  Pakistan.  Nishtar Road , Multan"
"Dr. zahoor ahmad","General Physician","Islamabad",15,4.2,"03375-3872520","dr..zahoor.ahmad187@diagnoai.com","Pakistan Rawalway hospital                 lane no#07 street 01 near Westridge,peshawer road  Rawalpindi.  Westridge , Islamabad"
"Dr Jaweed Akhter","Diabetologists","karachi",18,4.9,"03932-7534868","dr.jaweed.akhter492@diagnoai.com","The Aga Khan University Hospital                 Stadium Road, Karachi.   , karachi"
"Dr Ghazala Sadiq","Gynecologists","Rawalpindi",23,4.4,"03910-4879015","dr.ghazala.sadiq178@diagnoai.com","Quaid-e-Azam International Hospital                Near Golra Morr, Peshawar Road, Islamabad.  Near Golra Mor , Rawalpindi"
"Dr Zulfiqar A Butt","Urologists","Rawalpindi",6,4.7,"03879-5765669","dr.zulfiqar.a.butt314@diagnoai.com","Bilal Hospital                38-A, Satellite Town, Sadiqabad Road, Rawalpindi  Satellite Town , Rawalpindi"
"Col. (R) Dr. Asma Khalid SI(M)","Gynecologists","Rawalpindi",7,4.4,"03453-7551236","col...r..dr..asma.khalid.si.m.687@diagnoai.com","Maryam Memorial Hospital                Peshawar Road, Rawalpindi.  Peshawar Road , Rawalpindi"
"Dr. Junaid .A. Peerzadah","Diabetes and Endocrine","N/A",15,3.9,"03694-8673740","dr..junaid..a..peerzadah265@diagnoai.com","N/A"
"Dr.","psychologist","karachi",10,4.9,"03587-3448637","dr.234@diagnoai.com","ziauddin Medical University Hospital                Plot No. 33, Behind Kpt Hospital, Keamari,  Karachi, Pakistan.  Ph:(9221) 32851881-5   , karachi"
"Dr. Syed Tauseef-ul-Hassan","Dentist","Islamabad",12,4.1,"03278-6105096","dr..syed.tauseef.ul.hassan801@diagnoai.com","Islamabad Dental Clinic                Civic Centre, G-6, Melody Market, Islamabad.  G-6 , Islamabad"
"Dr. Fasih Ullah Mir","ENT Specialist","karachi",10,3.6,"03447-1951161","dr..fasih.ullah.mir153@diagnoai.com","ENT Hospital                A/28 Malir Kalaboard Karachi (opp. Saudabad Police station), Karachi.   Malir Kalaboard  , karachi"
"Dr Ghazala Mahmood","Gynecologists","Islamabad",4,4.8,"03743-4821157","dr.ghazala.mahmood292@diagnoai.com","Shifa International Hospital                Pitras Bukhari Road, H-8/4, H-8, Islamabad/Rawalpindi.   H-8 , Islamabad"
"Dr Prof Ijaz Hussain","Skin Specialists | Dermatologists","Lahore",13,4,"03562-8453411","dr.prof.ijaz.hussain596@diagnoai.com","Hameed Latif Hospital                14- Abu Baker Block New Garden Town, Lahore.  New Garden Town , Lahore"
"Dr. Umar Farooq Marwat","Dentist","Islamabad",3,3.9,"03723-4584393","dr..umar.farooq.marwat125@diagnoai.com","Islamabad Dental Specialists Clinic                  Dental Department.Office No 12-13, 1st Floor, Lords Trading Center, F-11 Markaz, Islamabad.  F-11  , Islamabad"
"Dr. Uzair Luqman","Dentist","Rawalpindi",23,3.8,"03492-2507089","dr..uzair.luqman870@diagnoai.com","Margalla Dental Hospital                Oral Surgery DepartmentQuaid-e-Azam Avenue, Gulrez Phase III, Rawalpindi.  Gulrez Phase III , Rawalpindi"
"Dr. Muhammad Hussain","Intensive Care","Lahore",13,3.6,"03259-8944325","dr..muhammad.hussain613@diagnoai.com","Masood hospital                Feroz pur road Kalma chowk opposite to Daewoo bus stop    OPD1 , Lahore"
"Consultant Gynaecologist Dr Tayyaba Imran","Gynecologists","Lahore",21,4.6,"03279-1093037","consultant.gynaecologist.dr.tayyaba.imran164@diagnoai.com","Ittefaq Hospital                 Near H Block, Model Town, Lahore.  Model Town , Lahore"
"Dr. Syed Anis Khalid","General Practitioner","Rawalpindi",4,4.9,"03644-1213782","dr..syed.anis.khalid880@diagnoai.com","Khalid Clinic & laboratory                Sarfaraz Khan Road, Mohalla Waris Khan, Rawalpindi.  Mohalla Waris Khan , Rawalpindi"
"Dr. M. Asif Siddiqui","General Practitioner","Islamabad",19,4.1,"03671-4410427","dr..m..asif.siddiqui41@diagnoai.com","Hamza Clinic                Basement Abdullah Bin Masood Masjid, G-9 Markaz, Karachi Company, Islamabad.  G-9 , Islamabad"
"Dr Amin Yousaf","Plastic & Aesthetic Surgeon","N/A",16,4.1,"03877-6118684","dr.amin.yousaf492@diagnoai.com","N/A"
"Prof Dr Muhammad Amjad","ENT Specialist","Lahore",4,4.5,"03724-8870340","prof.dr.muhammad.amjad703@diagnoai.com","Mid City Hospital                3-A Shadman II, Jail RoadOpposite Kinaird College, Lahore , Pakistan.	  Shadman II , Lahore"
"UMAR NADEEM","Cardiologists","N/A",20,4,"03935-5798944","umar.nadeem79@diagnoai.com","N/A"
"Dr. Abdul Manan Shahid","Dentist","Islamabad",11,4,"03533-5465723","dr..abdul.manan.shahid84@diagnoai.com","Islamabad Dental Specialist                Office No 12-13,1St Floor, Lords Trading Center, F-11 Markaz, Islamabad.  F-11 Markaz , Islamabad"
"Dr Shahzad Ali","Urologists","karachi",5,3.8,"03470-1519118","dr.shahzad.ali493@diagnoai.com","A-5/A, National Highway, Phase 1, Defence Housing Authority,Near Kala Pul, Karachi.   DHA , karachi"
"Dr Rubina Hussain","Gynecologists","karachi",8,3.9,"03955-7197338","dr.rubina.hussain301@diagnoai.com","Ziauddin Hospital                Ziauddin Hospital, North Nazimabad, Karachi.  North Nazimabad , karachi"
"Lt. Col (R) Dr. Saleem Mushtaq Chaudhry","Anesthesiologist","Rawalpindi",10,3.6,"03846-5727017","lt..col..r..dr..saleem.mushtaq.chaudhry884@diagnoai.com","Wapda Hospital                Marir Chowk, Rawalpindi.  Marir Chowk , Rawalpindi"
"Dr. Riaz Anwar Khan","Cardiologists","Peshawar",12,4.7,"03467-1672472","dr..riaz.anwar.khan415@diagnoai.com","Lady Reading Hospital                Postgraduate Medical Institute,Lady Reading Hospital, Peshawar.Residence: H No 1 Street No 1, Sector H-1, Phase-II,Hayatabad Peshawar.  Hayatabad  , Peshawar"
"Dr Anwar Suhail","ENT Specialist","karachi",9,4.6,"03520-5648478","dr.anwar.suhail859@diagnoai.com","The Aga Khan University Hospital                 JHS Building - Ground Floor, Karachi.    Stadium Road , karachi"
"Dr. Muhammad Fahim Awan","ENT Specialist","Lahore",7,4.7,"03827-9542098","dr..muhammad.fahim.awan596@diagnoai.com","Akram Medical Complex                ENT Department, 2-B, Main Gulberg, Ayesha Sadiqa Road, Lahore.  Main Gulberg  , Lahore"
"Dr Mumtaz Lakhani","Pediatricians","N/A",6,4.2,"03650-4419177","dr.mumtaz.lakhani816@diagnoai.com","N/A"
"Dr Sadia Ahsan Pal","Gynecologists","karachi",9,4.8,"03461-2205077","dr.sadia.ahsan.pal444@diagnoai.com","OMI Hospital                Kiyani Shaheed Road, Gazdarabad, Karachi  Gazdarabad , karachi"
"Dr Khurshid Shabbir Raja","Gynecologists","Islamabad",4,3.9,"03302-6144442","dr.khurshid.shabbir.raja119@diagnoai.com","Shifa International Hospital                Pitras Bukhari Road, H-8/4, H-8, Islamabad/Rawalpindi.   H-8 , Islamabad"
"Dr. Hamid Ali","Dentist","Rawalpindi",5,5,"03869-2084481","dr..hamid.ali319@diagnoai.com","Oral Care                Clinic: Shop # 12, Zaraj Centre, Gulraiz II, Rawalpindi.  Gulraiz II , Rawalpindi"
"Dr Rasheeda Ghaffar","Gynecologists","karachi",13,4.3,"03761-9225774","dr.rasheeda.ghaffar440@diagnoai.com","Saifee Hospital                 Block F, North Nazimabad, Karachi.  North Nazimabad , karachi"
"Dr Shafqat Hassan","Cardiologists","karachi",19,4.4,"03172-9034944","dr.shafqat.hassan945@diagnoai.com","Patel Hospital                Block 4, Gulshan-e-Iqbal, Karachi.  Gulshan-e-Iqbal , karachi"
"Dr. Usman Ahmed","Dentist","Rawalpindi",15,4.7,"03726-3720358","dr..usman.ahmed87@diagnoai.com","Margalla Dental Hospital                Orthodontics Dental and Materials Department,Quaid-e-Azam Avenue, Gulrez Phase III, Rawalpindi.  Gulrez Phase III , Rawalpindi"
"Dr. Ajmal Osman","Medical Specialist","Islamabad",9,3.6,"03149-4041468","dr..ajmal.osman944@diagnoai.com","Maryam Hospital                Raja Haq Nawaz Plaza, G-11 Markaz, Islamabad.   G-11  , Islamabad"
"Dr Aisha Shaikh","Diabetologists","karachi",24,4.8,"03594-8140983","dr.aisha.shaikh70@diagnoai.com","The Aga Khan University Hospital                 CC Nazerali Walji-1Stadium Road, Karachi.  Stadium Rd , karachi"
"Brig (R) Muhammad Afzal Naz SI (M)","Ophthalmologist","N/A",13,4.7,"03291-9902446","brig..r..muhammad.afzal.naz.si..m.587@diagnoai.com","N/A"
"Dr. Anjum Naveed","ENT Specialist","karachi",15,4.7,"03157-9771258","dr..anjum.naveed292@diagnoai.com","The Indus Hospital                 Plot C-76, Sector 31/5,Opposite Darussalam Society, Korangi Crossing, Karachi.   Korangi Crossing , karachi"
"Dr Prof Abdul Aziz","Paediatric","N/A",12,3.6,"03734-9275494","dr.prof.abdul.aziz658@diagnoai.com","N/A"
"Dr. Farooq Ahmed Choudhry","Dentist","Islamabad",3,4.9,"03636-7699836","dr..farooq.ahmed.choudhry431@diagnoai.com","Capital Dental Clinic                F-4, First Floor Sardar Arcade, Near Bank Alfalah, G-11 Markaz, Islamabad.  G-11 Markaz , Islamabad"
"Dr. Syed Mumtaz Ali Shah","Cardiologists","Islamabad",17,4.9,"03366-6691451","dr..syed.mumtaz.ali.shah841@diagnoai.com","Quaid-e-Azam International Hospital                Cardiology Department,Near Golra Mor, Adjacent Forebels School, Peshawar Road, Islamabad.  Near Golra Mor , Islamabad"
"Dr. Salman Rabbani","General Physician","N/A",19,5,"03284-5760905","dr..salman.rabbani786@diagnoai.com","N/A"
"ikram khan","Gynecologists","N/A",4,3.8,"03402-5288360","ikram.khan418@diagnoai.com","N/A"
"Dr. Fazila zeshan","Dentist","Rawalpindi",14,4,"03845-6739194","dr..fazila.zeshan286@diagnoai.com","Margalla Dental Hospital                Oral & Maxillofacial Surgery DepartmentQuaid-e-Azam Avenue, Gulrez Phase III, Rawalpindi.  Gulrez Phase III , Rawalpindi"
"Brig Farrukh Hayat Khan","Psychiatrist","N/A",16,4.9,"03387-9419190","brig.farrukh.hayat.khan936@diagnoai.com","N/A"
"Dr. Zulkifal Awan","ENT Specialist","Islamabad",18,5,"03750-8256766","dr..zulkifal.awan75@diagnoai.com","Islamabad ENT Clinic                Shop # 13, Huma Plaza, Fazal-e-Haq Road, (Opp. Polyclinic Hospital), Islamabad.  Fazal-e-Haq Road , Islamabad"
"Dr. Sahibzada Mehmood Noor","Skin Specialists | Dermatologists","Peshawar",5,4.5,"03918-7015949","dr..sahibzada.mehmood.noor345@diagnoai.com","Abaseen Hospital                Dabgari Garden, Peshawar.  Dabgari Garden , Peshawar"
"Dr Saeed Ahmed Mahar","Diabetologists","karachi",5,4,"03864-7665200","dr.saeed.ahmed.mahar397@diagnoai.com","MAHAR MEDICAL CENTER                F – 50 A, Block 4, Clifton, Karachi.  Clifton , karachi"
"Dr Shaukat Mahmood Hotiana","Skin Specialists | Dermatologists","Lahore",14,3.6,"03586-4375310","dr.shaukat.mahmood.hotiana231@diagnoai.com","Mid City Hospital                3-A Shadman II, Jail RoadOpposite Kinaird College, Lahore.   Shadman ll , Lahore"
"Prof. Dr. Muhammad Azeem Aslam","ENT Specialist","Islamabad",10,3.9,"03744-2591078","prof..dr..muhammad.azeem.aslam843@diagnoai.com","MaxHealth Hospital                  G-8 Markaz , Islamabad"
"Dr. Yousaf Hayat Durrani","Skin Specialists | Dermatologists","Peshawar",13,3.9,"03410-1538966","dr..yousaf.hayat.durrani49@diagnoai.com","Said Anwar Medical                 Railway Rd, Peshawar.Mon to Fri 4.00 PM to 7.00 PM  Railway Rd , Peshawar"
"Dr Faridullah Khan","Cardiologists","Rawalpindi",23,4.3,"03290-9966987","dr.faridullah.khan380@diagnoai.com","Shifa International Hospitals Ltd.                Pitras Bukhari Rd, Islamabad.  Pitras Bukhari Rd , Rawalpindi"
"Dr LUBNA ZUBAIR ALAM","Skin Specialists | Dermatologists","Hyderabad",17,4.9,"03462-4143276","dr.lubna.zubair.alam437@diagnoai.com","20/A, Al-Mustafa Homes, Unit No 9, Latifabad, Hyderabad.  Latifabad , Hyderabad"
"Dr. Nouman Saleem","Dentist","Islamabad",14,3.7,"03711-8360669","dr..nouman.saleem911@diagnoai.com","Orthodontic & Cosmetic Clinic                Rajan Plaza, 2-E, Behind shell, Pump, F-10 Markaz, Islamabad.  F-10 , Islamabad"
"Abida Jamil","General Practitioner","N/A",4,4.3,"03151-7589470","abida.jamil831@diagnoai.com","N/A"
"Dr. Aamir Bilal","Cardiologists","Peshawar",21,4.3,"03346-9613030","dr..aamir.bilal695@diagnoai.com","AAMIR BILAL CLINIC                 ROOM C 34 C 57 3RD FLOOR KHYBER MEDICAL CENTRE DABGARI GARDENS PESHAWAR.  DABGARI  , Peshawar"
"Dr. Waheed Ullah Khan","Dentist","Islamabad",9,4.5,"03396-1245249","dr..waheed.ullah.khan989@diagnoai.com","The Dental Consultant                Moon Plaza, Airport Road, Opposite Askari 10, Rawalpindi.  Askari 10 , Islamabad"
"Dr. Muhammad Nazeef Shah","Dentist","Islamabad",7,4.2,"03974-6029009","dr..muhammad.nazeef.shah580@diagnoai.com","Nazeef Dental Clinic                Shop # 19-20, 7-B Block, Warriach Plaza, F-10 Markaz, Islamabad.   F-10 Markaz , Islamabad"
"Dr Aasma tayyab khan","Skin Specialists | Dermatologists","N/A",5,5,"03687-5592233","dr.aasma.tayyab.khan687@diagnoai.com","N/A"
"Dr. Junaid .A. Peerzadah","Diabetes and Endocrine","N/A",15,3.9,"03845-6613921","dr..junaid..a..peerzadah843@diagnoai.com","N/A"
"Prof. Dr. Shah Muhammad Wazir","Skin Specialists | Dermatologists","Peshawar",20,4,"03415-3333993","prof..dr..shah.muhammad.wazir545@diagnoai.com","Akbar Medical Centre                Dabgari Garden, Peshawar.  Dabgari Garden , Peshawar"
"Dr Rahat Najam Qureshi","Gynecologists","karachi",5,3.6,"03730-1763553","dr.rahat.najam.qureshi859@diagnoai.com","The Aga Khan University Hospital                 AKUH Consulting Clinic, Stadium Road, Karachi.  Stadium Road , karachi"
"Dr Mohammad Osman Khan","Urologists","N/A",24,3.8,"03391-7379682","dr.mohammad.osman.khan196@diagnoai.com","N/A"
"Dr. Jamshed Alam","Medical Specialist","Rawalpindi",21,3.9,"03136-1462962","dr..jamshed.alam602@diagnoai.com","Citi Clinic                2660, Hall Chowk, Saddar, Rawalpindi.  Saddar , Rawalpindi"
"Dr Azam Jah Samdani","Skin Specialists | Dermatologists","karachi",14,4.8,"03299-1960933","dr.azam.jah.samdani886@diagnoai.com","The Aga Khan Hospital                 JHS Building - Ground Floor, Karachi.   Stadium Rd , karachi"
"Dr. S. Shahab","Plastic & Aesthetic Surgeon","N/A",22,4.3,"03568-6485009","dr..s..shahab788@diagnoai.com","N/A"
"Maj. Muhammad Waseem","Cardiologists","N/A",3,3.8,"03411-7070552","maj..muhammad.waseem277@diagnoai.com","N/A"
"Prof. Dr. Javed Akram","Medical Specialist","N/A",6,4.9,"03790-3680007","prof..dr..javed.akram974@diagnoai.com","N/A"
"Dr Azra Batool","Gynecologists","Islamabad",14,3.9,"03170-3696119","dr.azra.batool71@diagnoai.com","Shifa International Hospital                Sector H-8/4, Islamabad.   H-8 , Islamabad"
"Dr Amna Subhan Butt","Gastroenterology","karachi",23,4.6,"03798-5412506","dr.amna.subhan.butt969@diagnoai.com","The Aga Khan University Hospital                Consulting Clinics (JHS Building -Second Floor), Stadium Road, Karachi.  Stadium Road , karachi"
"Dr Nadir Anjum","Physiotherapist","Islamabad",17,4.5,"03334-1943616","dr.nadir.anjum845@diagnoai.com","Ali Medical Centre                Kohistan Road  F8 Markaz  , Islamabad"
"Dr Khatija Javed Qazi","Gynecologists","N/A",7,3.9,"03169-1691350","dr.khatija.javed.qazi264@diagnoai.com","N/A"
"Maj. Masroor-uz-Zaman","Cardiologists","N/A",18,3.6,"03748-4388104","maj..masroor.uz.zaman984@diagnoai.com","N/A"
"Dr SHAFIQUE-UR-REHMAN MEMON","Urologists","Hyderabad",5,4.5,"03317-5474728","dr.shafique.ur.rehman.memon594@diagnoai.com","9 Diplai Memon Colony Hyderabad.  Memon Colony  , Hyderabad"
"Rabia Azmat","Psychiatrist","N/A",16,3.8,"03181-6715808","rabia.azmat664@diagnoai.com","N/A"
"Lt. Col (R) Dr. Ayyaz Hussain Awan","Ophthalmologist","N/A",9,4.7,"03501-9754222","lt..col..r..dr..ayyaz.hussain.awan921@diagnoai.com","N/A"
"Dr. Sheikh Bakhtiar Ahmed","Orthopaedics","N/A",24,4.7,"03267-4328488","dr..sheikh.bakhtiar.ahmed571@diagnoai.com","N/A"
"Dr Umer saleem","Skin Specialists | Dermatologists","N/A",6,4.1,"03628-6770028","dr.umer.saleem818@diagnoai.com","N/A"
"Dr. Adnan Aslam","Dentist","Rawalpindi",17,3.9,"03378-5440052","dr..adnan.aslam988@diagnoai.com","Quaid-e-Azam International Hospital                Oral & MaxillofacialSurgery Department Near Golra Mor, Adjacent Froebels International School, Rawalpindi.  Near Golra Mor , Rawalpindi"
"Dr. Qaiser Omer","Dentist","Rawalpindi",22,4.2,"03981-8662841","dr..qaiser.omer71@diagnoai.com","Margalla Dental Hospital                Operative Dentistry Department,Quaid-e-Azam Avenue, Gulrez Phase III, Rawalpindi.  Gulrez Phase III , Rawalpindi"
"Dr. Shaheen Shaheen Wasti","General Practitioner","Rawalpindi",6,3.6,"03693-5149218","dr..shaheen.shaheen.wasti484@diagnoai.com","AHL Clinic                AHL Nae Abadi Morga Mor, Rawalpindi.  Morga Mor , Rawalpindi"
"Dr. Tariq Mehmood","Skin Specialists | Dermatologists","Rawalpindi",16,3.6,"03646-9466653","dr..tariq.mehmood396@diagnoai.com","Raazi Hospital                Satellite Town, Rawalpindi.  Satellite Town , Rawalpindi"
"Dr Muhammad Musharraf","Cardiologists","karachi",21,3.9,"03838-5451533","dr.muhammad.musharraf336@diagnoai.com","National Medical Centre                 A-5/A, National Highway,,Near Kala Pul,, Korangi Road, Karachi.  DHA , karachi"
"Dr Maryam Malik","Gynecologists","Lahore",4,3.9,"03819-6783694","dr.maryam.malik742@diagnoai.com","Ammar Medical Complex                8-Haroon Shah Scheme, Main Jail Road, Lahore  Main Jail Road , Lahore"
"Dr. Farah Aamir","Skin Specialists | Dermatologists","Lahore",19,4,"03249-2649877","dr..farah.aamir581@diagnoai.com","Contact Skin Laser and Liposuction Center                48-C-2, Ghalib Road, Gulberg III, Lahore.  Gulberg III , Lahore"
"Dr. Faryal Azhar","General Surgeon","Rawalpindi",11,4.1,"03745-4031655","dr..faryal.azhar258@diagnoai.com","Maryam Memorial Hospital                Surgery Department, Peshawar Road, Rawalpindi.   Peshawar Road , Rawalpindi"
"Dr.Muhammad Amir","Plastic & Aesthetic Surgeon","N/A",16,3.8,"03524-2994061","dr.muhammad.amir773@diagnoai.com","N/A"
"Dr Aysha Habib Khan","Endocrinologist","karachi",13,4.6,"03783-5591967","dr.aysha.habib.khan202@diagnoai.com","The Aga Khan University Hospital                 CC Nazerali Walji-1, Karachi.  Stadium Road , karachi"
"Dr Mona Aziz","Hematologist","Lahore",9,4.5,"03658-5121931","dr.mona.aziz908@diagnoai.com","276-H2 johar town , Aziz haematology Clinic.  Johar Town , Lahore"
"Dr Wajeehuddin","Paediatric","N/A",13,4.3,"03964-7041712","dr.wajeehuddin110@diagnoai.com","N/A"
"Dr Tayyaba Imran","Gynecologists","Lahore",21,3.8,"03717-4921161","dr.tayyaba.imran933@diagnoai.com","Ittefaq Hospital                Near H- Block, Model Town, Lahore  Model Town , Lahore"
"Dr. Shahina Azam","Urologists","Islamabad",10,3.8,"03176-2770576","dr..shahina.azam469@diagnoai.com","Quaid-e-Azam International Hospital                Near Golra Mor, Adjacent Forebels School, Peshawar Road, Islamabad.  Near Golra Mor , Islamabad"
"Dr. Umer shah","General Surgeon","karachi",4,4.9,"03880-4482013","dr..umer.shah758@diagnoai.com","apple                   , karachi"
"Dr. Waqas Anwar","Child Specialist","Islamabad",5,4.6,"03878-4615858","dr..waqas.anwar700@diagnoai.com","Quaid-e-Azam International Hospital                Near Golra Mor, Adjacent Forebels School, Peshawar Road, Islamabad.  Near Golra Mor , Islamabad"
"Dr. Sohail Aslam","Cardiologists","N/A",15,4.4,"03212-3510062","dr..sohail.aslam699@diagnoai.com","N/A"
"Dr Muhammad Fazil","Pediatricians","N/A",16,3.9,"03215-9327813","dr.muhammad.fazil702@diagnoai.com","N/A"
"Child Specialist Dr. Asif Javeid","Neonatologist","N/A",16,4,"03289-5845681","child.specialist.dr..asif.javeid909@diagnoai.com","N/A"
"Dr Saima Hamid","Gynecologists","N/A",8,3.8,"03895-4739843","dr.saima.hamid290@diagnoai.com","N/A"
"Dr. Uzma Rasheed","Rheumatologist","N/A",23,4.6,"03401-8941639","dr..uzma.rasheed24@diagnoai.com","N/A"
"Dr. Nizakat Karim","Medical Specialist","N/A",7,4.2,"03332-6335446","dr..nizakat.karim48@diagnoai.com","N/A"
"Muhammad Sajid","Medical Specialist","N/A",4,3.6,"03524-5629114","muhammad.sajid319@diagnoai.com","N/A"
"Dr Aziz Jamal Naqvi","Cardiologists","N/A",23,4.6,"03312-5367325","dr.aziz.jamal.naqvi215@diagnoai.com","N/A"
"Dr Mazhar Nizam","Plastic & Aesthetic Surgeon","N/A",16,4.2,"03149-3437028","dr.mazhar.nizam412@diagnoai.com","N/A"
"Dr Ahmed Fawad","Urologists","N/A",23,4,"03283-4507989","dr.ahmed.fawad387@diagnoai.com","N/A"
"Dr. Asim Sohail","Child Specialist","N/A",12,4.7,"03425-5836248","dr..asim.sohail757@diagnoai.com","N/A"
"Dr. Asad Mehmood Mirza","Urologists","N/A",15,4,"03441-2200538","dr..asad.mehmood.mirza866@diagnoai.com","N/A"
"Dr. Jawed Akhtar","Pain Management","N/A",19,3.5,"03422-1861273","dr..jawed.akhtar318@diagnoai.com","N/A"
"Dr. Ghias-ud-Din Jan","Orthopaedics","N/A",17,4.6,"03469-6809021","dr..ghias.ud.din.jan957@diagnoai.com","N/A"
"Brig. Muhammad Bilal Bin Yousaf","Cardiologists","N/A",7,3.9,"03219-9733203","brig..muhammad.bilal.bin.yousaf197@diagnoai.com","N/A"
"Dr nadem aslam","Medical Specialist","N/A",23,4.2,"03176-6908364","dr.nadem.aslam875@diagnoai.com","N/A"
"Dr. Vajeeha Azeem","Nutrition/Dietitian","N/A",4,4,"03521-3568424","dr..vajeeha.azeem293@diagnoai.com","N/A"
"Dr. Brig. (R) Iftikhar Muhammad","Ophthalmologist","N/A",5,4.3,"03493-1214695","dr..brig...r..iftikhar.muhammad365@diagnoai.com","N/A"
"Dr. Asif Javeid","Pediatricians","N/A",15,4.4,"03351-9351680","dr..asif.javeid450@diagnoai.com","N/A"
"Dr Muhammad Aslam","Diabetologists","N/A",17,4.4,"03964-8980871","dr.muhammad.aslam279@diagnoai.com","N/A"
"Dr Yasir Kiani","Orthopaedics","N/A",4,3.9,"03124-7682056","dr.yasir.kiani566@diagnoai.com","N/A"
"Dr.Mansoor A. Sheikh","Medical Specialist","N/A",17,4.5,"03289-5265790","dr.mansoor.a..sheikh538@diagnoai.com","N/A"
"zia qazi","ENT Specialist","N/A",7,4.2,"03862-3080825","zia.qazi651@diagnoai.com","N/A"
"Shahid Malik","Psychiatrist","N/A",11,3.6,"03764-9667065","shahid.malik402@diagnoai.com","N/A"
"Dr Kiran Riaz Arain","Gynecologists","N/A",8,3.5,"03727-2926366","dr.kiran.riaz.arain435@diagnoai.com","N/A"
"Dr. Bashir Ahmad Qureshi","Medical Specialist","N/A",6,4.6,"03914-1634026","dr..bashir.ahmad.qureshi401@diagnoai.com","N/A"
"Dr. Omer Abdullah","Medical Specialist","N/A",22,4.4,"03634-1036255","dr..omer.abdullah464@diagnoai.com","N/A"
"Dr Muhammad zubair","Dentist","N/A",5,4.9,"03353-5485910","dr.muhammad.zubair183@diagnoai.com","N/A"
"Kiran","Dentist","N/A",7,3.7,"03590-8943832","kiran968@diagnoai.com","N/A"
"Dr Gohar Amin","Pediatricians","N/A",11,3.8,"03821-9540002","dr.gohar.amin597@diagnoai.com","N/A"
"Dr Muhammad Tahir","Paediatric","N/A",11,3.6,"03856-8872559","dr.muhammad.tahir653@diagnoai.com","N/A"
"ENT Professor [Army Doctor] BRIG Shamsul Jalil","ENT Specialist","N/A",13,4.2,"03707-6464369","ent.professor..army.doctor..brig.shamsul.jalil811@diagnoai.com","N/A"
"Dr Ghulam Mohiuddin","Pediatricians","N/A",14,3.6,"03566-8594374","dr.ghulam.mohiuddin511@diagnoai.com","N/A"
"Homoeopathic consult Dr M Hanif mughal","General Practitioner","N/A",19,4.3,"03415-4665876","homoeopathic.consult.dr.m.hanif.mughal907@diagnoai.com","N/A"
"Prof. Dr Raza Baloch","Pediatricians","N/A",11,4.3,"03468-5874890","prof..dr.raza.baloch456@diagnoai.com","N/A"
"Dr. Shazli Manzoor","Pulmonologist","N/A",11,4.8,"03943-2674564","dr..shazli.manzoor572@diagnoai.com","N/A"
"Dr Mohammad Ayub","Paediatric","N/A",5,4.9,"03458-2210387","dr.mohammad.ayub316@diagnoai.com","N/A"
"Dr Ishrat Saleem","Urologists","N/A",11,4.7,"03426-1966446","dr.ishrat.saleem753@diagnoai.com","N/A"
"Dr. Shaista Riaz","Radiologist","N/A",5,4.4,"03783-4646232","dr..shaista.riaz156@diagnoai.com","N/A"
"Dr Fazal ur Rehman","Plastic & Aesthetic Surgeon","N/A",21,3.9,"03890-9195439","dr.fazal.ur.rehman797@diagnoai.com","N/A"
"Dr. Zafar Iqbal Sheikh","Pathologist","N/A",4,3.6,"03941-8210164","dr..zafar.iqbal.sheikh766@diagnoai.com","N/A"
"Maj. (R) Dr. Tariq Hakim","Radiologist","N/A",7,3.8,"03723-7361870","maj...r..dr..tariq.hakim687@diagnoai.com","N/A"
"Dr Irum Asghar","Gynecologists","N/A",11,4,"03756-6362461","dr.irum.asghar86@diagnoai.com","N/A"
"Dr. Abdullah Khurram","Physician","N/A",13,4.6,"03878-5574373","dr..abdullah.khurram641@diagnoai.com","N/A"
"Dr Mehmood Yousuf","Urologists","N/A",12,4.1,"03961-4567072","dr.mehmood.yousuf74@diagnoai.com","N/A"
"Dr. Junaid .A. Peerzadah","Diabetes and Endocrine","N/A",19,4.6,"03932-7147737","dr..junaid..a..peerzadah621@diagnoai.com","N/A"
"Dr Syed Mohsin Ahmed","Pediatricians","N/A",16,3.7,"03735-8496989","dr.syed.mohsin.ahmed31@diagnoai.com","N/A"
"Dr Munawar Ali Siddiqui","Pediatricians","N/A",15,4.4,"03288-9809191","dr.munawar.ali.siddiqui865@diagnoai.com","N/A"
"Brig (R) Dr. Ishfaq Ahmed","Neurosurgeon","N/A",16,4,"03154-1670074","brig..r..dr..ishfaq.ahmed814@diagnoai.com","N/A"
"Brig. Asif Ali Khan","Cardiologists","N/A",21,4,"03736-6869299","brig..asif.ali.khan590@diagnoai.com","N/A"
"Dr Kanwal Qayyum","Psychiatrist","N/A",24,4,"03238-5995383","dr.kanwal.qayyum58@diagnoai.com","N/A"
"Arshad","General Practitioner","N/A",5,4.8,"03264-3469777","arshad700@diagnoai.com","N/A"
"Dr.Shaukat A Khan","Medical Specialist","N/A",21,3.9,"03120-4833755","dr.shaukat.a.khan196@diagnoai.com","N/A"
"Rayyan Alam","General Physician","N/A",17,4.6,"03942-2983916","rayyan.alam210@diagnoai.com","N/A"
"Dr Prof Khursheed Anwar","Pediatricians","N/A",21,4.1,"03130-5023236","dr.prof.khursheed.anwar393@diagnoai.com","N/A"
"Dr. Rashid Hafeez Nasir","Physiotherapist","N/A",6,4.1,"03283-3988253","dr..rashid.hafeez.nasir71@diagnoai.com","N/A"
"dr anwar shah","Physician","N/A",3,3.5,"03135-3596085","dr.anwar.shah799@diagnoai.com","N/A"
"Prof.Nazir Ahmad","Neurosurgeon","N/A",8,4.5,"03761-2660465","prof.nazir.ahmad147@diagnoai.com","N/A"
"Dr. Chiragh Hussain Bukhari","Medical Specialist","N/A",5,4.2,"03433-5034605","dr..chiragh.hussain.bukhari194@diagnoai.com","N/A"
"Dr. Shujah Ud-Din","Pediatricians","N/A",20,4.8,"03362-4366388","dr..shujah.ud.din223@diagnoai.com","N/A"
"Dr Najjia Ashraf","Skin Specialists | Dermatologists","N/A",14,4.6,"03376-3385627","dr.najjia.ashraf627@diagnoai.com","N/A"
"Dr Zafar Zaidi","Urologists","N/A",13,3.9,"03701-6104855","dr.zafar.zaidi545@diagnoai.com","N/A"
"Dr Saeed Ahmed Mahar","Diabetologists","N/A",13,5,"03952-2360394","dr.saeed.ahmed.mahar355@diagnoai.com","N/A"
"Dr Asad Hussain","Psychiatrist","N/A",13,4.8,"03200-9283274","dr.asad.hussain198@diagnoai.com","N/A"
"Dr. Muhammad Iqbal Raza","Radiologist","N/A",15,3.9,"03658-3884900","dr..muhammad.iqbal.raza509@diagnoai.com","N/A"
"Dr Prof Shaista Effendi Rais","Plastic & Aesthetic Surgeon","N/A",10,4.9,"03425-3756938","dr.prof.shaista.effendi.rais781@diagnoai.com","N/A"
"Dr. Azmat Kamran Khan Surkhail","Ophthalmologist","N/A",12,4.7,"03124-6140027","dr..azmat.kamran.khan.surkhail304@diagnoai.com","N/A"
"Homeopathic Physician  Dr. Anjum Shuja Siddiquie","Zindagi Ky Rang","N/A",12,4.8,"03202-1160537","homeopathic.physician..dr..anjum.shuja.siddiquie832@diagnoai.com","N/A"
"Dr.Bashir Ahmed Khawaja","Radiologist","N/A",6,4.5,"03469-5162167","dr.bashir.ahmed.khawaja582@diagnoai.com","N/A"
"Dr Riaz Ahmed","Pediatricians","N/A",8,4.1,"03735-3013978","dr.riaz.ahmed391@diagnoai.com","N/A"
"Dr Mudassar Hameed Qureshi","Pediatricians","N/A",15,4.3,"03318-5562015","dr.mudassar.hameed.qureshi415@diagnoai.com","N/A"
"Dr. Shahzad Waseem","Ophthalmologist","N/A",21,4.4,"03399-6946711","dr..shahzad.waseem805@diagnoai.com","N/A"
"Dr. Azim Jahangir Khan","Plastic & Aesthetic Surgeon","N/A",4,3.6,"03621-1049171","dr..azim.jahangir.khan674@diagnoai.com","N/A"
"Dr Arshad Abid","Pediatricians","N/A",6,4.1,"03131-6803490","dr.arshad.abid518@diagnoai.com","N/A"
"Dr. Mazhar Hussain","Hair Transplant Surgeon","N/A",5,4.1,"03819-5034388","dr..mazhar.hussain913@diagnoai.com","N/A"
"Lt. Gen. Syed Afzal Ahmad","Cardiologists","N/A",13,4.7,"03691-4557737","lt..gen..syed.afzal.ahmad334@diagnoai.com","N/A"
"Dr Anees Hussain Jaffery","Urologists","N/A",21,3.9,"03543-1690289","dr.anees.hussain.jaffery878@diagnoai.com","N/A"
"Lt.Col Dr Salahuddin","Medical Specialist","N/A",23,3.6,"03477-5924852","lt.col.dr.salahuddin252@diagnoai.com","N/A"
"Dr. Shahzad Iftikhar","Ophthalmologist","N/A",12,4.2,"03961-5321518","dr..shahzad.iftikhar689@diagnoai.com","N/A"
"Dr. Sheima Baig","Medical Specialist","N/A",14,4,"03451-2340797","dr..sheima.baig333@diagnoai.com","N/A"
"Dr Shafiq Cheema,MD,FACP,FASN","Nephrologist","N/A",6,4.5,"03271-2478766","dr.shafiq.cheema.md.facp.fasn434@diagnoai.com","N/A"
"Dr. Muhammad Yasin","Physiotherapist","N/A",19,4.8,"03427-9965677","dr..muhammad.yasin560@diagnoai.com","N/A"
"Prof Dr Abdul Hameed","Plastic & Aesthetic Surgeon","N/A",8,3.8,"03412-3503304","prof.dr.abdul.hameed362@diagnoai.com","N/A"
"Dr Jai Parkash","Pediatricians","N/A",22,4,"03486-7378207","dr.jai.parkash551@diagnoai.com","N/A"
"Dr waqas naeem","Allergy Specialist","N/A",21,4.8,"03871-2518686","dr.waqas.naeem448@diagnoai.com","N/A"
"Dr. Shaharyar Ahmad Bhatti","Psychiatrist","N/A",4,4.5,"03828-1849543","dr..shaharyar.ahmad.bhatti586@diagnoai.com","N/A"
"Dr Shabbir Hussain","Paediatric","N/A",18,4,"03140-1414724","dr.shabbir.hussain530@diagnoai.com","N/A"
"Dr Imran Riaz","Plastic & Aesthetic Surgeon","N/A",7,4.1,"03416-6151869","dr.imran.riaz304@diagnoai.com","N/A"
"Dr Khursheed Alvi","Skin Specialists | Dermatologists","N/A",17,4.5,"03227-8790166","dr.khursheed.alvi162@diagnoai.com","N/A"
"Dr Mohammad Jameel","Pediatricians","N/A",12,4.7,"03320-2794541","dr.mohammad.jameel83@diagnoai.com","N/A"
"Lt. Col. (R) Dr. Ishtiaq Malik TI","Medical Specialist","N/A",19,4.7,"03839-3783864","lt..col...r..dr..ishtiaq.malik.ti405@diagnoai.com","N/A"
"Dr. Muhammad Umar Shah","Dentist","N/A",15,4.9,"03461-3151363","dr..muhammad.umar.shah178@diagnoai.com","N/A"
"DR.ASHOK KUMAR RAHEJA","ENT Specialist","N/A",23,3.9,"03698-2012369","dr.ashok.kumar.raheja120@diagnoai.com","N/A"
"PROF SAFDAR ALI MALIK","Radiologist","N/A",17,4.3,"03246-9830536","prof.safdar.ali.malik641@diagnoai.com","N/A"
"Dr Iqtidar Taufiq","Psychiatrist","N/A",12,4.3,"03175-9300896","dr.iqtidar.taufiq211@diagnoai.com","N/A"
"Dr. Sohail Majeed","Neurosurgeon","N/A",5,3.7,"03129-5466776","dr..sohail.majeed517@diagnoai.com","N/A"
"Dr. Rizwan Jilani","Orthopaedics","N/A",16,4.8,"03360-1415336","dr..rizwan.jilani219@diagnoai.com","N/A"
"Dr Anwar-ul-Haq","Psychiatrist","N/A",19,4.8,"03398-8683153","dr.anwar.ul.haq581@diagnoai.com","N/A"
"Dr Naveed Iqbal","Urologists","N/A",7,4.4,"03243-3305325","dr.naveed.iqbal922@diagnoai.com","N/A"
"Dr Jan Mohammad","Pediatricians","N/A",23,4.7,"03535-6725400","dr.jan.mohammad469@diagnoai.com","N/A"
"Dr Shakil Rizvi","Pediatricians","N/A",24,4.6,"03255-9561890","dr.shakil.rizvi571@diagnoai.com","N/A"
"Sahira Bano","Physiotherapist","N/A",7,3.6,"03577-9641575","sahira.bano371@diagnoai.com","N/A"
"Dr Khalid Maqsood","Paediatric","N/A",5,3.8,"03621-7604672","dr.khalid.maqsood390@diagnoai.com","N/A"
"Dr M. Irfan Sajid","Pediatricians","N/A",12,4.6,"03588-1902968","dr.m..irfan.sajid383@diagnoai.com","N/A"
"Dr. Sajjad Hussain Janjua","Medical Specialist","N/A",10,4.9,"03224-4179560","dr..sajjad.hussain.janjua943@diagnoai.com","N/A"
"Dr Kehkashan","Pediatricians","N/A",18,4.9,"03547-6370566","dr.kehkashan292@diagnoai.com","N/A"
"Dr Sohail Thobani","Pediatricians","N/A",10,5,"03476-7961213","dr.sohail.thobani319@diagnoai.com","N/A"
"Dr IRSHAD AHMED","Diabetologists","N/A",9,4.1,"03410-1473327","dr.irshad.ahmed115@diagnoai.com","N/A"
"Dr Shakeel A Siddiqui","Psychiatrist","N/A",12,3.5,"03828-1187882","dr.shakeel.a.siddiqui255@diagnoai.com","N/A"
"Col.(R) Dr. Saghir Ahmed Rao","Medical Specialist","N/A",17,4.6,"03253-9394279","col..r..dr..saghir.ahmed.rao820@diagnoai.com","N/A"
"Brig. Azhar Rashid","Cardiologists","N/A",13,3.6,"03324-2559302","brig..azhar.rashid418@diagnoai.com","N/A"
"Lt. Col. (R) Dr. Syed Atif Mahmood Kazmi","Neurosurgeon","N/A",19,4.6,"03597-4464017","lt..col...r..dr..syed.atif.mahmood.kazmi813@diagnoai.com","N/A"
"Dr Khalida Nasreen","Gynecologists","N/A",13,4.9,"03136-5596040","dr.khalida.nasreen10@diagnoai.com","N/A"
"Dr Salma Batool","Gynecologists","N/A",21,3.6,"03844-1024436","dr.salma.batool397@diagnoai.com","N/A"
"Prof. Anwar Ul Haque","Pathologist","N/A",3,3.9,"03686-8346375","prof..anwar.ul.haque685@diagnoai.com","N/A"
"Dr. Raja Mohammad Masood Sadiq","Neurosurgeon","N/A",5,3.7,"03782-3274783","dr..raja.mohammad.masood.sadiq643@diagnoai.com","N/A"
"Dr. Mirza S. Baig","Orthopaedics","N/A",19,3.5,"03702-4124636","dr..mirza.s..baig857@diagnoai.com","N/A"
"Imran Khan","Physiotherapist","N/A",9,4.8,"03828-1434432","imran.khan793@diagnoai.com","N/A"
"Dr. Hafiz Muhammad Manan Haider","Physiotherapist","N/A",8,4.4,"03374-9258611","dr..hafiz.muhammad.manan.haider757@diagnoai.com","N/A"
"Dr. M. Syed Inamullah Shah","Orthopaedics","N/A",10,4.6,"03378-1640405","dr..m..syed.inamullah.shah583@diagnoai.com","N/A"
"Lt. Col (R). Dr. Salahuddin","Nephrologist","N/A",13,4,"03686-8492316","lt..col..r...dr..salahuddin111@diagnoai.com","N/A"
"Dr Prof S Jamal Raza","Pediatricians","N/A",24,4.6,"03217-9198735","dr.prof.s.jamal.raza56@diagnoai.com","N/A"
"Z. M. Raahat","ENT Specialist","N/A",17,3.8,"03554-9456780","z..m..raahat288@diagnoai.com","N/A"
"Professor Zia ur Rehman","Cardiologists","N/A",20,3.9,"03557-6047085","professor.zia.ur.rehman271@diagnoai.com","N/A"
"Dr. Usman Ali Trimzi","Radiologist","N/A",14,4,"03370-8945329","dr..usman.ali.trimzi842@diagnoai.com","N/A"
"Dr Amna","Gynecologists","N/A",17,4.7,"03446-3626775","dr.amna958@diagnoai.com","N/A"
"Dr Naseeruddin Mahmood","Pediatricians","N/A",14,3.9,"03572-7487509","dr.naseeruddin.mahmood121@diagnoai.com","N/A"
"Dr Shahid Malik","Cardiologists","N/A",4,4.2,"03715-2088034","dr.shahid.malik401@diagnoai.com","N/A"
"Dr A Jabbar","Urologists","N/A",10,3.8,"03888-2704251","dr.a.jabbar910@diagnoai.com","N/A"
"Cosultant Eye & Laser Surgeon Dr Arslan Ahmed","Ophthalmologist","N/A",21,4.9,"03622-4781700","cosultant.eye...laser.surgeon.dr.arslan.ahmed825@diagnoai.com","N/A"
"Dr Zafar Mehdi","Pediatricians","N/A",13,4.2,"03723-7016238","dr.zafar.mehdi284@diagnoai.com","N/A"
"Dr Nasir Saleem Saddal","Paediatric","N/A",17,3.9,"03787-9618707","dr.nasir.saleem.saddal294@diagnoai.com","N/A"
"Dr. Ehtisham Khyzer","Medical Specialist","N/A",20,4.5,"03612-8379849","dr..ehtisham.khyzer182@diagnoai.com","N/A"
"Dr Sitwat Fareed","Skin Specialists | Dermatologists","N/A",22,4.2,"03334-7988986","dr.sitwat.fareed645@diagnoai.com","N/A"
"Dr. Farkhanda Akhtar Abbasi","Radiologist","N/A",10,4.6,"03275-8573387","dr..farkhanda.akhtar.abbasi289@diagnoai.com","N/A"
"Dr Nadeem A Fahmi","Cardiologists","N/A",15,4,"03926-9387201","dr.nadeem.a.fahmi639@diagnoai.com","N/A"
"Dr Moazzam Tarar","Plastic & Aesthetic Surgeon","N/A",21,3.6,"03267-7437028","dr.moazzam.tarar571@diagnoai.com","N/A"
"Dr Huriyah Mufeedi","Gynecologists","N/A",7,4.9,"03234-7066406","dr.huriyah.mufeedi983@diagnoai.com","N/A"
"Dr. Nayyer Yaqoob","Medical Specialist","N/A",3,4.7,"03680-4658702","dr..nayyer.yaqoob426@diagnoai.com","N/A"
"Dr. Muhammad Atif Beg","Medical Specialist","N/A",13,4.8,"03616-4336596","dr..muhammad.atif.beg599@diagnoai.com","N/A"
"Dr Najmul Islam","Diabetologists","N/A",21,4.6,"03866-8610184","dr.najmul.islam45@diagnoai.com","N/A"
"Dr. Mishal Rehman","General Physician","N/A",16,4.7,"03599-4329813","dr..mishal.rehman865@diagnoai.com","N/A"
"Dr. Sadia Ziafal","Medical Specialist","N/A",24,4.2,"03254-8267202","dr..sadia.ziafal973@diagnoai.com","N/A"
"Dr. Muhammad Irfan Saeed","Medical Specialist","N/A",15,3.9,"03184-5758551","dr..muhammad.irfan.saeed186@diagnoai.com","N/A"
"Dr. Syed Zia-ul-Hussain","Medical Specialist","N/A",5,4.6,"03262-2471600","dr..syed.zia.ul.hussain207@diagnoai.com","N/A"
"Dr. Muhammad Saleem Iqbal","Urologists","N/A",20,4.6,"03221-7710280","dr..muhammad.saleem.iqbal497@diagnoai.com","N/A"
"Maj (R) Dr. Nadeem Yusuf","Medical Specialist","N/A",11,4,"03988-1426762","maj..r..dr..nadeem.yusuf185@diagnoai.com","N/A"
"Dr Fehmida Nazeer","Pediatricians","N/A",23,4.4,"03777-7301081","dr.fehmida.nazeer739@diagnoai.com","N/A"
"Dr. Muhammad Saleem","Cardiologists","N/A",5,4.7,"03494-2209272","dr..muhammad.saleem443@diagnoai.com","N/A"
"Dr. Naveed Gani","Psychiatrist","N/A",5,3.8,"03831-1249055","dr..naveed.gani238@diagnoai.com","N/A"
"Dr. Glulam Saqulain","ENT Specialist","N/A",13,4.4,"03954-3915402","dr..glulam.saqulain980@diagnoai.com","N/A"
"Dr. Adnan Ghaffoor Orakzai","Medical Specialist","N/A",12,3.7,"03957-9111308","dr..adnan.ghaffoor.orakzai6@diagnoai.com","N/A"
"Dr Naeem Zafar","Pediatricians","Lahore",10,3.8,"03505-1754084","dr.naeem.zafar531@diagnoai.com","Gulberg Hospital                6 - A / K  Gulberg - ll , Lahore"
"Dr Pervaiz Iqbal","Skin Specialists | Dermatologists","Hyderabad",16,4,"03988-5597640","dr.pervaiz.iqbal408@diagnoai.com","47- Soldier Bazar, Saddar Hyderabad.  Saddar , Hyderabad"
"Dr Shamim Ara","Skin Specialists | Dermatologists","karachi",15,4.9,"03848-1259346","dr.shamim.ara437@diagnoai.com","Nadeem Medical Center                Gulshan-e-Iqbal, Karachi.  Gulshan-e-Iqbal , karachi"
"Dr. Awais Amjad Malik","Surgical Oncology","Lahore",10,4.4,"03417-8078664","dr..awais.amjad.malik137@diagnoai.com","Surgical Oncology                436 Block D2, Johar Town, Lahore, Pakistan.  Horizon Hospital , Lahore"
"Dr. Alia Rasheed","Anesthesia","Lahore",23,4.9,"03581-5470576","dr..alia.rasheed407@diagnoai.com","Farooq Hospital                2-Asif Block. Main Boulevard   , Lahore"
"DR Muhammad Saleem","Skin Specialists | Dermatologists","Lahore",6,3.7,"03711-2285581","dr.muhammad.saleem803@diagnoai.com","Omar Hospital                Jail Road, Lahore Pakistan.  Jail Road , Lahore"
"Dr Riaz A. Sheikh","Skin Specialists | Dermatologists","Islamabad",11,4.7,"03158-9444367","dr.riaz.a..sheikh86@diagnoai.com","Shifa Medical Center                 Savoy Arcade (Next to Standard Chartered Bank),F-11 Markaz, Islamabad  F-11  , Islamabad"
"Dr. Uzma Batool","Gynecologists","Lahore",6,4.6,"03536-7915785","dr..uzma.batool180@diagnoai.com","Citi Hospital                  Bahria Town  , Lahore"
"Dr.","Orthopaedics","Lahore",3,4.3,"03203-9578168","dr.533@diagnoai.com","Shaukat khanum hospital                Shaukat khanum hospital   , Lahore"
"Dr. Neurosurgeon","Neurosurgeon Consultant/Specialist","Lahore",9,3.9,"03455-2613816","dr..neurosurgeon515@diagnoai.com","Shalimar Hospital                   , Lahore"
"Dr. Muhammad Ayaz Mir","Hematologist","Islamabad",14,4.8,"03719-9285348","dr..muhammad.ayaz.mir557@diagnoai.com","Shifa International Hospitals Ltd                Pitras Bukhari Road H-8/4, Islamabad.  H-8/4 , Islamabad"
"Dr. Muhammad Yaqub Kazi","Pediatrician","Lahore",4,3.6,"03829-7996103","dr..muhammad.yaqub.kazi55@diagnoai.com","Kazi Hospital                21 Temple Road   , Lahore"
"Dr. Saher 	Zulfikar","Physiotherapist","karachi",14,4.5,"03428-5635507","dr..saher..zulfikar637@diagnoai.com","KKT International Orthopedic Spine Center                Bungalow # D-92/I, Adjacent Lane Russian Embassy, Block-4, Clifton, Karachi.  Clifton , karachi"
"Dr. Amer","Dental surgeon","karachi",3,3.6,"03100-7858137","dr..amer828@diagnoai.com","Dar Al Shifa Medical & Dental Center                Mezzanine Floor, Plot No.16-C, Commercial Avenue, Khayaban-e-Sehar, Commercial lane 4,   Khayaban-e-Sehar , karachi"
"DR ALI ZULQERNAIN","Psychiatrist","Sargodha",10,3.9,"03766-1806310","dr.ali.zulqernain925@diagnoai.com",", Sargodha"
"Dr Raees Ahsan Mushtaq","Diabetologists","Lahore",9,4.9,"03910-3109135","dr.raees.ahsan.mushtaq667@diagnoai.com","Tanwir Ahmed Medical Complex                MM Alam Road Gullberg 3 adjacent to Ziafat Restaurant,Lahore.  Gullberg 3  , Lahore"
"Professor  Dr. Fauzia Monnoo Khan","Gynecologists","Lahore",24,4.5,"03325-6253641","professor..dr..fauzia.monnoo.khan864@diagnoai.com","LAHORE HEALTH CARE                194-1 Y DHA Block Lahore.  DHA  , Lahore"
"Dr. Ashfaq A. Razzaq","Neurosurgery and Spine","karachi",14,4,"03762-9643620","dr..ashfaq.a..razzaq451@diagnoai.com","The Spine Center                www.thespinecenter.com.pk  South City Hospital , karachi"
"Dr farooq haider qaisrani","Child Specialist","Multan",4,4.9,"03463-8282252","dr.farooq.haider.qaisrani625@diagnoai.com","QMC-Qaisrani medical centre                Jail road ;MDA Chowk Multan   , Multan"
"Dr. Raana Anwar","Obstetrics and gynaecology","Syed medical complex                Opp.govt islamia jinnah college  Lalazar Chowk",3,3.6,"03328-7155860","dr..raana.anwar190@diagnoai.com","Syed medical complex                Opp.govt islamia jinnah college  Lalazar Chowk ,"
"Dr. Masud ur Rehman Kiani","Cardiologists","Rawalpindi",4,4.5,"03468-6807530","dr..masud.ur.rehman.kiani299@diagnoai.com","Heart international                610, Peshawar Road, Saddar, Islamabad/Rawalpindi.  Saddar , Rawalpindi"
"Dr. Asif Nadeem","Cardiologists","Rawalpindi",8,4.7,"03112-2100516","dr..asif.nadeem51@diagnoai.com","Armed Forces Institute of Cardiology                Peshawar Rd, Rawalpindi.  Peshawar Rd , Rawalpindi"
"Dr. Anokhi Khanum","Pediatricians","karachi",20,4.8,"03913-1214867","dr..anokhi.khanum646@diagnoai.com","Apple Tree Pediatrics                1-E, Zamzama Commercial Lane 9, Phase 5, DHA  Zamzama , karachi"
"Dr. Mahmood S Choudhery","Stem Cells","Lahore",8,3.8,"03634-4927499","dr..mahmood.s.choudhery526@diagnoai.com","CellKine Technologies                Wilcare Hospital, 4-% Model town Extension  4-5 Model town Extension , Lahore"
"Dr Farhat Parveen Malik","Gynecologists","Islamabad",22,4.3,"03534-9930858","dr.farhat.parveen.malik31@diagnoai.com","The Surgical Centre                52-Wes Waheed Plaza, Blue Area, Islamabad.  Blue Area , Islamabad"
"Dr. Aamir Rafique","Skin Specialists | Dermatologists","Jhelum",21,4.3,"03698-3378568","dr..aamir.rafique512@diagnoai.com","Dr.Aamir's Skin & Hair clinic                Rafique ArcadeOld G.T.Road, JhelumPakistan.  Rafique Arcade , Jhelum"
"Dr E S Umer Khitab","Gynecologists","Rawalpindi",16,4.5,"03550-9662700","dr.e.s.umer.khitab20@diagnoai.com","Valley Clinic                3-11-A/6, Peshawar Road, Rawalpindi.  Peshawar Road , Rawalpindi"
"Dr Khusro Sultana","Gynecologists","karachi",17,3.5,"03329-6996609","dr.khusro.sultana891@diagnoai.com","Liaquat National Hospital                National Stadium Rd, Karachi.  Stadium Road , karachi"
"Dr. Asif Zia Akhter","Gynecologists","karachi",15,3.9,"03846-5037792","dr..asif.zia.akhter441@diagnoai.com","Dr Ziauddin Hospital                  4/B, Shahrah-e-Ghalib, Block 6, Clifton, Karachi.  Clifton , karachi"
"Dr Naeem Ahmed","Urologists","karachi",11,3.9,"03919-1730513","dr.naeem.ahmed579@diagnoai.com","Fidai Consulting Clinic & Surgery Centre                Rehmat Square, Block 7, F. B. Area, Karachi.  Federal B Area , karachi"
"Dr Ghazanfar Ilahi","Skin Specialists | Dermatologists","Lahore",16,5,"03460-6803264","dr.ghazanfar.ilahi430@diagnoai.com","Shalamar Hospital                 Shalimar Link Road, Moghalpura, Lahore.  Moghalpura , Lahore"
"Dr. Asad Pathan","Cardiologists","karachi",12,4.2,"03741-8998762","dr..asad.pathan820@diagnoai.com","D.H.A Medical Center                 P-38 / A, 10th Street, Khayaban-e-Rahat, Street # 10, Phase-VI, DHA Karachi.  DHA , karachi"
"Dr. Saeed Akhter","ENT Specialist","karachi",15,4.2,"03461-6764128","dr..saeed.akhter891@diagnoai.com","National Medical Centre                A-5/A, National Highway, Phase 1, Defence Housing Authority,Near Kala Pul, Karachi.  DHA  , karachi"
"Dr Bilqees Fatima","Gynecologists","Lahore",20,4,"03129-3321239","dr.bilqees.fatima526@diagnoai.com","Fatima Memorial Hospital                Shadman, Lahore.  Shadman , Lahore"
"Dr. Samiullah Assistant Professor","Skin Specialists | Dermatologists","Peshawar",10,4.8,"03209-8728446","dr..samiullah.assistant.professor697@diagnoai.com","Ali Medical Center                Hospital Rd, Peshawar.  Hospital Rd , Peshawar"
"Dr Salal Ahmed","Diabetologists","karachi",6,4.5,"03815-8279833","dr.salal.ahmed868@diagnoai.com","Liaquat National Hospital                National Stadium Rd, Karachi.  Stadium Rd , karachi"
"Dr Farkhanda Naheed Bhatti","Gynecologists","Rawalpindi",5,4.4,"03848-3424944","dr.farkhanda.naheed.bhatti123@diagnoai.com","Margalla Welfare Hospital, Pirwadhai.  Pirwadhai , Rawalpindi"
"Dr Jamal Abdul Nasir","Cardiologists","Lahore",13,5,"03495-6465077","dr.jamal.abdul.nasir678@diagnoai.com","Ittefaq Hospital (Trust)                Near H Block, Model Town,Lahore.  Model Town , Lahore"
"Dr Syed Imran Ahmad","Cardiologists","karachi",21,4.9,"03618-2966236","dr.syed.imran.ahmad169@diagnoai.com","Ziauddin Hospital                 4/B, Shahrah-e-Ghalib, Block 6, Clifton, Karachi.  Clifton , karachi"
"Dr. Humera Mushtaq","Gynecologists","karachi",19,4.5,"03881-8274654","dr..humera.mushtaq589@diagnoai.com","Baqai Hospital                111-B, 1/8, Nazimabad no 3, Karachi.  Nazimabad No 3 , karachi"
"Dr. Abubakar Sheikh","Cardiologists","karachi",23,3.5,"03208-8194592","dr..abubakar.sheikh257@diagnoai.com","Aga Khan University Hospital                CC Nazerali Walji-2, Karachi.   Walji-2 , karachi"
"Dr Nasir Sulaiman","Urologists","karachi",9,3.9,"03473-2186317","dr.nasir.sulaiman365@diagnoai.com","AKUH Consulting Clinic                AKUH Consulting Clinic, Stadium Road.  Stadium Road , karachi"
"Dr Shakira Parveen","Gynecologists","karachi",20,4.5,"03755-7076766","dr.shakira.parveen644@diagnoai.com","Usman Memorial Hospital                St. 12, Block-1, Federal B Area, Karachi.	  Federal B Area , karachi"
"Dr SAJIDA MUNIR SIDDIQUE","Gynecologists","Hyderabad",19,4.7,"03778-8374477","dr.sajida.munir.siddique420@diagnoai.com","B-19, C.D.F, Hospital, Hyderabad.  Cmh Road , Hyderabad"
"Dr Syed Saeed Abidi","Urologists","karachi",13,4,"03768-2805070","dr.syed.saeed.abidi779@diagnoai.com","Abbasi Shaheed Hospital                Nazimabad No.7, Karachi.  Nazimabad , karachi"
"Dr Yasmeen Mehmooda","Gynecologists","Islamabad",13,4.1,"03434-4899691","dr.yasmeen.mehmooda331@diagnoai.com","Medics, 61-A, Jinnah Avenue, Blue Area, Islamabad/Rawalpindi   , Islamabad"
"Dr Saadia Tabassum","Skin Specialists | Dermatologists","karachi",12,3.6,"03986-1056785","dr.saadia.tabassum902@diagnoai.com","The Aga Khan Hospital                 JHS Building - Ground Floor, Karachi.   Stadium Rd , karachi"
"Dr. Ghias Un Nabi Tayyab","Gastroenterology","Lahore",20,4.2,"03835-5631519","dr..ghias.un.nabi.tayyab650@diagnoai.com","Doctors Hospital                 152-G/1, Canal Bank, Johar TownLahore.  Johar Town , Lahore"
"Dr Azhar","ENT Specialist","Rawalpindi",21,4.4,"03897-6594906","dr.azhar6@diagnoai.com","Al-Qaim Hospital                B-Block, Rawalpindi.  Satellite Town , Rawalpindi"
"Dr Ahmad Shakeel Rizvi","ENT Specialist","Lahore",8,3.6,"03627-8457237","dr.ahmad.shakeel.rizvi508@diagnoai.com","Fauji Foundation Hospital                 Badian Road, Lahore Cantt, Lahore.  Lahore Cantt , Lahore"
"Dr Muhammad Amjad Noor","Urologists","karachi",17,4.2,"03573-2122680","dr.muhammad.amjad.noor920@diagnoai.com","Hill Park General Hospital                Block-3, Shaheed-e-Millat Road, Karachi.Tue, Thu & Sat 4 PM-6 PM	  Federal B Area , karachi"
"Dr Farah Naz","Gynecologists","karachi",14,4.6,"03664-9542401","dr.farah.naz902@diagnoai.com","DHA Medical Centre                DHA Medical Centre, Street 10, Phase 6, DHA, Karachi.  DHA , karachi"
"Dr Ajmal Hassan","Cardiologists","Lahore",3,4.7,"03252-2812004","dr.ajmal.hassan321@diagnoai.com","Kanan Clinic 121-Shadman 1 Lahore,  Shadman , Lahore"
"Dr Samina Naz","Gynecologists","karachi",18,4.9,"03297-7559591","dr.samina.naz528@diagnoai.com","Murshid Hospital and Health Care Centre                Hub River Road, Mujahidabad, Karachi,  Mujahidabad  , karachi"
"Dr Murtaza Ahsan Ansari","ENT Specialist","karachi",18,4.5,"03930-8194169","dr.murtaza.ahsan.ansari173@diagnoai.com","Zainab Panjwani Memorial Hospital                Mohammad Ali Habib Rd, Gazdarabad, Katrak Parsi Colony, Karachi.  Gazdarabad , karachi"
"Dr. Hassan Iqbal","ENT Specialist","Multan",8,4.1,"03129-9387763","dr..hassan.iqbal980@diagnoai.com","Al-Raheem Hospital                Nawan Shehr, Multan.  Nawan Shehr , Multan"
"Dr Rehana Hameed","Gynecologists","Islamabad",5,4.4,"03722-8977552","dr.rehana.hameed437@diagnoai.com","Ali Medical Centre                Main Markaz, Sector F - 8, Islamabad.  F-8 , Islamabad"
"Dr Mohammad Aslam","Urologists","karachi",17,3.8,"03493-9636640","dr.mohammad.aslam24@diagnoai.com","Saifee Hospital                ST-1, Block-F, North Nazimabad, Karachi.   North Nazimabad , karachi"
"Dr Asma Gul","Gynecologists","Lahore",24,4,"03795-7261457","dr.asma.gul701@diagnoai.com","Rasheed Hospital                Main Boulevard, Main Defence Road, Lahore.  Main Defence Road , Lahore"
"Dr. Rafia Qureshi","Gynecologists","karachi",17,4,"03441-6173921","dr..rafia.qureshi703@diagnoai.com","Burhani Diagnostic Center                 Mezzanine Floor, Jaffer Plaza,Mansfield Street,Saddar,Karachi.  Saddar , karachi"
"Dr Imran Ahmed","Diabetologists","Lahore",5,3.6,"03380-3367843","dr.imran.ahmed874@diagnoai.com","Cardex Hospital                3 - A, Jail Road, Lahore.  Jail Road , Lahore"
"Dr Azher Hameed","ENT Specialist","Lahore",6,4.6,"03392-4492619","dr.azher.hameed392@diagnoai.com","Bismillah Hospital                Opp Mazang Police Station, Temple Road, Mazang, Lahore  Mazang , Lahore"
"Dr Farhana Raza","Gynecologists","karachi",12,3.6,"03552-7430079","dr.farhana.raza174@diagnoai.com","ORTHOPAEDIC & MEDICAL INSTITUTE (PRIVATE) LIMITED                89/1 DEPOT LINES, KARACHI.  DEPOT LINES , karachi"
"Dr Shagufta Shafi","Skin Specialists | Dermatologists","Lahore",11,4.9,"03241-2437579","dr.shagufta.shafi37@diagnoai.com","Sir Ganga Ram Hospital                Queens Road, Mazang, Lahore.  Queens Road , Lahore"
"Dr NADEEM IQBAL","Diabetologists","Hyderabad",7,4.7,"03413-3100214","dr.nadeem.iqbal285@diagnoai.com","Diabetologist Heart Care Clinic                Unit No 2, Latifabad, Hyderabad.  Latifabad , Hyderabad"
"Dr Faisal Tasleem","Urologists","Lahore",22,3.5,"03566-7409668","dr.faisal.tasleem184@diagnoai.com","Al-Shafi Hospital                15-Gulshan Block, Main Bouleward, Allam Iqbal Town, Lahore.Daily 7 PM-9.30 PM	   Allam Iqbal Town , Lahore"
"Dr. Mohammad Ali Khan","ENT Specialist","karachi",8,3.8,"03912-7461620","dr..mohammad.ali.khan330@diagnoai.com","AKHTAR EYE HOSPITAL                 FL-1 ( 4/C ), Block 5, Rashid Minhas Road. Gulshan-e-Iqbal Karachi.  Gulshan-e-Iqbal , karachi"
"Dr. Alia Bashir","Gynecologists","Lahore",6,4.8,"03520-6555101","dr..alia.bashir545@diagnoai.com","Doctor's Hospital                 152-G/1, Canal Bank, Johar TownLahore.  Johar Town , Lahore"
"Dr. Shaista Asad","Gynecologists","karachi",6,4.3,"03740-8000279","dr..shaista.asad120@diagnoai.com","Zainab Panjwani Memorial Hospital                Mohammadali Habib Road, NumaishKarachi.  Numaish , karachi"
"Dr Farrukh Zaman","Gynecologists","Lahore",17,4.6,"03297-9647537","dr.farrukh.zaman958@diagnoai.com","Rabbani Hospital                20 - West Wood Colony, Thokar Niaz Baig, Lahore.  Thokar Niaz Baig , Lahore"
"Dr Tasneem Hameed","Gynecologists","Lahore",21,3.6,"03294-5296344","dr.tasneem.hameed815@diagnoai.com","Ittefaq Hospital Trust                Near H Block, Model Town, Lahore.  Model Town , Lahore"
"Dr Prof Rana Manzoor","Skin Specialists | Dermatologists","Lahore",15,4.8,"03456-7675850","dr.prof.rana.manzoor150@diagnoai.com","Al-Shafi Hospital                15-Gulshan Block, Main Bouleward, Allam Iqbal Town, Lahore.  Allam Iqbal Town , Lahore"
"Dr Amir ijaz","Orthopaedics","Lahore",4,3.7,"03474-1654874","dr.amir.ijaz618@diagnoai.com","Ittefaq Hospital                 Near H Block, Model Town,Lahore  Model Town , Lahore"
"Dr. Shumaila Mubashir","Gynecologists","Islamabad",20,4.9,"03732-5381701","dr..shumaila.mubashir116@diagnoai.com","Get Well Hospital                Bela Road, G-10, Islamabad/Rawalpindi.  G-10 , Islamabad"
"Dr Mohammad Yahya","Cardiologists","Lahore",3,3.7,"03237-5639251","dr.mohammad.yahya925@diagnoai.com","Surgimed Hospital                Zafar Ali Rd, Lahore.  Zafar Ali Road  , Lahore"
"Dr RAIS-UDDIN SIDDIQUE","ENT Specialist","Hyderabad",22,4.5,"03330-2002222","dr.rais.uddin.siddique748@diagnoai.com","Doctor's Line, Saddar, Hyderabad.  Saddar , Hyderabad"
"Dr Tahir H Malik","Diabetologists","Lahore",21,4.9,"03234-8943012","dr.tahir.h.malik214@diagnoai.com","National Hospital &Medical Centre                132 / 3, L - Block, Phase 1, D.H.A, Lahore Cantt.  Lahore Cantt , Lahore"
"Dr. Syeda Yasmeen Hassan","Hematologist","karachi",7,4.9,"03565-4725605","dr..syeda.yasmeen.hassan25@diagnoai.com","Sindh Institute of Urology and Transplantation                Chand Bi Bi Road, Civil Hospital, Karachi.  Chand Bi Bi Road , karachi"
"Dr Shagufta Shaheen","Gynecologists","karachi",22,4.1,"03568-7707636","dr.shagufta.shaheen757@diagnoai.com","Zainab Panjwani Memorial Hospital                Mohammad Ali Habib Road, Numaish, Karachi.  Numaish , karachi"
"Dr Tassawar Mirza Hussain","Gynecologists","Rawalpindi",5,4.3,"03565-7520623","dr.tassawar.mirza.hussain455@diagnoai.com","Al-Qaim Hospital                4th-B Road, Satellite Town, Islamabad/Rawalpindi.  Satelite Town , Rawalpindi"
"Dr Farhat Abbas","Skin Specialists | Dermatologists","Rawalpindi",8,4.4,"03928-4852414","dr.farhat.abbas963@diagnoai.com","Al-Qaim Hospital                Satellite Town, Rawalpindi.  Satellite Town , Rawalpindi"
"Dr Fauzia Haq Nawaz","Gynecologists","karachi",23,3.9,"03104-8484974","dr.fauzia.haq.nawaz49@diagnoai.com","AKUH Consulting Clinic, Stadium Road, karachi.    , karachi"
"Dr Abdul Aziz Memon","General Surgeon","karachi",22,4,"03706-4481408","dr.abdul.aziz.memon765@diagnoai.com","Murshid Hospital & Health Care Centre                Hub River Road, Mujahidabad,Karachi.  Mujahidabad , karachi"
"Dr SHAHID JAMIL AHMED","Skin Specialists | Dermatologists","Hyderabad",24,3.6,"03746-8655444","dr.shahid.jamil.ahmed746@diagnoai.com","Khawaja Consulting Chamber, Near Jama Masjid, Saddar, Hyderabad.  Saddar , Hyderabad"
"Prof. Dr. Shamsa Rizwan","Gynecologists","Islamabad",16,3.8,"03864-1834658","prof..dr..shamsa.rizwan888@diagnoai.com","Shifa Medical Center                 Savoy Arcade (Next to Standard Chartered Bank),F-11 Markaz, Islamabad.  F-11 Markaz , Islamabad"
"Dr Hamid Zaki","Skin Specialists | Dermatologists","karachi",12,4,"03513-8856707","dr.hamid.zaki65@diagnoai.com","Dr. Ziauddin Hospital                Block-B, North Nazimabad, Karachi.   North Nazimabad , karachi"
"Dr. Muhammad Asim Anwar","Gastroenterology","Rawalpindi",12,3.7,"03700-6971288","dr..muhammad.asim.anwar922@diagnoai.com","Bilal Hospital                38-A, Satellite Town, Sadiqabad Road, Rawalpindi.  Satellite Town , Rawalpindi"
"Dr. Tanwir Khaliq","General Surgeon","Islamabad",3,4.6,"03280-8062274","dr..tanwir.khaliq531@diagnoai.com","Ali Hospital                ,ospital Surgery5-C, I-9 Markaz, Islamabad.   I-9 , Islamabad"
"Dr M A Cheema","Cardiologists","Lahore",24,4.5,"03402-3748123","dr.m.a.cheema703@diagnoai.com","Surraya Azeem Hospital                5-Bahawalpur Road, Chowk Choubarji Lahore.  Choubarji  , Lahore"
"Dr Hafiz M Aslam","Skin Specialists | Dermatologists","Lahore",16,3.6,"03871-4933788","dr.hafiz.m.aslam36@diagnoai.com","Balauch Hospital                Allama Iqbal Road Mustafabad Saddar Lahore.  Mustafabad  , Lahore"
"Dr ALTAF TALPUR","Urologists","Hyderabad",9,3.7,"03733-6269237","dr.altaf.talpur86@diagnoai.com","Saddar, Hyderabad.  Saddar , Hyderabad"
"Dr Haleema Hashmi","Gynecologists","karachi",18,4,"03686-4299016","dr.haleema.hashmi522@diagnoai.com","Liaquat National Hospital                National Stadium Road,Karachi.  Stadium Road , karachi"
"Dr Naheed Bano","Gynecologists","Rawalpindi",7,4.9,"03711-7948303","dr.naheed.bano830@diagnoai.com","Saidpur Road, Satelite Town, Rawalpindi.  Satelite Town , Rawalpindi"
"Dr Prof Arif Ur Rehman Khan","Cardiologists","karachi",16,4.8,"03650-9260713","dr.prof.arif.ur.rehman.khan983@diagnoai.com","OMI Hospital                Kiyani Shaheed Road, Gazdarabad, Karachi.  Gazdarabad , karachi"
"Dr Daniyal Rashid","ENT Specialist","Rawalpindi",24,3.7,"03651-2686737","dr.daniyal.rashid969@diagnoai.com","Hearts International Hospital                192-A The Mall Road, Rawalpindi.  The Mall Road , Rawalpindi"
"Dr Humaira Jamal","Gynecologists","karachi",15,4.6,"03679-3818158","dr.humaira.jamal609@diagnoai.com","National Medical Centre                Korangi Road, Phase 1, DHA, Karachi.  DHA , karachi"
"ASIF ALI IMAM","Allergy Specialist","karachi",24,4.3,"03619-1666929","asif.ali.imam188@diagnoai.com","CC Nazerali Walji-2, Karachi.  Walji-2  , karachi"
"Dr Rashida Ghaffar","Gynecologists","karachi",7,4.8,"03765-8006493","dr.rashida.ghaffar711@diagnoai.com","Saifee Hospital                 ST-1, Block-F, North Nazimabad, Karachi.   North Nazimabad , karachi"
"Dr ZAFAR S.KHAN","ENT Specialist","Hyderabad",17,4.4,"03370-8115510","dr.zafar.s.khan406@diagnoai.com","Kashana-e-Aidi, Jail Road, Hirabad, Hyderabad.  Hirabad , Hyderabad"
"Dr Takween Nawaz","Gynecologists","Islamabad",16,4.6,"03681-6354020","dr.takween.nawaz542@diagnoai.com","Ali Medical Centre (PVT) Ltd                Main Markaz, Sector F - 8, Islamabad.  F-8 , Islamabad"
"Dr. Aftab Ahmed Choudhary","General Surgeon","Lahore",7,3.7,"03879-8646382","dr..aftab.ahmed.choudhary20@diagnoai.com","Doctors Hospital                 152-G/1, Canal Bank, Johar TownLahore.  Johar Town , Lahore"
"Dr Iffat Saleem","Gynecologists","Lahore",8,3.6,"03261-8323858","dr.iffat.saleem488@diagnoai.com","Fatima Memorial Hospital                Main Boulevard, Phase 2, Shadman, Lahore.  Shadman , Lahore"
"Dr Zulfiqar Ali","ENT Specialist","Islamabad",8,5,"03711-4495921","dr.zulfiqar.ali813@diagnoai.com","Kashmir Medical Centre                Near Khyber Plaza, Blue Area, Islamabad.  Blue Area , Islamabad"
"Dr Parveen Irshaduddin","Gynecologists","karachi",19,3.7,"03566-4083981","dr.parveen.irshaduddin620@diagnoai.com","The Aga Khan University Hospital                 AKUH Clifton Medical Services, Karachi.   Clifton , karachi"
"Dr Shamsa Zafar","Gynecologists","Islamabad",18,4.2,"03759-7577444","dr.shamsa.zafar990@diagnoai.com","Private Clinic I-9, Markaz, Islamabad.  I-9 , Islamabad"
"Dr Mussarat Omar","Gynecologists","Rawalpindi",3,4.1,"03496-9631344","dr.mussarat.omar588@diagnoai.com","Kulsoom Nursing Hospital                 Chera Chowk, Kari Road, Sadiqabad, Rawalpindi.   Sadiqabad , Rawalpindi"
"Dr Sumbul Sohail","Gynecologists","karachi",20,4.2,"03504-9803963","dr.sumbul.sohail507@diagnoai.com","Dr Ziauddin Hospital                  4/B, Shahrah-e-Ghalib, Block 6, Clifton, Karachi.  Clifton , karachi"
"Dr Altaf Riffat","Gynecologists","Lahore",21,4.8,"03754-1901956","dr.altaf.riffat72@diagnoai.com","Kaleem Hospital                18 - L, Model Town Ext, Lahore.  Model Town  , Lahore"
"Dr. Ali Jawad","Diabetologists","Lahore",18,3.5,"03620-7944764","dr..ali.jawad917@diagnoai.com","Jinnah Hospital                Alama Shabbir Ahmed Usmani Road, Lahore.  Alama Shabbir Ahmed Usmani Road , Lahore"
"Prof Dr. Haider Zaman","Cardiologists","Multan",24,4.1,"03984-3697963","prof.dr..haider.zaman221@diagnoai.com","City Health Care Services (Pvt) Ltd                Peer Khursheed Colony Road, Multan.  Peer Khursheed Colony Road , Multan"
"Dr Mohammad Jahangir","Skin Specialists | Dermatologists","Lahore",19,4.2,"03328-7347476","dr.mohammad.jahangir860@diagnoai.com","Kaleem Hospital                 Shalimar Link Road Lahore.   Shalimar Link Road , Lahore"
"Dr Prof Mohammad Ajmal","ENT Specialist","Rawalpindi",8,4.5,"03579-4042264","dr.prof.mohammad.ajmal402@diagnoai.com","Bilal Hospital                38-A, Satellite Town, Sadiqabad Road, Rawalpindi.  Satellite Town , Rawalpindi"
"Dr Nusrat Malik","Gynecologists","Lahore",15,3.6,"03686-4064263","dr.nusrat.malik376@diagnoai.com","Al-Shafi Hospital                15-Gulshan Block, Main Bouleward, Allama Iqbal Town, Lahore.Daily	7-9 PM	  Allama Iqbal Town , Lahore"
"Dr Zafar Iqbal","ENT Specialist","Rawalpindi",5,4.2,"03824-9606819","dr.zafar.iqbal467@diagnoai.com","Al-Malik Laser Surgery                Al-Malik Laser Surgery, Central Hospital Stop, Murree Road, Saddar, Islamabad/Rawalpindi.  Saddar , Rawalpindi"
"Dr Israr Ahmed","ENT Specialist","Lahore",4,3.8,"03184-4536976","dr.israr.ahmed52@diagnoai.com","Sarwat Anwar Medical Complex                02 - Tariq Block, New Garden Town, Lahore.  New Garden Town , Lahore"
"Dr Nadeem Zuberi","Gynecologists","karachi",16,3.7,"03860-9403718","dr.nadeem.zuberi610@diagnoai.com","The Aga Khan University Hospital                 AKUH Consulting Clinic, Stadium Road, Karachi.   Stadium Road , karachi"
"Dr. Haroon Rasul","Cardiologists","Lahore",6,3.6,"03799-1337860","dr..haroon.rasul284@diagnoai.com","Doctors Hospital                 152-G/1, Canal Bank, Johar Town, Lahore.   Johar Town , Lahore"
"Dr Abdul Basit","Diabetologists","karachi",18,4.5,"03852-3446955","dr.abdul.basit794@diagnoai.com","Baqai Institute of Diabatology & Endocrinology                 51, Deh Tor, Gadap Road,Near Toll Plaza, Super Highway, Karachi.  Deh Tor , karachi"
"Dr Zakir Alavi","Diabetologists","karachi",17,4.4,"03573-7386470","dr.zakir.alavi840@diagnoai.com","Liaquat National Hospital                National Stadium Rd, Karachi.  Stadium Road , karachi"
"Dr Mehreen Mujtaba","Skin Specialists | Dermatologists","Islamabad",16,4.6,"03220-8589097","dr.mehreen.mujtaba95@diagnoai.com","Shifa Medical Center                 Savoy Arcade (Next to Standard Chartered Bank),F-11 Markaz, Islamabad.  F-11 , Islamabad"
"Dr. Shafqat Hasan","Cardiologists","karachi",11,4.1,"03103-2083212","dr..shafqat.hasan645@diagnoai.com","Patel Hospital                T-18, Block-4, Gulshan-e-Iqbal, Karachi.  Gulshan-e-Iqbal , karachi"
"Dr Mohammad Saeed","Skin Specialists | Dermatologists","Lahore",12,3.8,"03646-8781336","dr.mohammad.saeed284@diagnoai.com","Saira Memorial Hospital                 1 -M, Civic Centre Modal Town Ext, Lahore.  Modal Town Extension , Lahore"
"Dr. Muhammad Waseem","Cardiologists","Rawalpindi",12,3.8,"03692-8653273","dr..muhammad.waseem199@diagnoai.com","Armed Forces Institute of Cardiology                Peshawar Rd, Rawalpindi.   Peshawar Rd , Rawalpindi"
"Dr. Khalid Rasheed","Cardiologists","karachi",22,4,"03966-8935315","dr..khalid.rasheed582@diagnoai.com","Tabba Heart Institute                Block 8, Fedral B Area, Karachi.   Fedral B  , karachi"
"Dr Romana Rauf","Gynecologists","Rawalpindi",15,4.7,"03113-2147933","dr.romana.rauf953@diagnoai.com","Qureshi Medical Centre                Sector-2, Khyiaban-E Sir Syed, Islamabad.  Khyiaban-E Sir Syed , Rawalpindi"
"Dr. Shamsunnisa Sadia","Gynecologists","Rawalpindi",10,4.5,"03674-6644652","dr..shamsunnisa.sadia427@diagnoai.com","Maryam Memorial                 Peshawar Road, Rawalpindi.  Peshawar Road , Rawalpindi"
"Dr  Tayyaba Naseer","Gynecologists","karachi",6,3.9,"03143-5138001","dr..tayyaba.naseer254@diagnoai.com","Murshid Hospital & Health Care Centre                Hub River Road, Mujahidabad, Karachi.  Mujahidabad , karachi"
"Dr. Mumtaz Rasul Malik","Gastroenterology","Faisalabad",11,4.2,"03527-7574986","dr..mumtaz.rasul.malik496@diagnoai.com","Al-Hassan Surgical & Medical Center                Al-Hassan Surgical &  Near M C Office Samundri City Distt. Faisalabad.  Samundri City  , Faisalabad"
"Dr Abdul Jabbar Pirzada","Urologists","karachi",13,4.1,"03686-5663603","dr.abdul.jabbar.pirzada727@diagnoai.com","Liaquat National Hospital                National Stadium Road, Karachi.    National Stadium Road , karachi"
"Dr Habiba Sharaf Ali","Gynecologists","karachi",14,4.2,"03459-8640281","dr.habiba.sharaf.ali922@diagnoai.com","Ziauddin Medical University & Hospital                 North Nazimabad, Karachi.  North Nazimabad , karachi"
"Dr Ayesha Khatoon","Gynecologists","karachi",7,4.8,"03694-4397513","dr.ayesha.khatoon492@diagnoai.com","Usman Memorial Hospital                St. 12, Block-1, Federal B Area, Karachi.   Federal B Area , karachi"
"Dr Afia Ansar","Gynecologists","karachi",19,3.7,"03923-3407674","dr.afia.ansar819@diagnoai.com","National Medical Centre                A-5/A, National Highway,,Near Kala Pul,, Korangi Road, Karachi  DHA  , karachi"
"Dr Shamim Ahmed","Skin Specialists | Dermatologists","karachi",14,4,"03277-5035371","dr.shamim.ahmed632@diagnoai.com","Saifee Hospital                St-1, Block-F, North Nazimabad, Near Chase-up Department Store, Karachi.   North Nazimabad , karachi"
"Dr Riffat Jalil","Gynecologists","karachi",19,3.9,"03510-9982688","dr.riffat.jalil369@diagnoai.com","Usman Memorial Hospital                St. 12, Block-1, Federal B Area, Karachi.  Federal B Area , karachi"
"Dr Arif Tajamal Khan","Gynecologists","Lahore",6,4.3,"03371-7334263","dr.arif.tajamal.khan165@diagnoai.com","First Medical                934, Maulana Shaukat Ali Road, Block B, Faisal Town, Lahore.  Faisal Town , Lahore"
"Dr Nighat Shah","Gynecologists","karachi",14,4.1,"03785-7841547","dr.nighat.shah248@diagnoai.com","The Aga Khan University Hospital                 AKUH Consulting Clinic 4, Stadium Road, Karachi.   , karachi"
"Dr Irfan Ahmed","ENT Specialist","Rawalpindi",9,4.5,"03769-3240374","dr.irfan.ahmed957@diagnoai.com","Hearing Centre                 The Clinic, 965/B, Near Haidry Chowk Saidpur, Rawalpindi.  Saidpur , Rawalpindi"
"Dr Jamshaid Butt","Skin Specialists | Dermatologists","Lahore",3,4.5,"03599-8344152","dr.jamshaid.butt855@diagnoai.com","Shalimar Hospital                Shalimar Link Road, Mughalpura, Lahore.  MughalPura , Lahore"
"Dr Amna Memon","Gynecologists","Hyderabad",13,4.1,"03564-2331843","dr.amna.memon709@diagnoai.com","Liaquat University of Medical & Health Sciences                Jamshoro, Sindh.  Jamshoro , Hyderabad"
"Dr Nida Najmi","Gynecologists","karachi",24,4.4,"03638-3858843","dr.nida.najmi648@diagnoai.com","The Aga Khan University Hospital                 Consulting Clinic 4, Stadium Road, Karachi.   Stadium Road , karachi"
"Dr Atif Sharif","ENT Specialist","Rawalpindi",4,3.7,"03212-8649148","dr.atif.sharif629@diagnoai.com","Al-Qaim Hospital                B-Block, Rawalpindi.  Satellite Town , Rawalpindi"
"Dr Brig.(R) Ghulam Murtaza","Skin Specialists | Dermatologists","Rawalpindi",17,4.9,"03419-9402769","dr.brig..r..ghulam.murtaza355@diagnoai.com","Bilal Hospital                38-A, Satellite Town, Sadiqabad Road, Rawalpindi.  Satellite Town , Rawalpindi"
"Dr Zubaida","Gynecologists","karachi",18,4.4,"03206-1778694","dr.zubaida481@diagnoai.com","Memon Medical Institute and Hospital                Hyder Buksh Gabol Road, Safoora Chowrangi, K.D.A., Scheme 33, Karachi.  Safoora Chowrangi , karachi"
"Dr M Atta Khan","Diabetologists","karachi",4,4.1,"03645-2607717","dr.m.atta.khan507@diagnoai.com","Aga Khan University Hospital                AKUH Consulting Clinic, Stadium Road, Karachi.  Stadium Rd , karachi"
"Dr Syed Qazi Muzaffar Alam","ENT Specialist","Rawalpindi",7,4.6,"03861-5229295","dr.syed.qazi.muzaffar.alam189@diagnoai.com","Bilal Hospital                38-A, Satellite Town, Sadiqabad Road, Rawalpindi.  Satellite Town , Rawalpindi"
"Dr Mohammad Ziauddin","Skin Specialists | Dermatologists","Lahore",12,4.9,"03909-5937608","dr.mohammad.ziauddin56@diagnoai.com","Dermacare clinic lahore                144 Zafar Ali Rd, Lahore   Zafar Ali Rd , Lahore"
"Dr Ghazala Aziz","Skin Specialists | Dermatologists","karachi",17,3.6,"03925-7045829","dr.ghazala.aziz312@diagnoai.com","National Medical Centre                 A-5/A, National Highway, Near Kala Pul,, Korangi Road, Karachi.  Korangi Road , karachi"
"Dr Bushra Saeed","Gynecologists","Lahore",20,4,"03774-3592364","dr.bushra.saeed766@diagnoai.com","Shalamar Hospital                Shalimar Link Road, Mughalpura, Lahore.  Mughalpura , Lahore"
"Dr. Farah Naz","Gynecologists","karachi",5,4.6,"03393-4026416","dr..farah.naz478@diagnoai.com","DHA Medical Centre                P-38 / A, 10th Street, Khayaban-e-Rahat, Street # 10, Phase-VI, DHA.  DHA , karachi"
"Dr Huma Ahmed","Gynecologists","karachi",17,4.5,"03236-4760939","dr.huma.ahmed457@diagnoai.com","Ziauddin Hospital                Cifton, 4/B, Shahrah-e-Ghalib, Block 6, Clifton, Karachi.  Clifton , karachi"
"Dr Farhana Saeed","Gynecologists","Lahore",24,4,"03291-2066176","dr.farhana.saeed464@diagnoai.com","Shalamar Hospital                Shalimar Link Road, Mughalpura, Lahore.  MughalPura , Lahore"
"Dr Raheel Hussain","Cardiologists","karachi",15,4.2,"03492-5546686","dr.raheel.hussain25@diagnoai.com","Burhani Hospital                Tayebjee Road, Gari Khata, Hassan Ali Effendi Road, Karachi.  Gari Khata , karachi"
"Dr.Nelofar Saleem","Gynecologists","Rawalpindi",13,5,"03374-8228121","dr.nelofar.saleem870@diagnoai.com","Bilal Hospital                38-A, Satellite Town, Sadiqabad Road, Rawalpind.  Satellite Town , Rawalpindi"
"Dr Ghulam Saqlain","ENT Specialist","Islamabad",9,5,"03371-6983112","dr.ghulam.saqlain850@diagnoai.com","Ali Hospital                9-E, Huma Plaza, Opp Polyclinic Blue Area, Islamabad.  Blue Area , Islamabad"
"Dr. Zafar Mahmood","ENT Specialist","karachi",13,4.7,"03640-7502880","dr..zafar.mahmood536@diagnoai.com","Patel Hospital                ST-18, Block-4 , Gulshan-e-Iqbal, Karachi.   Gulshan-e-Iqbal , karachi"
"Dr Seemi Bibi","Gynecologists","Hyderabad",6,4.4,"03244-5909017","dr.seemi.bibi572@diagnoai.com","9-Saba Commercial, Abdullah Town Houses, Main Wadhu Wah Road, Qasimabad, Hyderabad.  Qasimabad , Hyderabad"
"Dr Zarina Zaidi","Gynecologists","Lahore",12,3.9,"03454-4217574","dr.zarina.zaidi957@diagnoai.com","Main Defence Road                Main Boulevard, Main Defence Road, Lahore.  Rasheed Hospital , Lahore"
"Dr Iftikhar Ahmad","Skin Specialists | Dermatologists","Lahore",17,4.5,"03716-3234954","dr.iftikhar.ahmad57@diagnoai.com","Skin Care Clinic                19, Faiz Road, Block C, New Muslim Town, Lahore.  New Muslim Town , Lahore"
"Dr Uroosa Khatoon","Gynecologists","karachi",5,4.5,"03462-9120593","dr.uroosa.khatoon668@diagnoai.com","Dr Ziauddin Hospital                 Block B, North Nazimabad, Karachi.   North Nazimabad , karachi"
"Dr Waseem Imran Sheikh","Skin Specialists | Dermatologists","Rawalpindi",8,4.5,"03140-8680397","dr.waseem.imran.sheikh285@diagnoai.com","Hussain Clinic                BB 372/A T B HOSPITAL ROAD RAWALPINDI.  T B HOSPITAL ROAD , Rawalpindi"
"Dr Amber Waris","Gynecologists","Lahore",3,3.8,"03885-8349668","dr.amber.waris869@diagnoai.com","Waris Clinic                56 / E, Maulana Shaukat Ali Road, Johar Town, Lahore.  Johar Town , Lahore"
"Dr Rashid A Chaudhary","Skin Specialists | Dermatologists","Islamabad",6,5,"03212-1507283","dr.rashid.a.chaudhary983@diagnoai.com","Shifa International Hospital,                Pitras Bukhari Road, H-8/4, H-8, Islamabad.  H-8 , Islamabad"
"Dr. Maria Wasti","Skin Specialists | Dermatologists","Islamabad",3,4.9,"03895-4924035","dr..maria.wasti975@diagnoai.com","Ali Medical Centre                Kohistan Road, F8 Markaz, Islamabad.  F-8 , Islamabad"
"Dr Khalid Mehmood","Skin Specialists | Dermatologists","Lahore",21,3.6,"03516-1829159","dr.khalid.mehmood810@diagnoai.com","United Christian Hospital Main Boulevard Gulberg lll, Lahore.  Gulberg 3 , Lahore"
"Dr Nabila Yusuf","Skin Specialists | Dermatologists","Lahore",9,3.9,"03649-3614715","dr.nabila.yusuf542@diagnoai.com","Hayat Specialist Clinic                 Saddar Bazar,Lahore, Punjab, Pakistan.  Saddar Bazar , Lahore"
"Dr Tariq Mehmood","Skin Specialists | Dermatologists","Rawalpindi",5,3.7,"03885-3175474","dr.tariq.mehmood67@diagnoai.com","Bilal Hospital                38-A, Satellite Town, Sadiqabad Road, Rawalpindi.  Satellite Town , Rawalpindi"
"Dr M Jahangir","Skin Specialists | Dermatologists","Lahore",22,3.5,"03596-6685183","dr.m.jahangir708@diagnoai.com","Kanan Clinic                121, Main Boulevard, Shadman, Lahore.  Shadman  , Lahore"
"Dr Riaz Mehmood Malik","Skin Specialists | Dermatologists","Lahore",24,4.2,"03591-4653158","dr.riaz.mehmood.malik49@diagnoai.com","Chaudhry Rehmat Ali Memorial Trust Hospital                Ch Rahmat Ali Road, Block B1, Phase AII, Township, Lahore.  Township , Lahore"
"Dr. Ambreen Khan","Gynecologists","karachi",22,3.8,"03540-3354574","dr..ambreen.khan639@diagnoai.com","D.H.A Medical Center                 P-38 / A, 10th Street, Khayaban-e-Rahat, Street # 10, Phase-VI, DHA, Karachi.  DHA Phase-VI , karachi"
"Dr Abdul Baqi","Cardiologists","karachi",10,3.6,"03963-6611266","dr.abdul.baqi427@diagnoai.com","The Aga Khan Universiy hospital                 CC Nazerali Walji-2, Karachi.  Walji-2 , karachi"
"Dr. Amer Latif","Liver Transplant Surgeon","Lahore",12,3.6,"03376-2261979","dr..amer.latif654@diagnoai.com","Doctors Hospital                 152-G/1, Canal Bank, Johar TownLahore.  Johar Town , Lahore"
"Dr Amanullah Khan","ENT Specialist","Lahore",10,3.7,"03216-3306696","dr.amanullah.khan685@diagnoai.com","Rasheed Hospital                Main Boulevard, Main Defence Road, Lahore.   Main Defence Road , Lahore"
"Dr Sabreena Sohail","Skin Specialists | Dermatologists","Lahore",12,3.7,"03664-5182601","dr.sabreena.sohail154@diagnoai.com","Sabrina Sohail 20 - Main Wahdat Road, Lahore.  Wahdat Road , Lahore"
"Dr Nargis Waqar","Gynecologists","Lahore",23,3.7,"03387-6290356","dr.nargis.waqar912@diagnoai.com","National hospital & Medical Center DHA Lahore                  Model Town , Lahore"
"Dr Lubna Zubair","Gynecologists","Lahore",8,4.4,"03135-6065119","dr.lubna.zubair709@diagnoai.com","Itefaq Hospital                Near H- Block, Model Town, Lahore.   Model Town , Lahore"
"Dr Ehsan Ali","ENT Specialist","Lahore",20,4.2,"03662-6081659","dr.ehsan.ali997@diagnoai.com","Al - Shafi Hospital                Allama Iqbal Town, Lahore.   , Lahore"
"Dr Muhammad Musharraf","Cardiologists","karachi",8,4.7,"03625-3761854","dr.muhammad.musharraf375@diagnoai.com","National Medical Centre                A-5/A, National Highway, Phase 1, Defence Housing Authority,Near Kala Pul, Karachi.  DHA , karachi"
"Dr Ashraf Kamaruddin","Gynecologists","karachi",8,4,"03279-7224644","dr.ashraf.kamaruddin545@diagnoai.com","Zainab Panjwani Memorial Hospital                Mohammad Ali Habib Road, Numaish, Karachi.  Numaish , karachi"
"Dr Naheed Sultana","Gynecologists","Islamabad",24,4.2,"03223-1978420","dr.naheed.sultana232@diagnoai.com","Sughra Bilques Memorial Hospital                12, H/2, G-8 Markaz, Islamabad.  G-8 , Islamabad"
"Dr Saeeda Ashraf Malhi Brig (Retd)","Gynecologists","Rawalpindi",4,4,"03688-3175592","dr.saeeda.ashraf.malhi.brig..retd.212@diagnoai.com","Anwar Hospital                Peshawar Road, Islamabad/Rawalpindi  Peshawar Road , Rawalpindi"
"Dr Waseem Sheikh","Gynecologists","Rawalpindi",18,4.6,"03169-9759478","dr.waseem.sheikh99@diagnoai.com","Al-Qaim Hospital                B-Block, Satellite Town, Rawalpindi.  Satellite Town , Rawalpindi"
"Dr Hamida Zafar Bukhari","Gynecologists","Rawalpindi",18,3.7,"03443-3052533","dr.hamida.zafar.bukhari466@diagnoai.com","Zeb Medical Centre                Saidpur Road, Islamabad.  Saidpur Road , Rawalpindi"
"Dr Azra Rizwan","Endocrinologist","karachi",6,4.3,"03856-7483613","dr.azra.rizwan122@diagnoai.com","The Aga Khan University Hospital                CC Nazerali Walji-1, Karachi.  Stadium Road , karachi"
"Dr Tariq Rasheed","Skin Specialists | Dermatologists","Lahore",11,4.1,"03928-3599593","dr.tariq.rasheed150@diagnoai.com","Farooq Hospital                Main Boulevard Allama Iqbal Town, Lahore .  Allama Iqbal Town , Lahore"
"Dr M Saleem Qureshi","Diabetologists","Islamabad",15,3.7,"03546-5775622","dr.m.saleem.qureshi13@diagnoai.com","The Diabetes and Liver Clinic                11 Block F-6/2, Hill Road, F-6, Islamabad/Rawalpindi.  F-6 , Islamabad"
"Dr Urooj Malik","Gynecologists","karachi",21,4.5,"03777-6841105","dr.urooj.malik858@diagnoai.com","Dr Ziauddin Hospital                 Plot No. 33, Behind Kpt Hospital, Keamari,Karachi.  Keamari , karachi"
"Dr Asad Saeed","Diabetologists","Lahore",15,4.1,"03735-2976666","dr.asad.saeed275@diagnoai.com","Shaukat Khanum Memorial Cancer Hospital                7A Block R-3,، M.A. Johar Town، Lahore  Johar Town , Lahore"
"Dr Saleem Malik","Gynecologists","Lahore",8,4.1,"03751-9752944","dr.saleem.malik390@diagnoai.com","Shaukat Khanum Memorial Cancer Hospital and Research Centre                7A Block R-3,، M.A. Johar Town، Lahore.  Johar Town , Lahore"
"Dr. Khurshid Khan","Diabetologists","Lahore",12,4.6,"03204-9392834","dr..khurshid.khan144@diagnoai.com","Doctors Hospital                 152-G/1, Canal Bank, Johar Town,Lahore .  Joha , Lahore"
"Dr Ihsan Ali","ENT Specialist","Lahore",17,3.6,"03604-7814650","dr.ihsan.ali583@diagnoai.com","Sarwat Anwar Medical Complex                02 - Tariq Block, New Garden Town, Lahore.  New Garden Town , Lahore"
"Dr Luqman Ahmad","Skin Specialists | Dermatologists","Lahore",23,3.9,"03688-6467191","dr.luqman.ahmad213@diagnoai.com","Ubaida Sardar Memorial Hospital                Shalimar Link Road, Mughalpura, Lahore.  MughalPura , Lahore"
"Dr Asadullah Lone","ENT Specialist","Lahore",13,3.9,"03174-3083440","dr.asadullah.lone591@diagnoai.com","Ittefaq Hospital, H - Block, Model Town, Lahore.  Model Town , Lahore"
"Dr Mumtaz Uddin Haider","Urologists","karachi",24,4.9,"03807-9471756","dr.mumtaz.uddin.haider484@diagnoai.com","DHA Medical Center                 P-38 / A, 10th Street, Khayaban-e-Rahat, Street # 10, Phase-VI, DHA, Karachi.   DHA Phase-VI , karachi"
"Dr Shabina Mirza","Skin Specialists | Dermatologists","karachi",12,3.8,"03362-4713561","dr.shabina.mirza344@diagnoai.com","D.H.A Medical Center                 P-38 / A, 10th Street, Khayaban-e-Rahat, Street # 10, Phase-VI, DHA, Karachi.  DHA Phase-VI , karachi"
"Dr Muhammad Tufail","Urologists","karachi",10,4.1,"03700-8066095","dr.muhammad.tufail873@diagnoai.com","Memon Medical Institute Hospital                 Hyder Buksh Gabol Road,Safoora Goth, Karachi.  Safoora Goth , karachi"
"Dr Shahida Mansoor","Gynecologists","Rawalpindi",20,4.8,"03961-2138638","dr.shahida.mansoor308@diagnoai.com","Zoha Nursing Home                 Homepage, 251-A/1, Iftikhar Janjua Road, Rawalpindi.  Iftikhar Janjua Road , Rawalpindi"
"Dr Ahmad Fawad","Urologists","karachi",3,4.1,"03270-2504348","dr.ahmad.fawad62@diagnoai.com","Dr. Ziauddin Hospital                 Block-B, North Nazimabad, Karachi.    North Nazimabad , karachi"
"Dr Shaheen Kausar","Gynecologists","Lahore",20,4.2,"03799-1465846","dr.shaheen.kausar302@diagnoai.com","Ittefaq Hospital Trust                Near H Block, Model Town, Lahore.   Model Town , Lahore"
"Dr. Hina","Gynecologists","karachi",18,4.3,"03794-4846219","dr..hina658@diagnoai.com","Institute Of Surgery & Medicine Hospital                Agha Khan III Road, Garden East, Saddar Town, Karachi.  Saddar Town , karachi"
"Dr M.SHAFI SHAIKH","ENT Specialist","Hyderabad",15,4.3,"03464-5437623","dr.m.shafi.shaikh293@diagnoai.com","Near Hassan X-Ray, Hirabad, Hyderabad.  Hirabad , Hyderabad"
"Dr Mahmooda Masood","Gynecologists","Rawalpindi",21,3.6,"03766-5081073","dr.mahmooda.masood141@diagnoai.com","Fatima Hospital                407-B, Satelite Town.  Satellite Town , Rawalpindi"
"Dr Farah Naz Raza","Gynecologists","Lahore",16,4.3,"03595-7623222","dr.farah.naz.raza842@diagnoai.com","Shalamar Hospital                Shalimar Link Road, Mughalpura, LahoreDaily+9242-36817857+9242-36814715-18  Mughalpura , Lahore"
"Col. (R) Dr. Babar Afzal","Anesthesiologist","Rawalpindi",4,4.8,"03471-7692316","col...r..dr..babar.afzal763@diagnoai.com","Bilal Hospital                 38-A Satellite Town, Sadiqabad Road, Rawalpindi.  Satellite Town , Rawalpindi"
"Dr. Sobia Shahzad","General Practitioner","Rawalpindi",14,4.6,"03907-5539817","dr..sobia.shahzad508@diagnoai.com","OPD Complex                Jhelum Road, Near Bahria Phase VIII Gate, Sawan , Rawalpindi.  Sawan , Rawalpindi"
"Dr Samar Amin","Gynecologists","karachi",18,4,"03120-2323012","dr.samar.amin820@diagnoai.com","Zainab Panjwani Memorial Hospital                Mohammadali Habib Road, Numaish, Karachi.    , karachi"
"Dr. Syed Nazir Hussian","Diabetologist","Lahore",21,4.4,"03457-7502156","dr..syed.nazir.hussian188@diagnoai.com","abu                dldskenwk3242sdaasda  Faisal Town , Lahore"
"Prof. Dr. Muhammad Ajmal","ENT Specialist","Rawalpindi",7,3.9,"03702-7649525","prof..dr..muhammad.ajmal629@diagnoai.com","Bilal Hospital                38-A, Satellite Town, Sadiqabad Road, Rawalpindi.  Satellite Town , Rawalpindi"
"Dr Shahid A Sami","Cardiologists","karachi",14,5,"03477-1827597","dr.shahid.a.sami452@diagnoai.com","AKUH Consulting Clinic                AKUH Consulting Clinic, Stadium Road. Karachi   Stadium Road , karachi"
"Dr Amber Malik","Cardiologists","Lahore",7,3.8,"03613-9986842","dr.amber.malik670@diagnoai.com","Kanan Clinic                121, Phase-2, Main Boulevard, Shadman, Lahore.  Shadman , Lahore"
"Dr Khalida Waheed","Gynecologists","Islamabad",23,3.5,"03420-7441234","dr.khalida.waheed788@diagnoai.com","Ali Medical Centre (PVT) Ltd, Main Markaz, Sector F - 8, Islamabad.   , Islamabad"
"Dr Rashid Ahmed","ENT Specialist","Hyderabad",15,4.8,"03145-6844337","dr.rashid.ahmed295@diagnoai.com","143/3, Jail Road, Hirabad, Hyderabad.  Hirabad , Hyderabad"
"Dr Naheed Sultana","Gynecologists","Islamabad",3,4.3,"03989-3018547","dr.naheed.sultana355@diagnoai.com","Ali Medical Centr                Main Markaz, Sector F - 8, Islamabad.  F-8 , Islamabad"
"Dr Hajira Hanif","Gynecologists","Lahore",11,4.5,"03152-5843697","dr.hajira.hanif699@diagnoai.com","Fatima Memorial Hospital                Shadman, Lahore.  Shadman  , Lahore"
"Dr Attiya Mahboob","Skin Specialists | Dermatologists","Lahore",13,4.8,"03463-3787320","dr.attiya.mahboob922@diagnoai.com","Main Boulevard GardenTown, Barket Market, New Garden Town, Lahore.  New Garden Town , Lahore"
"Dr Talat Akber","Skin Specialists | Dermatologists","Lahore",17,4.5,"03395-1611455","dr.talat.akber930@diagnoai.com","146 / 1 Shadman Colony Jail Road, Lahore.   Shadman Colony  , Lahore"
"Dr Nighat Ali Shah","Gynecologists","karachi",6,4.6,"03721-4144876","dr.nighat.ali.shah501@diagnoai.com","The Aga Khan University Hospital                 AKUH Consulting Clinic 4, Stadium Road, Karachi.   Stadium Road , karachi"
"Dr Anis Ronaq","Paediatric","Lahore",17,4.1,"03168-4390476","dr.anis.ronaq445@diagnoai.com","Aadil Hospital                 - Main Boulevard, Defence, Cantt Lahore.  DHA , Lahore"
"Dr. Saima Ghayas","Gynecologists","karachi",8,3.9,"03858-2307703","dr..saima.ghayas337@diagnoai.com","Saifee Hospital                ST-1, Block-F, North Nazimabad, Karachi.  North Nazimabad , karachi"
"Dr FIRDOUS MUMTAZ","Gynecologists","Hyderabad",23,4.5,"03715-5856855","dr.firdous.mumtaz980@diagnoai.com","MF-24, Mezzanine Floor, Quaid-e-Azam Medical Center, C.M.H Road, Cantt: Hyderabad.  C.M.H Road , Hyderabad"
"Dr M Mujeeb","ENT Specialist","Lahore",16,3.8,"03233-3055117","dr.m.mujeeb63@diagnoai.com","Shaukat Khanum Memorial Cancer Hospital & Research Centre                7A Block R-3M.A. Johar Town, Lahore.  Johar Townl , Lahore"
"Dr Arif Raheem","Skin Specialists | Dermatologists","Lahore",13,4.9,"03582-6264037","dr.arif.raheem729@diagnoai.com","Rahim Hospital                 63 - Riwaz Garden Lahore.   Riwaz Garden  , Lahore"
"Dr Ayesha Hussain","Gynecologists","karachi",4,3.7,"03144-1587623","dr.ayesha.hussain280@diagnoai.com","Patel Hospital                  ST-18, Block-4 , Gulshan-e-Iqbal, Karachi.  Gulshan-e-Iqbal , karachi"
"Dr Feroze Ahmed","ENT Specialist","Islamabad",20,4,"03125-6670080","dr.feroze.ahmed656@diagnoai.com","Capital Clinic                Markaz F-10, Islamabad.  F-10 , Islamabad"
"Dr Prof Fahmida Naheed","Gynecologists","Lahore",9,3.7,"03506-2824725","dr.prof.fahmida.naheed318@diagnoai.com","Allam Iqbal Town                15-Gulshan Block, Main Bouleward, Allam Iqbal Town, Lahore.  Al-Shafi Hospital , Lahore"
"Dr. Khurshid Khan","Diabetologists","Lahore",3,4.1,"03540-8468842","dr..khurshid.khan661@diagnoai.com","Doctors Hospital                 152-G/1, Canal Bank, Johar TownLahore.  Johar Town , Lahore"
"Dr Aijaz Fatima","Gynecologists","karachi",19,3.6,"03180-3295993","dr.aijaz.fatima802@diagnoai.com","Dr. Ziauddin Hospital                 Block-B, North Nazimabad, Karachi.    North Nazimabad , karachi"
"Dr. Naser Ali Khan","Cardiologists","Rawalpindi",17,3.7,"03105-6554989","dr..naser.ali.khan965@diagnoai.com","Armed Forces Institute of Cardiology                Peshawar Rd, Rawalpindi.   Peshawar Rd , Rawalpindi"
"Dr Muhammad Aslam","ENT Specialist","Rawalpindi",8,4,"03610-3124264","dr.muhammad.aslam727@diagnoai.com","ENT Clinic                Kashmir Gate Plaza Muree Road, Islamabad.  Muree Road , Rawalpindi"
"Dr Prof Rubina Hussain","Gynecologists","karachi",6,4.1,"03836-9924916","dr.prof.rubina.hussain957@diagnoai.com","Ziauddin Hospital                 Cifton, 4/B, Shahrah-e-Ghalib, Block 6, Clifton, Karachi.  Clifton , karachi"
"Dr Farhat Parveen Malik","Gynecologists","Rawalpindi",24,4,"03634-3769956","dr.farhat.parveen.malik412@diagnoai.com","Hamid Madical Centre                Asghar Mall Road.Margalla Welfare Hospital, Pirwadhai, Rawalpindi/Islamabad.  Pirwadhai , Rawalpindi"
"Dr Zareefuddin Khan","Pediatricians","Islamabad",18,4.7,"03650-5799559","dr.zareefuddin.khan344@diagnoai.com","Umer Ali Nursing Homepage                 Markza 1-9 Islamabad.  I9 , Islamabad"
"Dr Tahira Rashid","Gynecologists","Rawalpindi",16,3.6,"03210-5884484","dr.tahira.rashid200@diagnoai.com","Al-Qaim Hospital                ,4th-B Road, Satellite Town, Islamabad/Rawalpindi.  Satellite Town , Rawalpindi"
"Dr Kaniz Zehra Naqvi","Gynecologists","karachi",24,5,"03730-8465175","dr.kaniz.zehra.naqvi142@diagnoai.com","Liaquat National Hospital                National Stadium Road,Karachi.   National Stadium Road , karachi"
"Dr Ayesha Arshad","Skin Specialists | Dermatologists","Lahore",15,4.3,"03456-2565424","dr.ayesha.arshad373@diagnoai.com","Bismillah Hospital                Park Lane, Mozang, Lahore.  Mozang  , Lahore"
"Dr. Tariq Farman","Cardiologists","karachi",15,3.8,"03170-1207241","dr..tariq.farman519@diagnoai.com","Medicare Heart Hospital                22-23 Shaheed-e-Millat Road, Karachi.  Shaheed-e-Millat Road , karachi"
"Dr Javaid Iqbal","ENT Specialist","Lahore",7,4.6,"03212-6528545","dr.javaid.iqbal509@diagnoai.com","Al-Shafi Hospital                15-Gulshan Block, Main Bouleward, Allam Iqbal Town, Lahore.  Allam Iqbal Town , Lahore"
"Dr. Jamshaid","Gastroenterology","Lahore",23,4.6,"03493-8607827","dr..jamshaid49@diagnoai.com","Farooq Hospital                Main Boulevard Allama Iqbal Town, Lahore.  Allama Iqbal Town , Lahore"
"Dr Shahnaz Saeed Hassan","Gynecologists","Lahore",3,4.3,"03927-3190453","dr.shahnaz.saeed.hassan383@diagnoai.com","Naz Hospital                6-A, Link Shadman Road, Shadman Lahore.  Shadman Road , Lahore"
"Dr Muhammad Khalid Jamil","ENT Specialist","Islamabad",12,4.3,"03954-4557489","dr.muhammad.khalid.jamil861@diagnoai.com","House No. 15-E, Street 58, G-9/4, Islamabad.  G-9 , Islamabad"
"Dr Obaid ur Rehman","Skin Specialists | Dermatologists","Lahore",15,4,"03941-3382933","dr.obaid.ur.rehman565@diagnoai.com","Obaid-ur-Rehman clinic, 4_Mozang Road,Lahore.  Mozang Road , Lahore"
"Dr Aqeela Kausar","Gynecologists","karachi",22,4.1,"03232-2198038","dr.aqeela.kausar117@diagnoai.com","Liaquat National Hospital                National Stadium Rd, Karachi.  Stadium Road , karachi"
"Dr. Muhammad Imran Asghar","Cardiologists","Rawalpindi",13,4,"03415-9160339","dr..muhammad.imran.asghar503@diagnoai.com","Armed Forces Institute of Cardiology                 Peshawar Rd, Rawalpindi.   Peshawar Road  , Rawalpindi"
"Dr Ayesha Nasir","Gynecologists","karachi",16,4.6,"03150-1079776","dr.ayesha.nasir480@diagnoai.com","Karachi National Hospital                239, J. M. Amil Colony, M. A. Jinnah Road, Opposite Mazar-e-Quaid, Karachi.  Amil Colony , karachi"
"Dr Omar H Shaikh","Skin Specialists | Dermatologists","Lahore",20,3.6,"03290-1015046","dr.omar.h.shaikh332@diagnoai.com","The Image Clinic                 27-C-lll, M.M. Alam Road, Gulberg-lll,Lahore, Punjab, Pakistan,  Gulberg-lll , Lahore"
"Dr Mian Iftikhar Hussain","ENT Specialist","Rawalpindi",23,4.6,"03333-4275008","dr.mian.iftikhar.hussain210@diagnoai.com","965-B, Near Haidry Chowk Saidpur Road.  Saidpur , Rawalpindi"
"Dr Shahnaz Akber Hussaini","Gynecologists","karachi",18,4.4,"03192-5567794","dr.shahnaz.akber.hussaini902@diagnoai.com","Liaquat National Hospital & Medical College                 WASC OPD No. 04 , L.N.H., National Stadium Road, Karachi.   National Stadium Road , karachi"
"Dr. Khalid Zafar Hashmi","Hematologist","karachi",4,3.7,"03386-4120988","dr..khalid.zafar.hashmi360@diagnoai.com","Sindh Institute of Urology and Transplantation - S.I.U.T                Chand Bi Bi Road, Civil Hospital, Karachi.  Chand Bi Bi Road , karachi"
"Dr Ghufranullah Khan","Cardiologists","karachi",8,4.5,"03575-9475857","dr.ghufranullah.khan437@diagnoai.com","Tabba Heart Institute                Street 1, Block No. 2, Federal "B" Area, Hussainabad Street,   Hussainabad  , karachi"
"Dr Zia Mahmood","ENT Specialist","Rawalpindi",23,4.2,"03576-8093579","dr.zia.mahmood430@diagnoai.com","965/B Adjacent allied Bank, Near Haidry Chowk Saidpur Road, Islamabad.  Saidpur Road , Rawalpindi"
"Dr Rubina Javaid","Gynecologists","Rawalpindi",9,4,"03990-6380594","dr.rubina.javaid144@diagnoai.com","Heart international                610, Peshawar Road, Saddar, Islamabad/Rawalpindi.  Saddar , Rawalpindi"
"Dr. Javaid Asghar","Radiologist","Lahore",22,4.6,"03277-5767213","dr..javaid.asghar928@diagnoai.com","Doctor's Hospital Lahore                 152-G/1, Canal Bank, Johar Town, Lahore.  Johar Town , Lahore"
"Dr Havovi Z Birdie","Gynecologists","karachi",11,3.5,"03137-7565428","dr.havovi.z.birdie333@diagnoai.com","Dr Ziauddin Hospital                 Block-B, North Nazimabad, Karachi.  North Nazimabad , karachi"
"Dr Bilqees Manzoor","Gynecologists","karachi",20,4,"03635-1169214","dr.bilqees.manzoor841@diagnoai.com","Dr Ziauudin Hospital                 Block-B, North Nazimabad, Karachi.  North Nazimabad , karachi"
"Dr Hamid Hassan","Cardiologists","Lahore",24,3.9,"03385-7631062","dr.hamid.hassan666@diagnoai.com","Ihsan Mumtaz Hospital                71, Maulana Shaukat Ali Road, Block E, Phase 1, Johar Town, Lahore  Johar Town , Lahore"
"Dr Jamshed Bin Saeed","ENT Specialist","Rawalpindi",12,3.8,"03160-7457285","dr.jamshed.bin.saeed431@diagnoai.com","KRL Hospital                G-9, Islamabad.  G-9 , Rawalpindi"
"Dr Saadia Waraich","Gynecologists","karachi",5,4.5,"03596-7287562","dr.saadia.waraich584@diagnoai.com","Liaquat National Hospital & Medical College                National Stadium Rd, Karachi.  Stadium Road , karachi"
"Dr Asim Ali Hyder","Skin Specialists | Dermatologists","Lahore",13,4.8,"03483-4956094","dr.asim.ali.hyder657@diagnoai.com","First Medical 934-B Faisal Town Lahore.  FaisalTown , Lahore"
"Dr Lumaan Sheikh","Gynecologists","karachi",24,3.6,"03106-2022044","dr.lumaan.sheikh54@diagnoai.com","The Aga Khan University Hospital                 AKUH Consulting Clinic, Stadium Road, Karachi.  Stadium Road , karachi"
"Dr Nasreen Suleman","Gynecologists","Lahore",6,4.3,"03757-5103312","dr.nasreen.suleman620@diagnoai.com","Al-Shafi Hospital                Al-Shafi Hospital, 15-Gulshan Block, Main Bouleward, Allam Iqbal Town, Lahore.   Allam Iqbal Town , Lahore"
"Dr Ali Raza","Cardiologists","karachi",20,3.5,"03677-1417598","dr.ali.raza521@diagnoai.com","Liaquat National Hospital                National Stadium Road, Essa Nagri, Karachi.  Essa Nagri , karachi"
"Dr Lt Col (R)Khadija Zia","Gynecologists","Islamabad",17,4.7,"03829-4633930","dr.lt.col..r.khadija.zia901@diagnoai.com","The Family Clinic                Markaz F-10Islamabad.   F-10 Markaz , Islamabad"
"Dr Farah Yasmeen Shakoor","Gynecologists","Rawalpindi",17,3.8,"03937-8752351","dr.farah.yasmeen.shakoor726@diagnoai.com","Margalla Welfare Hospital                Pirwadhai, Islamabad.  Pirwadhai , Rawalpindi"
"Dr. Maisam Abbas","ENT Specialist","karachi",14,4.9,"03611-3526748","dr..maisam.abbas971@diagnoai.com","Medicare Hospital & Clinic                Gulshan Town, Karachi.  Gulshan Town , karachi"
"Abdullah Ali Lashari","Anesthesiologist","Islamabad",9,4,"03382-2988136","abdullah.ali.lashari339@diagnoai.com","Shifa International Hospitals                H-8/4, Islamabad-Pakistan.  H-8 , Islamabad"
"Dr Nishat Farooqul","Gynecologists","Lahore",5,3.9,"03413-2618945","dr.nishat.farooqul449@diagnoai.com","Naz Hospital                6-A, Link Shadman Road, Shadman Lahore.  Shadman  , Lahore"
"Dr. Sakina Anwar","Gynecologists","karachi",15,4.3,"03236-3192659","dr..sakina.anwar761@diagnoai.com","Institute Of Surgery & Medicine Hospital                Agha Khan III Road, Garden East, Saddar Town, Karachi.   Saddar Town , karachi"
"Dr Rehana Arain","Gynecologists","Hyderabad",7,3.6,"03735-8982402","dr.rehana.arain275@diagnoai.com","62-A Unit No 6, Opp: Mehran Garden, Latifabad, Hyderabad.  Latifabad , Hyderabad"
"Dr Kahkashan","Gynecologists","Rawalpindi",14,4.3,"03806-7623634","dr.kahkashan183@diagnoai.com","Al-Qaim Hospital                4th-B Road, Satellite Town, Rawalpindi.  Satellite Town , Rawalpindi"
"Dr Taqdees Anwar","Gynecologists","Islamabad",10,4.9,"03279-9722888","dr.taqdees.anwar591@diagnoai.com","Shifa International Hospital                Pitras Bukhari Road, H-8/4, H-8, Islamabad.   H-8 , Islamabad"
"Dr Iqbal Rasheed Mian","Gynecologists","Lahore",3,3.9,"03411-3113425","dr.iqbal.rasheed.mian272@diagnoai.com","Fatima Memorial Hospital                Main Boulevard, Phase 2, Shadman, Lahore.  Shadman , Lahore"
"ABIDA KHALIL SATTAR","Breast Specialist","karachi",12,3.6,"03744-5421199","abida.khalil.sattar464@diagnoai.com","Clifton Medical Services                Karachi.  Clifton  , karachi"
"ALIYA BEGUM AZIZ","Gynecologists","karachi",15,4.9,"03748-5928222","aliya.begum.aziz405@diagnoai.com","The Aga Khan University Hospital                 Consulting Clinic 4, Stadium Road, Karachi.  Stadium Road , karachi"
"Dr Aliya Bano","Gynecologists","karachi",15,3.5,"03677-2540779","dr.aliya.bano772@diagnoai.com","Patel Hospital                 ST-18, Block-4 , Gulshan-e-Iqbal, Karachi.  Gulshan-e-Iqbal , karachi"
"Dr SYED ABDUL ALEEM","ENT Specialist","Hyderabad",21,3.8,"03713-4298135","dr.syed.abdul.aleem182@diagnoai.com","Adjacent Hydry Medical Store                Soldier Bazar, Saddar, Hyderabad.  Saddar , Hyderabad"
"Dr Zia ul Miraj Ahmed","Urologists","Lahore",3,4.4,"03865-9602746","dr.zia.ul.miraj.ahmed476@diagnoai.com","Ittefaq Hospital                 Ittefaq Hospital (Trust)Near H Block, Model Town,Lahore.  Model Town , Lahore"
"Dr Samina Esbahani","Gynecologists","karachi",20,3.8,"03617-1632842","dr.samina.esbahani743@diagnoai.com","Zainab Panjwani Memorial Hospital                Mohammad Ali Habib Road, Numaish, Karachi.  Numaish , karachi"
"Dr. Ismail Hirani","ENT Specialist","karachi",18,4.8,"03227-4684506","dr..ismail.hirani834@diagnoai.com","Saifee Hospital                Saifee Hospital, Shara-e-Sher Shah Su, Block F, North Nazimabad, Karachi.  North Nazimabad , karachi"
"Dr. Erum Mazhar Hussain","Hematologist","karachi",14,4.7,"03580-8616224","dr..erum.mazhar.hussain565@diagnoai.com","Liaquat National Hospital                National Stadium Rd, Karachi.   National Stadium Road , karachi"
"Dr Prof Shahida Sheikh","Gynecologists","Rawalpindi",17,3.6,"03448-9698476","dr.prof.shahida.sheikh825@diagnoai.com","Maryam Memorial Hospital                Peshawar Road, Islamabad.  Peshawar Rd , Rawalpindi"
"Dr Salma Batool Naqvi","Gynecologists","karachi",20,4.2,"03638-4652253","dr.salma.batool.naqvi242@diagnoai.com","Liaquat National Hospital                National Stadium Road,Karachi.  Stadium Road , karachi"
"Dr Rizwan Aziz Memon","Cardiologists","karachi",24,4.1,"03757-6413801","dr.rizwan.aziz.memon382@diagnoai.com","Liaquat National Hospital                National Stadium Road, Essa Nagri, Karachi  Essa Nagri , karachi"
"Dr. Taufeeq Shaikh","ENT Specialist","karachi",15,3.8,"03970-9636232","dr..taufeeq.shaikh133@diagnoai.com","Zainab Panjwani Memorial Hospital                Mohammad Ali Habib Rd, Gazdarabad, Katrak Parsi Colony, Karachi.   Katrak Parsi Colony , karachi"
"Dr. Nawaz Lashari","Cardiologists","karachi",10,4.5,"03646-1894530","dr..nawaz.lashari450@diagnoai.com","National Medical Center                 A-5/A, National Highway, Phase 1, Defence Housing Authority,Near Kala Pul, Karachi.  DHA , karachi"
"Dr Sohail Khurshid Lodhi","Gynecologists","Lahore",19,4.5,"03943-3903988","dr.sohail.khurshid.lodhi788@diagnoai.com","Hameed Latif Hospital                 14-Abu Bakar Blk., New Garden Town, Lahore.   New Garden Town , Lahore"
"Dr Faria Asad","Skin Specialists | Dermatologists","Lahore",12,4.5,"03243-8766595","dr.faria.asad959@diagnoai.com","Akbar Medical Complex                 Main Boulevard, Defence, Lahore.  DHA , Lahore"
"Dr. M. Yakoob Ahmedani","Diabetologists","karachi",24,4.9,"03575-4190081","dr..m..yakoob.ahmedani594@diagnoai.com","Tabba Heart Institute                St-1, Block # 2, Federal "B" Area, Karachi.   Federal "B" Area , karachi"
"Dr Major (R) Haq Nawaz Khan","ENT Specialist","Rawalpindi",14,3.9,"03184-6172135","dr.major..r..haq.nawaz.khan314@diagnoai.com","716/D, Sixth Road Satellite Town, Rawalpindi.  Satellite Town , Rawalpindi"
"Dr Afshan K Siddiqui","Skin Specialists | Dermatologists","Lahore",21,4.1,"03499-8000271","dr.afshan.k.siddiqui768@diagnoai.com","Ammar Medical Complex                8 - Jail Road ,Main Gulberg Lahore.  Main Gulberg , Lahore"
"Dr Shazia Musheer","Gynecologists","karachi",7,4.6,"03291-4845666","dr.shazia.musheer48@diagnoai.com","The Aga Khan University Hospital                 AKUH Consulting Clinic, Stadium Road, Karachi.  Stadium Road , karachi"
"Dr Khalida Waheed","Gynecologists","Rawalpindi",6,3.8,"03361-3066964","dr.khalida.waheed432@diagnoai.com","Ali Medical Centre                Kohistan Road, F-8, Islamabad.  F-8 , Rawalpindi"
"Dr Irfan Ahmed","ENT Specialist","Islamabad",8,4.4,"03661-7013973","dr.irfan.ahmed952@diagnoai.com","Audiology Centre                Margalla Clinics, 64 East Moscow Plaza, Blue Area, Islamabad.  Blue Area , Islamabad"
"Dr Shagufta Tahir","Gynecologists","karachi",24,4.7,"03210-6285224","dr.shagufta.tahir661@diagnoai.com","Liaquat National Hospital                National Stadium Road,Karachi.  Stadium Road , karachi"
"Dr Sohail Athar","Skin Specialists | Dermatologists","Lahore",19,4.5,"03301-5872824","dr.sohail.athar729@diagnoai.com","Ittefaq Hospital                 Near H Block, Model Town, Lahore.   , Lahore"
"Dr Roshan Ara","Gynecologists","Hyderabad",5,4,"03171-8325626","dr.roshan.ara495@diagnoai.com","B- 4, Diplai Memon Housing, Hyderabad.  Diplai Memon Housing , Hyderabad"
"Dr. Brig. Zafar","General Surgeon","Lahore",15,4.7,"03932-8451124","dr..brig..zafar729@diagnoai.com","Doctors Hospital                152-G/1, Canal Bank, Johar TownLahore.  Johar Town , Lahore"
"Dr. Luna Pereira","Gynecologists","karachi",20,4.2,"03330-9654531","dr..luna.pereira707@diagnoai.com","Kharadar General Hospital                Agha Khan Road, Nawab Mahabat Khanji Road, Karadar, Karachi.  Karadar , karachi"
"Dr. Tanveer Hussain","Medical Specialist","Rawalpindi",3,3.7,"03549-5602337","dr..tanveer.hussain519@diagnoai.com","Bilal Hospital                38-A, Satellite Town, Sadiqabad Road, Rawalpindi.  Satellite Town , Rawalpindi"
"Dr Farrukh Mehmood","ENT Specialist","Lahore",20,4.5,"03471-7673585","dr.farrukh.mehmood107@diagnoai.com","Mehboob Fatima Medical Centre                Opposite Faisal Clinic Faisal Town Lahore.  Faisal Town , Lahore"
"Dr DHARM DEV RATHI","Skin Specialists | Dermatologists","Hyderabad",4,4.4,"03125-1190992","dr.dharm.dev.rathi142@diagnoai.com","49, Skin Care Clinic, Saddar, Hyderabad.  Saddar , Hyderabad"
"Dr. Zuhaib Bin Saeed","General Practitioner","Rawalpindi",21,3.7,"03556-6849339","dr..zuhaib.bin.saeed951@diagnoai.com","OPD Complex                Jhelum Road, Near Bahria Phase VIII Gate, Sawan, Rawalpindi.  Sawan , Rawalpindi"
"Dr Prof Sadiqua N Jaffery","Gynecologists","karachi",4,3.8,"03436-1256310","dr.prof.sadiqua.n.jaffery198@diagnoai.com","Dr Ziauddin Hospital                  4/B, Shahrah-e-Ghalib, Block 6, Clifton, Karachi.  Clifton , karachi"
"Dr M Sarwar Chaudhary","ENT Specialist","Islamabad",16,4.4,"03467-1279389","dr.m.sarwar.chaudhary489@diagnoai.com","Federal Government Services Hospital                Shaheed-e-Millat Rd, Islamabad.  Shaheed-e-Millat Rd , Islamabad"
"Dr Arif Tarar","ENT Specialist","Lahore",15,4.1,"03663-7478325","dr.arif.tarar524@diagnoai.com","Punjab Medical Centre                5 -Main Gulberg, Jail Road, Lahore.  Main Gulberg , Lahore"
"Dr. Chaudhary Mohammad Tahir","Skin Specialists | Dermatologists","Lahore",17,4,"03947-3181770","dr..chaudhary.mohammad.tahir285@diagnoai.com","Rasheed Hospital                Khayaban-e-Jinnah, Phase 1, DHA, Lahore.  DHA, Phase 1 , Lahore"
"Dr Shahina Ishtiaq Assistant Prof","Gynecologists","karachi",13,4.3,"03945-7218249","dr.shahina.ishtiaq.assistant.prof169@diagnoai.com","Dr Ziauddin Hospital                4/B, Shahrah-e-Ghalib, Block 6, Clifton, Karachi.  Clifton , karachi"
"Dr Shazia Fakhar","Gynecologists","Islamabad",7,4.6,"03270-5330766","dr.shazia.fakhar813@diagnoai.com","Shifa Inernational Hospital Ltd.                Sector:H-8/4,Islamabad.   H-8 , Islamabad"
"Dr. Musarrat Arshad","Gynecologists","karachi",11,4.6,"03229-4146691","dr..musarrat.arshad946@diagnoai.com","Saifee Hospital                  ST-1, Block-F, North Nazimabad, Karachi.    North Nazimabad , karachi"
"Dr Sayeda Batool Mazhar","Gynecologists","Islamabad",23,4.5,"03156-5692222","dr.sayeda.batool.mazhar359@diagnoai.com","Ali Medical Centre                Main Markaz, Sector F - 8, Islamabad.  F-8 , Islamabad"
"Dr MUKHTAR AHMED RAJPUT","ENT Specialist","Hyderabad",8,4.7,"03696-2034493","dr.mukhtar.ahmed.rajput113@diagnoai.com","Consulting Chamber, Near Old A-One Hotel, Hirabad, Hyderabad.  Hirabad , Hyderabad"
"Dr Nasim Yousaf","Diabetologists","Islamabad",11,4.6,"03858-5968610","dr.nasim.yousaf439@diagnoai.com","Shifa International Hospital                Pitras Bukhari Road, H-8/4, H-8, Islamabad.  H-8 , Islamabad"
"Dr Abdullah Bin Khalid","Gastroenterology","karachi",6,4.6,"03911-7251737","dr.abdullah.bin.khalid568@diagnoai.com","Consulting Clinics (JHS Building -Second Floor), Stadium Road, Karachi.  Stadium Road , karachi"
"Dr Shaheen Nazly Jameel","Diabetologists","Rawalpindi",16,3.8,"03226-3526065","dr.shaheen.nazly.jameel776@diagnoai.com","717, Street 83, Block I-8/4, I-8, Islamabad/Rawalpindi.  I-8 , Rawalpindi"
"Dr Sohail Athar","Skin Specialists | Dermatologists","Lahore",11,3.9,"03359-5827671","dr.sohail.athar898@diagnoai.com","Ittefaq Hospital Trust                Near H-Block Model Town, Lahore.  Model Town , Lahore"
"Dr Arshia Javed","Gynecologists","karachi",3,3.5,"03944-1541933","dr.arshia.javed367@diagnoai.com","Dr Ziauddin hospital                 Block-B, North Nazimabad, Karachi.  North Nazimabad , karachi"
"Dr Abdul Qayyum","ENT Specialist","karachi",15,4.5,"03491-1749876","dr.abdul.qayyum306@diagnoai.com","Saifee Hospital                Shara-e-Sher Shah Suri road, Block F, North Nazimabad, Karachi.  North Nazimabad , karachi"
"Dr Qazi M Tariq","General Surgeon","karachi",5,3.8,"03582-9902721","dr.qazi.m.tariq27@diagnoai.com","Murshid Hospital & Health Care Centre                Hub River Road, MujahidabadKarachi.  Mujahidabad , karachi"
"Dr Riffat Majid","Skin Specialists | Dermatologists","karachi",15,3.7,"03395-8135301","dr.riffat.majid729@diagnoai.com","The Aga Khan University Hospital                 Stadium Road, Karachi.  Stadium Road , karachi"
"Dr. Arif Hamayun Agha","Urologists","Lahore",16,3.8,"03763-4930420","dr..arif.hamayun.agha485@diagnoai.com","Doctors Hospital                152-G/1, Canal Bank, Johar Town, Lahore 54590, Pakistan.  Johar Town , Lahore"
"Dr Ambreen Ejaz","Gynecologists","Lahore",19,4.2,"03916-4141950","dr.ambreen.ejaz916@diagnoai.com","Mid City Hospital                 3-A Shadman II, Jail Road. Opposite Kinaird College, Lahore.  Shadman  , Lahore"
"Dr. Fouzia Ahmed","Gynecologists","karachi",16,3.8,"03745-6714195","dr..fouzia.ahmed341@diagnoai.com","Patel Hospital                ST-18, Block-4 , Gulshan-e-Iqbal, Karachi.  Gulshan-e-Iqbal , karachi"
"Dr SHOUKAT ALI H. MEMON","Skin Specialists | Dermatologists","Hyderabad",6,3.6,"03356-4308648","dr.shoukat.ali.h..memon151@diagnoai.com","Near National Saving Center, Saddar, Hyderabad.  Saddar , Hyderabad"
"Dr. Syed Masood Raza","Hematologist","karachi",20,4.5,"03983-3085062","dr..syed.masood.raza768@diagnoai.com","Sindh Institute of Urology and Transplantation                Chand Bi Bi Road, Civil Hospital.  Chand Bi Bi Road , karachi"
"Dr Shahab Javed","Urologists","karachi",10,3.8,"03314-2885566","dr.shahab.javed796@diagnoai.com","Jamal Noor Hospital                Jamal Noor Hospital, Dhoraji Colony, Karachi.  Dhoraji Colony , karachi"
"Dr. Ayaz Hussain Sheikh","Cardiologists","karachi",7,4.6,"03565-7019354","dr..ayaz.hussain.sheikh774@diagnoai.com","Medicare Hospital                Medicare Hospital, 23, Shaheed-e-Millat Road, Bahadurabad, Karachi.  Bahadurabad , karachi"
"Dr  Naeem Iqbal","Skin Specialists | Dermatologists","karachi",24,4.2,"03174-2407844","dr..naeem.iqbal241@diagnoai.com","SESSI Landhi Hospital                Adamjee Road, Opp. KDA Sub-Office, Landhi Karachi.  Landhi  , karachi"
"Dr Iffat Ahmed","Gynecologists","karachi",4,3.8,"03523-2189642","dr.iffat.ahmed842@diagnoai.com","The Aga Khan University Hospital                 AKUH Consulting Clinic, Stadium Road, Karachi.   Stadium Road , karachi"
"Dr. Samiullah","General Surgeon","Rawalpindi",3,4.3,"03893-4039741","dr..samiullah399@diagnoai.com","Bilal Hospital                38-A, Satellite Town, Sadiqabad Road, Rawalpindi.  Satellite Town , Rawalpindi"
"Prof. Dr. Muhammad Sarwar","Cardiologists","Lahore",15,4.8,"03950-7927696","prof..dr..muhammad.sarwar452@diagnoai.com","Doctors Hospital Lahore                 152-G/1, Canal Bank, Johar TownLahore.  Johar Town , Lahore"
"Dr Prof Ahmed Fawad","Urologists","karachi",18,3.7,"03679-8251418","dr.prof.ahmed.fawad975@diagnoai.com","Dr Ziauddin Hospital                North Nazimabad, Karachi.  North Nazimabad , karachi"
"Dr. Tariq Shafi","Cardiologists","Lahore",3,4.8,"03828-6265121","dr..tariq.shafi705@diagnoai.com","Doctors Hospital                152-G/1, Canal Bank, Johar Town, Lahore.  Johar Town , Lahore"
"Dr AZAM HUSSAIN YOUSIFANI","ENT Specialist","Hyderabad",24,4.2,"03827-3960592","dr.azam.hussain.yousifani731@diagnoai.com","2-Jehan Plaza, Saddar, Hyderabad.  Saddar , Hyderabad"
"Dr Saba Raees","Skin Specialists | Dermatologists","Lahore",10,4,"03999-8979301","dr.saba.raees839@diagnoai.com","Defence Skin, Laser & Cosmetology Clinic                First Floor 290 Q, Phase II, Ghazi Road, DHA Lahore, Street 4, Lahore  DHA , Lahore"
"Dr Fauzia Maqsood","Gynecologists","Lahore",13,4.2,"03266-9147840","dr.fauzia.maqsood160@diagnoai.com","Naseer Hospital                , 16 - Ahmed Block, New Garden Town, Lahore.  New Garden Town , Lahore"
"Dr Iram Gul","Gynecologists","Lahore",20,4.3,"03265-3418425","dr.iram.gul546@diagnoai.com","Ittefaq Hospital                Ferozepur Road, Block H, Model Town, Lahore.  Model Town , Lahore"
"Dr Anjum Noureen","Gynecologists","karachi",24,3.7,"03863-1938205","dr.anjum.noureen545@diagnoai.com","Private Clinic: Hub River Road, Mujahidabad Karachi.  Mujahidabad  , karachi"
"Dr M D Khan","Gynecologists","Rawalpindi",22,4.1,"03875-4678308","dr.m.d.khan132@diagnoai.com","Ayesha Memorial Hospital                E/5, Saidpur Road, Satellite Town, Islamabad/Rawalpindi.  Satelite Town , Rawalpindi"
"Dr Shireen Zulfiqar Bhutta","Gynecologists","karachi",20,3.7,"03937-2632433","dr.shireen.zulfiqar.bhutta259@diagnoai.com","The Aga Khan University Hospital                 AKUH Clifton Medical Services, Karachi.  Clifton , karachi"
"Dr Robina Ashraf","Gynecologists","Rawalpindi",18,3.9,"03173-5356907","dr.robina.ashraf620@diagnoai.com","The Clinic, 965-B, Saidpur Road.  Saidpur Road , Rawalpindi"
"Dr Sohail Sheikh","Skin Specialists | Dermatologists","Lahore",14,3.6,"03647-8572038","dr.sohail.sheikh711@diagnoai.com","Plastic Surgery Club                 Imran Khan Block, Gate # 14, Qaddafi Stadium, Lahore.  Qaddafi Stadium , Lahore"
"Dr Sardar Mohammad Babar","ENT Specialist","Rawalpindi",3,4.3,"03796-9449256","dr.sardar.mohammad.babar157@diagnoai.com","Kashmir Medical Centre                Chota Bazar Road, Saddar, Islamabad/Rawalpindi.  Saddar , Rawalpindi"
"Dr Prof Zafar Ahmad","Skin Specialists | Dermatologists","karachi",11,4.7,"03140-3904882","dr.prof.zafar.ahmad916@diagnoai.com","Skin Care Centre, Opp. Dawood Eng. College, New M A Jinnah Road, Karachi ( Near Islamia College ).  New M A Jinnah Road , karachi"
"Dr Farhat Iqbal","Gynecologists","Lahore",16,4.9,"03176-8669575","dr.farhat.iqbal253@diagnoai.com","Hameed Latif Hospital                 14 - Abu Bakar Block, New Garden Town, Lahore.  New Garden Town , Lahore"
"Dr. Shehla Ahmed","Skin Specialists | Dermatologists","Lahore",3,3.9,"03784-6688941","dr..shehla.ahmed796@diagnoai.com","Prime Care Hospital                Main Boulevard Defence, Lahore Cantt, Lahore.   Lahore Cantt , Lahore"
"Dr Zarina Khan","Gynecologists","Islamabad",4,4.9,"03752-9906262","dr.zarina.khan526@diagnoai.com","Jinnah Avenue, Blue Area, Islamabad/Rawalpindi.  Blue Area , Islamabad"
"Dr Khurram Mutahir Siddiqui","Urologists","karachi",18,4,"03576-7593682","dr.khurram.mutahir.siddiqui19@diagnoai.com","AKUH Consulting Clinic                AKUH Consulting Clinic, Stadium Road, Karachi.   Stadium Road , karachi"
"Dr MUSHATQUE ALI MEMON","Skin Specialists | Dermatologists","Hyderabad",18,4,"03561-8992286","dr.mushatque.ali.memon725@diagnoai.com","CMH Road, Saddar, Hyderabad.  Saddar , Hyderabad"
"Dr. Ismail Kanrani","Cardiologists","karachi",3,4.5,"03577-7856685","dr..ismail.kanrani174@diagnoai.com","Kharadar General Hospital                Aga Khan Road, Kharadar, Karachi.  Kharadar , karachi"
"Dr Samina Tasleem","Gynecologists","Rawalpindi",13,5,"03251-7385269","dr.samina.tasleem875@diagnoai.com","Maryam Memorial Hospital                 Peshawar Road, Rawalpindi.  Peshawar Road , Rawalpindi"
"Dr Zubair Iqbal Bhutta","ENT Specialist","Lahore",9,4.1,"03654-7335959","dr.zubair.iqbal.bhutta373@diagnoai.com","Naz Hospital                6-A, Link Shadman Road, Shadman Lahore.  Shadman  , Lahore"
"Dr Prof Rubina Hussain","Gynecologists","karachi",22,4.5,"03307-9320159","dr.prof.rubina.hussain591@diagnoai.com","Dr Ziauddin Hospital                4/B, Shahrah-e-Ghalib, Block 6, Clifton, Karachi.   Clifton , karachi"
"Dr Bushra Saeed","Gynecologists","Lahore",15,4.5,"03151-2349454","dr.bushra.saeed110@diagnoai.com","Shalamar Hospital                , Shalimar Link Road, Mughalpura, Lahore.  MughalPura , Lahore"
"Dr Salma Hussain","Gynecologists","Rawalpindi",15,4.1,"03938-5608885","dr.salma.hussain965@diagnoai.com","Al-Qaim Hospital                4th-B Road, Satellite Town, Islamabad/Rawalpindi.  Satelite Town , Rawalpindi"
"Dr FARIDUDDIN SHAIKH","Skin Specialists | Dermatologists","Hyderabad",3,3.9,"03967-9625687","dr.fariduddin.shaikh434@diagnoai.com","H.No. 36/1, Qasim Sarak, Saddar, Hyderabad.  Saddar , Hyderabad"
"Dr Fayyaz Haider Hashmi","Cardiologists","Lahore",24,4.1,"03261-9908726","dr.fayyaz.haider.hashmi169@diagnoai.com","Doctors Hospital & Medical Center                 152 A-G/1 Canal Bank Johar Town Lahore.  Johar Town , Lahore"
"Dr. Nusrat Ali","Cardiologists","karachi",10,4,"03249-1761006","dr..nusrat.ali517@diagnoai.com","Burhani Hospital                Tayebjee Road, Gari Khata, Hassan Ali Effendi Road, Karachi.  Gari Khata , karachi"
"Dr Ayesha Chandna","Diabetologists","karachi",19,4,"03342-4409812","dr.ayesha.chandna144@diagnoai.com","Al Fatima Clinic Ghazi                20-1, MACHS, Ghazi Salahuddin Road.  Ghazi Salahuddin , karachi"
"Dr Noreen Zafar","Gynecologists","Lahore",3,3.6,"03493-4365599","dr.noreen.zafar950@diagnoai.com","Doctors Hospital & Medical Centre                2A-G/1, Canal Bank, Johar Town, Lahore.  Johar Town , Lahore"
"Dr. Abdul Majeed Chaudhry","General Surgeon","Lahore",13,4,"03859-9587768","dr..abdul.majeed.chaudhry462@diagnoai.com","Doctors Hospital                 152-G/1, Canal Bank, Lahore.   Johar Town , Lahore"
"Dr Khalid Rasheed","Cardiologists","karachi",11,4.4,"03201-1467720","dr.khalid.rasheed3@diagnoai.com","Tabba Heart Institute                Tabba Heart Institute, Street 1, Block No. 2, Federal "B" Area, Hussainabad Street, Karachi  Federal "B" Area , karachi"
"Dr Mohammad Idrees","Skin Specialists | Dermatologists","Lahore",13,5,"03951-7299483","dr.mohammad.idrees487@diagnoai.com","Ijaz Hospital                Mandi Stop Wahdat Road Near Multan Chungi,Lahore.  Near Multan Chungi , Lahore"
"Dr. Mubizah Haider","ENT Specialist","Faisalabad",22,4.9,"03958-7870703","dr..mubizah.haider724@diagnoai.com","AL- Hani Clinic jhang Road, Faisalabad.  Jhang Road , Faisalabad"
"Dr Asim Alvi","Gynecologists","Rawalpindi",17,4,"03673-6474559","dr.asim.alvi974@diagnoai.com","Al-Qaim Hospital                B-Block, satellite town, Rawalpindi.  Satellite Town , Rawalpindi"
"Dr. Farkhanda Qadir","Gynecologists","karachi",21,4,"03502-4505894","dr..farkhanda.qadir396@diagnoai.com","Batool General Hospital                197A, Block 5,Gulistan-e-Johar, Karachi.  Gulistan -e-Johar , karachi"
"Dr Zulfiqar A Khowaja","Skin Specialists | Dermatologists","karachi",15,4.5,"03921-4530713","dr.zulfiqar.a.khowaja154@diagnoai.com","AKUH Consulting Clinic                Stadium Road, Karachi.  Stadium Road , karachi"
"Dr Shama Munim","Gynecologists","karachi",18,3.9,"03545-1532430","dr.shama.munim680@diagnoai.com","The Aga Khan University Hospital                 AKUH Consulting Clinic, Stadium Road, Karachi.  Stadium Road , karachi"
"Dr Mehreen Mehmood","Gynecologists","Rawalpindi",13,4.5,"03789-5332434","dr.mehreen.mehmood885@diagnoai.com","Ayub Medical Centre                372-Saidpur Road, Islamabad.  Saidpur Road , Rawalpindi"
"Dr Nabia Tariq","Gynecologists","Islamabad",10,4.3,"03895-2091060","dr.nabia.tariq931@diagnoai.com","Shifa International Hospital                Sector H-8/4, Islamabad.  H-8 , Islamabad"
"Dr Nasira Dawood","Gynecologists","Rawalpindi",6,4,"03923-3199241","dr.nasira.dawood559@diagnoai.com","Mubarak Nursing Homepage, 19-Harley Street, Rawalpindi.   19-Harley Street , Rawalpindi"
"Dr Khawar Khursheed","Skin Specialists | Dermatologists","Lahore",14,3.9,"03793-2958057","dr.khawar.khursheed271@diagnoai.com","40-L Usmani Rd, Lahore.  Usmani Rd , Lahore"
"Dr. Irshad Hakim","Skin Specialists | Dermatologists","Peshawar",3,4.8,"03599-1159042","dr..irshad.hakim679@diagnoai.com","Khyber Medical Centre, Peshawar.  Dabgari Garden , Peshawar"
"Dr. Muhammad Yasir Khan","ENT Specialist","Islamabad",16,3.9,"03689-1281261","dr..muhammad.yasir.khan298@diagnoai.com","Shifa Medical Center                 Savoy Arcade (Next to Standard Chartered Bank),F-11 Markaz, Islamabad.   F-11  , Islamabad"
"Dr Rukhsana Mughal","Gynecologists","karachi",12,3.8,"03863-9588372","dr.rukhsana.mughal164@diagnoai.com","The Aga Khan University Hospital                 AKUH Consulting Clinic, Stadium Road, Karachi.   Stadium Road , karachi"
"Dr Khadija H Asif","Gynecologists","Lahore",9,3.7,"03780-9406934","dr.khadija.h.asif161@diagnoai.com","Ittefaq Hospital                 Near H Block, Model Town, Lahore.  Model Town , Lahore"
"Dr Raziuddin Biyabani","Urologists","karachi",21,4.6,"03887-9002123","dr.raziuddin.biyabani379@diagnoai.com","AKUH Consulting Clinic                Stadium Road, Karachi.	  Stadium Road , karachi"
"Dr Rozina Sikandar Sultan","Gynecologists","karachi",23,4,"03149-9709419","dr.rozina.sikandar.sultan76@diagnoai.com","The Aga Khan University Hospital                 AKUH Consulting Clinic, Stadium Road, Karachi.   Stadium Road , karachi"
"Dr Zul Kifil","ENT Specialist","Rawalpindi",24,4.9,"03945-1150036","dr.zul.kifil16@diagnoai.com","Al-Qaim Hospital                4th-B Road, Satellite Town, Islamabad/Rawalpindi.  Satellite Town , Rawalpindi"
"Dr Naveed Shahzad","Skin Specialists | Dermatologists","Lahore",23,4.1,"03959-3593414","dr.naveed.shahzad499@diagnoai.com","Clinic: 7 - M Block Johar Town, Lahore.    , Lahore"
"Dr Muhammad Kaleem","Urologists","Lahore",21,3.8,"03411-7340953","dr.muhammad.kaleem83@diagnoai.com","Naz Hospital                6-A, Link Shadman Road, Shadman Lahore.  Shadman , Lahore"
"Dr Mohammad Tariq Bhatti","Pediatricians","Lahore",3,4.5,"03107-8587466","dr.mohammad.tariq.bhatti158@diagnoai.com","Raza Medical Complex                10 - C, Shadman ll, Jail Road, Lahore.  Shadman ll , Lahore"
"Dr Jehan Ara","Gynecologists","karachi",11,4.7,"03310-5219306","dr.jehan.ara748@diagnoai.com","Dr Ziauddin Hospital                Block B, North Nazimabad, Karachi.   North Nazimabad , karachi"
"Dr Bushra Yousaf","Gynecologists","Lahore",3,4.2,"03622-4390135","dr.bushra.yousaf267@diagnoai.com","urraya Azeem (Waqaf) Hospital                Chowk Chouburji, Lahore.  Chowk Chouburji , Lahore"
"Dr Aziza Kapadia","Gynecologists","karachi",22,4.1,"03166-6455024","dr.aziza.kapadia210@diagnoai.com","The Aga Khan University Hospital                 Consulting Clinic 4, Stadium Road, Karachi.  Stadium Road , karachi"
"Dr Shereen Zulfiqar Bhutta","Gynecologists","karachi",19,4.4,"03157-7491538","dr.shereen.zulfiqar.bhutta938@diagnoai.com","Dr Ziauddin Hospital                  4/B, Shahrah-e-Ghalib, Block 6, Clifton, Karachi.  Clifton , karachi"
"Dr Syed Khalid Imam","Diabetologists","karachi",8,3.6,"03825-6391384","dr.syed.khalid.imam272@diagnoai.com","Liaquat National Hospital                National Stadium Road, Essa Nagri, Karachi.  Essa Nagri , karachi"
"Dr. Noreen Zafar","Gynecologists","Lahore",22,4,"03466-7934480","dr..noreen.zafar243@diagnoai.com","Doctor's Hospital                 152-G/1, Canal Bank, Johar Town, Lahore.   Johar Town , Lahore"
"Dr Nasarullah Rana","ENT Specialist","Lahore",19,3.7,"03480-8356172","dr.nasarullah.rana828@diagnoai.com","Nasrullah Rana Hospital                Jail Road Medical Tower, Kinnaird College, Lahore.  Jail Road , Lahore"
"Dr Safdar Nawaz Malik","ENT Specialist","Rawalpindi",20,3.9,"03484-2891435","dr.safdar.nawaz.malik283@diagnoai.com","Maryam Memorial Hospital                2/311, Peshawar Rd, Rawalpindi.  Peshawar Rd , Rawalpindi"
"Dr Rashid A Chaudhary","Diabetologists","Islamabad",23,4.5,"03348-4437587","dr.rashid.a.chaudhary895@diagnoai.com","Shifa International Hospital                Pitras Bukhari Road, H-8/4, H-8, Islamabad.   H-8 , Islamabad"
"Dr Mohammad Tufail Ijaz","Diabetologists","Rawalpindi",3,3.6,"03577-8779256","dr.mohammad.tufail.ijaz664@diagnoai.com","Shifa International Hospital                Pitras Bukhari Road, H-8/4, H-8, Islamabad.  H-8 , Rawalpindi"
"Dr Khalida Khanum Naqvi","Gynecologists","karachi",17,4.1,"03437-3211331","dr.khalida.khanum.naqvi327@diagnoai.com","The Aga Khan University Hospital                 AKUH Consulting Clinic 4, Stadium Road, Karachi.  Stadium Road , karachi"
"Dr Dawood Shaukat","Diabetologists","Lahore",10,3.6,"03951-4234741","dr.dawood.shaukat193@diagnoai.com","Naz Hospital                6-A, Link Shadman Road, Shadman, Lahore.  Shadman , Lahore"
"aaa","Counselling Specialists","N/A",8,4.3,"03955-4499446","aaa155@diagnoai.com","N/A"
"Dr. Usman Amin Hotiana","Psychiatrist","N/A",6,4.9,"03497-9547981","dr..usman.amin.hotiana302@diagnoai.com","N/A"
"Dr Noor Ul Qamar","Skin Specialists | Dermatologists","N/A",7,3.8,"03427-2880414","dr.noor.ul.qamar745@diagnoai.com","N/A"
"mujtaba","Skin Specialists | Dermatologists","N/A",17,4.7,"03276-7810884","mujtaba826@diagnoai.com","N/A"
"Safa Pervaiz","Psychiatrist","N/A",20,4.9,"03978-2418744","safa.pervaiz667@diagnoai.com","N/A"
"Prof Dr Ijaz Haider","Psychiatrist","N/A",13,3.8,"03575-4487004","prof.dr.ijaz.haider117@diagnoai.com","N/A"
"muhammadsiddiq","Plastic & Aesthetic Surgeon","N/A",11,4.5,"03727-2064868","muhammadsiddiq151@diagnoai.com","N/A"
"Maj. Inamullah Khan","Cardiologists","N/A",12,3.7,"03685-6801592","maj..inamullah.khan330@diagnoai.com","N/A"
"Dr.Madiha Sanai","Skin Specialists | Dermatologists","N/A",4,4.9,"03529-6289010","dr.madiha.sanai365@diagnoai.com","N/A"
"Dr Hasan Ali","Plastic & Aesthetic Surgeon","N/A",16,4.3,"03835-7374225","dr.hasan.ali860@diagnoai.com","N/A"
"Dr PERBHUV LAL RATHI","Pediatricians","N/A",24,4,"03779-2378205","dr.perbhuv.lal.rathi100@diagnoai.com","N/A"
"Dr Bushra Waseem","Urologists","N/A",4,4.3,"03932-4175792","dr.bushra.waseem231@diagnoai.com","N/A"
"Dr Umer Darr","Cardiologists","N/A",21,5,"03605-2810314","dr.umer.darr711@diagnoai.com","N/A"
"Dr Tahir Sheikh","Plastic & Aesthetic Surgeon","N/A",6,4,"03466-7886337","dr.tahir.sheikh597@diagnoai.com","N/A"
"Dr Muhammad Asif Sheikh","Pediatricians","N/A",20,3.9,"03510-6011855","dr.muhammad.asif.sheikh922@diagnoai.com","N/A"
"Dr Rizwan Taj","Psychiatrist","N/A",21,4,"03371-2748571","dr.rizwan.taj624@diagnoai.com","N/A"
"Dr Mohammad Naseem Raza","Paediatric","N/A",10,4.5,"03187-9422690","dr.mohammad.naseem.raza893@diagnoai.com","N/A"
"Dr Ghazal Hafeez Butt","Pediatricians","N/A",16,4.1,"03746-6816165","dr.ghazal.hafeez.butt531@diagnoai.com","N/A"
"Dr Saadia Masood","Skin Specialists | Dermatologists","N/A",22,4.5,"03506-8786948","dr.saadia.masood590@diagnoai.com","N/A"
"Dr Nadeemullah Baig","Urologists","N/A",13,3.8,"03756-1632430","dr.nadeemullah.baig584@diagnoai.com","N/A"
"Dr Khaliq Ahmed Qureshi","Pediatricians","N/A",6,3.9,"03727-4822363","dr.khaliq.ahmed.qureshi773@diagnoai.com","N/A"
"Dr. Mansoor Afzal","Pediatricians","N/A",21,4.3,"03771-1999582","dr..mansoor.afzal924@diagnoai.com","N/A"
"Dr. Habib Ullah","Neurosurgeon","N/A",18,4.8,"03512-2547565","dr..habib.ullah190@diagnoai.com","N/A"
"Dr Prof Sajid Maqbool","Pediatricians","N/A",11,4.7,"03443-9540106","dr.prof.sajid.maqbool127@diagnoai.com","N/A"
"Dr Hammad Ihsan","Pediatricians","N/A",8,3.8,"03460-9943805","dr.hammad.ihsan710@diagnoai.com","N/A"
"Dr Imrana Salahuddin","Pediatricians","N/A",7,4.3,"03285-6246831","dr.imrana.salahuddin809@diagnoai.com","N/A"
"Dr Raja Pervez Akhter","Cardiologists","N/A",20,3.9,"03861-4954100","dr.raja.pervez.akhter855@diagnoai.com","N/A"
"Dr Muhammad Arif Chaudhary","Pediatricians","N/A",5,4.9,"03161-3952302","dr.muhammad.arif.chaudhary799@diagnoai.com","N/A"
"Dr Mian Khalid Akbar","Urologists","N/A",8,4.3,"03756-1712924","dr.mian.khalid.akbar644@diagnoai.com","N/A"
"ADNAN A. JABBAR","Oncologist","N/A",12,4.6,"03133-7236514","adnan.a..jabbar257@diagnoai.com","N/A"
"Dr Najeeb Ansaari","Plastic & Aesthetic Surgeon","N/A",23,3.8,"03663-2792015","dr.najeeb.ansaari195@diagnoai.com","N/A"
"Dr Mahmood Shaukat","Paediatric","N/A",15,3.6,"03883-9049770","dr.mahmood.shaukat232@diagnoai.com","N/A"
"Dr Khalid Munir","Skin Specialists | Dermatologists","N/A",24,3.5,"03642-6443918","dr.khalid.munir216@diagnoai.com","N/A"
"Dr M Ashraf Chaudhary","Pediatricians","N/A",8,4.6,"03855-4580883","dr.m.ashraf.chaudhary700@diagnoai.com","N/A"
"Dr Sadaf Shahid","Psychiatrist","N/A",12,5,"03935-8765868","dr.sadaf.shahid348@diagnoai.com","N/A"
"Dr Huma Arshad","Pediatricians","N/A",7,4.4,"03537-3831602","dr.huma.arshad883@diagnoai.com","N/A"
"Dr Mahmood Shaukat","Paediatric","N/A",15,4.9,"03164-1858024","dr.mahmood.shaukat197@diagnoai.com","N/A"
"Dr Wajid Ali Rizvi","Pediatricians","N/A",6,4.7,"03151-9484062","dr.wajid.ali.rizvi52@diagnoai.com","N/A"
"Dr Muhammad Asim Khan","Cardiologists","N/A",7,4.1,"03952-1579848","dr.muhammad.asim.khan81@diagnoai.com","N/A"
"Dr Muhammad Khalid Butt","Urologists","N/A",4,4.1,"03312-5731866","dr.muhammad.khalid.butt51@diagnoai.com","N/A"
"Dr Iqbal Memon","Pediatricians","N/A",15,3.8,"03226-9204682","dr.iqbal.memon917@diagnoai.com","N/A"
"Dr M Salim","Paediatric","N/A",6,3.9,"03860-2376289","dr.m.salim789@diagnoai.com","N/A"
"Dr Farhana Amanullah","Pediatricians","N/A",10,4.3,"03299-7250909","dr.farhana.amanullah80@diagnoai.com","N/A"
"Dr Syed Abbas Raza","Diabetologists","N/A",6,4.3,"03689-6415799","dr.syed.abbas.raza22@diagnoai.com","N/A"
"Dr Bukhari","Psychiatrist","N/A",23,4.2,"03677-9981029","dr.bukhari215@diagnoai.com","N/A"
"Dr Zulfi Madiha Asim","Pediatricians","N/A",9,4.6,"03344-3105524","dr.zulfi.madiha.asim402@diagnoai.com","N/A"
"Dr Hafeez A Bhatti","Paediatric","N/A",7,4.8,"03868-7304219","dr.hafeez.a.bhatti595@diagnoai.com","N/A"
"Dr. Hannah S Asghar","Cardiologists","N/A",12,4.1,"03521-9588510","dr..hannah.s.asghar766@diagnoai.com","N/A"
"Dr Iqbal Gatta","Pediatricians","N/A",14,4.3,"03400-3390391","dr.iqbal.gatta780@diagnoai.com","N/A"
"Dr KHALID RASHEED","ENT Specialist","N/A",14,4.1,"03378-3471678","dr.khalid.rasheed912@diagnoai.com","N/A"
"Dr Abdul Ghaffar Nagi","Pediatricians","N/A",18,4,"03987-1259749","dr.abdul.ghaffar.nagi808@diagnoai.com","N/A"
"Dr Muhammad Saleem Akhter","Psychiatrist","N/A",23,4.2,"03807-7216886","dr.muhammad.saleem.akhter563@diagnoai.com","N/A"
"Dr Shaukat Raja","Pediatricians","N/A",18,4.8,"03356-7132560","dr.shaukat.raja673@diagnoai.com","N/A"
"Dr Shariq Ali","Urologists","N/A",9,3.9,"03866-3020387","dr.shariq.ali617@diagnoai.com","N/A"
"Dr Shahid Hamid","Pediatricians","N/A",9,4.4,"03267-8177599","dr.shahid.hamid896@diagnoai.com","N/A"
"Dr Mohammad Saleem","Paediatric","N/A",14,4,"03491-5012033","dr.mohammad.saleem351@diagnoai.com","N/A"
"Dr Ambreen Aslam","Pediatricians","N/A",8,5,"03415-7179443","dr.ambreen.aslam687@diagnoai.com","N/A"
"Dr Ahmed Sharif","Paediatric","N/A",11,4.7,"03778-6845431","dr.ahmed.sharif822@diagnoai.com","N/A"
"Dr Rashid Khawar","Pediatricians","N/A",24,4.9,"03616-2065779","dr.rashid.khawar951@diagnoai.com","N/A"
"Dr Javed Hussain Gilani","Pediatricians","N/A",12,4,"03710-7162298","dr.javed.hussain.gilani586@diagnoai.com","N/A"
"Dr G H Saquib Kalyani","Psychiatrist","N/A",8,3.7,"03544-9610377","dr.g.h.saquib.kalyani262@diagnoai.com","N/A"
"Dr Sajjad Rafique","Pediatricians","N/A",6,3.7,"03857-1182781","dr.sajjad.rafique386@diagnoai.com","N/A"
"Dr Farrukh Naseem","Pediatricians","N/A",22,4.4,"03481-1801767","dr.farrukh.naseem240@diagnoai.com","N/A"
"Dr Shabina Arif","Pediatricians","N/A",24,4.6,"03637-1102064","dr.shabina.arif900@diagnoai.com","N/A"
"Dr Kamil Muzzaffar","ENT Specialist","N/A",14,5,"03256-3620982","dr.kamil.muzzaffar564@diagnoai.com","N/A"
"Dr. Saeeda Iftikhar","Radiologist","N/A",17,4.5,"03782-1234112","dr..saeeda.iftikhar843@diagnoai.com","N/A"
"Dr Ali Atif Goheir","Paediatric","N/A",11,3.6,"03991-4725317","dr.ali.atif.goheir798@diagnoai.com","N/A"
"Dr Khalid Javed","Pediatricians","N/A",24,4.9,"03106-6113358","dr.khalid.javed869@diagnoai.com","N/A"
"Dr Muhammad Ahmed","Psychiatrist","N/A",4,4.9,"03247-8368779","dr.muhammad.ahmed745@diagnoai.com","N/A"
"Dr. Aamir Mahmud Ijaz","Thoracic Surgeon","N/A",16,4.7,"03901-5258628","dr..aamir.mahmud.ijaz744@diagnoai.com","N/A"
"AYEESHA KAMAL","Neurosurgeon","N/A",14,4.2,"03579-4439543","ayeesha.kamal500@diagnoai.com","N/A"
"Dr Nusrat Yar Khan","Pediatricians","N/A",16,4.9,"03728-6924814","dr.nusrat.yar.khan458@diagnoai.com","N/A"
"Dr. Syed Masood Raza","Hematologist","N/A",6,4.4,"03271-2557637","dr..syed.masood.raza668@diagnoai.com","N/A"
"Associate Professor  Dr. Waqar Ali","Pathologist","N/A",4,4.5,"03641-3022752","associate.professor..dr..waqar.ali174@diagnoai.com","N/A"
"Dr Rashid Mehmood","Pediatricians","N/A",21,4.6,"03673-5034647","dr.rashid.mehmood479@diagnoai.com","N/A"
"Dr MAJOR NADEEM ALAM ZUBAIRI","Pediatricians","N/A",10,3.8,"03443-3712055","dr.major.nadeem.alam.zubairi914@diagnoai.com","N/A"
"Dr Islam Shahid","Paediatric","N/A",6,5,"03985-6011524","dr.islam.shahid38@diagnoai.com","N/A"
"Dr Asad Hafeez","Pediatricians","N/A",9,3.8,"03929-3917999","dr.asad.hafeez61@diagnoai.com","N/A"
"Dr Javaria Mannan","Pediatricians","N/A",21,4.6,"03270-3611294","dr.javaria.mannan316@diagnoai.com","N/A"
"Dr Kanwal Kaiser","Pediatricians","N/A",8,3.9,"03975-8988659","dr.kanwal.kaiser400@diagnoai.com","N/A"
"Dr Anjum Saeed","Pediatricians","N/A",17,4.5,"03115-2572618","dr.anjum.saeed660@diagnoai.com","N/A"
"Dr Iqbal Azhar Ahmed","Pediatricians","N/A",22,4.5,"03719-2494479","dr.iqbal.azhar.ahmed804@diagnoai.com","N/A"
"Dr Naveedullah","Plastic & Aesthetic Surgeon","N/A",6,4,"03604-8069337","dr.naveedullah207@diagnoai.com","N/A"
"Dr Ahsan Waheed Rathore","Pediatricians","N/A",11,4.6,"03214-3334527","dr.ahsan.waheed.rathore532@diagnoai.com","N/A"
"ARSHALOOZ JAMILA RAHMAN","Pediatricians","N/A",22,3.6,"03944-6019353","arshalooz.jamila.rahman445@diagnoai.com","N/A"
"Dr. Amer Ikram","Neurosurgeon","N/A",21,4.1,"03788-4635142","dr..amer.ikram145@diagnoai.com","N/A"
"Dr Haroon","Paediatric","N/A",14,3.6,"03300-2861867","dr.haroon235@diagnoai.com","N/A"
"Vipul Sharma","Medical Specialist","N/A",21,4.8,"03457-7181108","vipul.sharma81@diagnoai.com","N/A"
"Dr. Hassan Pervez","Oncologist","N/A",4,4.8,"03718-3104767","dr..hassan.pervez12@diagnoai.com","N/A"
"Dr Arif Zaheer","Paediatric","N/A",11,3.6,"03628-1149838","dr.arif.zaheer825@diagnoai.com","N/A"
"Dr Najmul Hassan","Pediatricians","N/A",8,4.4,"03222-3203248","dr.najmul.hassan320@diagnoai.com","N/A"
"Dr Tariq Zaman","Skin Specialists | Dermatologists","N/A",14,4.6,"03436-6423575","dr.tariq.zaman143@diagnoai.com","N/A"
"Dr Firdaus Awan","Pediatricians","N/A",24,4.9,"03552-5421337","dr.firdaus.awan713@diagnoai.com","N/A"
"Dr Hamid Zeb","Skin Specialists | Dermatologists","N/A",24,3.9,"03788-9099360","dr.hamid.zeb214@diagnoai.com","N/A"
"Dr Syed Anwar Ahmed","Pediatricians","N/A",19,4.5,"03392-8620300","dr.syed.anwar.ahmed155@diagnoai.com","N/A"
"Dr. Iqbal Mehmood","Pediatricians","N/A",17,4.6,"03911-7885621","dr..iqbal.mehmood548@diagnoai.com","N/A"
"Professor Dr. Iftikhar Ahmed","Anesthesiologist","N/A",5,3.6,"03675-7150773","professor.dr..iftikhar.ahmed886@diagnoai.com","N/A"
"Dr Prof Tahir Masood Ahmad","Pediatricians","N/A",24,4.4,"03533-4234254","dr.prof.tahir.masood.ahmad867@diagnoai.com","N/A"
"Dr Arif Masood Qureshi","Pediatricians","N/A",18,4,"03604-7837932","dr.arif.masood.qureshi157@diagnoai.com","N/A"
"Dr Muhammad Aslam Malik","Pediatricians","N/A",12,3.9,"03470-6969828","dr.muhammad.aslam.malik805@diagnoai.com","N/A"
"Dr Javed Iqbal Sheikh","Pediatricians","N/A",20,4.9,"03502-1543433","dr.javed.iqbal.sheikh207@diagnoai.com","N/A"
"Dr Shakeel Rizvi","Pediatricians","N/A",11,5,"03969-4149588","dr.shakeel.rizvi941@diagnoai.com","N/A"
"Dr Lt. Col. (R) Mrs Akhter","Pediatricians","N/A",7,4.3,"03294-8817285","dr.lt..col...r..mrs.akhter748@diagnoai.com","N/A"
"Dr Capt.(R) Moeen A Qureshi","Urologists","N/A",10,4.3,"03904-3421389","dr.capt..r..moeen.a.qureshi552@diagnoai.com","N/A"
"Sabat Babar","Nutrition/Dietitian","N/A",20,3.5,"03962-8542786","sabat.babar744@diagnoai.com","N/A"
"Dr. Rabia Riaz","Paediatric","N/A",17,4.1,"03349-9751871","dr..rabia.riaz68@diagnoai.com","N/A"
"Dr Irfan Ahmad","Urologists","N/A",4,4.9,"03911-4999496","dr.irfan.ahmad815@diagnoai.com","N/A"
"Dr Arshad Yousuf","Cardiologists","N/A",11,4.6,"03840-1440379","dr.arshad.yousuf21@diagnoai.com","N/A"
"Dr. Anjum Habib Vohra","Neurosurgeon","N/A",11,3.5,"03258-6271423","dr..anjum.habib.vohra436@diagnoai.com","N/A"
"Dr Khalid Masood Ahmed","Psychiatrist","N/A",20,4,"03380-8128656","dr.khalid.masood.ahmed448@diagnoai.com","N/A"
"Dr G Lal","Urologists","N/A",13,3.5,"03726-2071627","dr.g.lal925@diagnoai.com","N/A"
"Dr Mukhtar Ahmed","Cardiologists","N/A",13,4.3,"03511-7290908","dr.mukhtar.ahmed338@diagnoai.com","N/A"
"Dr Sabrina Sohail","Skin Specialists | Dermatologists","N/A",8,3.8,"03850-6722870","dr.sabrina.sohail938@diagnoai.com","N/A"
"Dr Nargis Fatima Sheikh","Pediatricians","N/A",9,4.5,"03258-5254995","dr.nargis.fatima.sheikh471@diagnoai.com","N/A"
"Dr Masood Sadiq","Pediatricians","N/A",14,4.8,"03576-5361922","dr.masood.sadiq718@diagnoai.com","N/A"
"Dr Brig. (R) Mohammad","Psychiatrist","N/A",17,4.3,"03198-7129772","dr.brig...r..mohammad851@diagnoai.com","N/A"
"Dr Naveed Aslam","ENT Specialist","N/A",8,3.6,"03731-6898354","dr.naveed.aslam257@diagnoai.com","N/A"
"Dr Kamran Chima","Pulmonologist","N/A",11,3.8,"03610-9701035","dr.kamran.chima102@diagnoai.com","N/A"
"Dr Salma Kayani","Gynecologists","N/A",16,4.3,"03901-4000545","dr.salma.kayani196@diagnoai.com","N/A"
"Dr Ishrat Saleem","Urologists","N/A",12,3.9,"03887-4751850","dr.ishrat.saleem822@diagnoai.com","N/A"
"Dr Mohammad Imran Mir","Pediatricians","N/A",3,4.2,"03902-8038992","dr.mohammad.imran.mir489@diagnoai.com","N/A"
"Dr Muhammad Aslam Malik","Pediatricians","N/A",6,4.4,"03325-4225962","dr.muhammad.aslam.malik77@diagnoai.com","N/A"
"Dr Maj. Gen. (R) C M Anwar","Pediatricians","N/A",5,3.6,"03495-6508695","dr.maj..gen...r..c.m.anwar772@diagnoai.com","N/A"
"Dr Aurangzaib","Plastic & Aesthetic Surgeon","N/A",10,4.8,"03227-1868973","dr.aurangzaib256@diagnoai.com","N/A"
"Dr Mohammad Ilyas Ramay","Pediatricians","N/A",23,3.9,"03865-1084643","dr.mohammad.ilyas.ramay81@diagnoai.com","N/A"
"Dr Ashraf Ganatra","Plastic & Aesthetic Surgeon","N/A",7,4.1,"03736-1495095","dr.ashraf.ganatra712@diagnoai.com","N/A"
"Dr MOHAMMAD BASHIR","Pediatricians","N/A",17,4.2,"03944-8080084","dr.mohammad.bashir262@diagnoai.com","N/A"
"Dr Khalida Khanum Naqvi","Gynecologists","N/A",22,4.2,"03716-4162081","dr.khalida.khanum.naqvi896@diagnoai.com","N/A"
"Dr Parveen Zulfiqar","Pediatricians","N/A",7,4.3,"03311-2778438","dr.parveen.zulfiqar324@diagnoai.com","N/A"
"Dr G A Sheikh","Pediatricians","N/A",24,4.4,"03531-1934922","dr.g.a.sheikh898@diagnoai.com","N/A"
"Dr Mohammad Nasarullah","Pediatricians","N/A",17,4.9,"03712-4546502","dr.mohammad.nasarullah135@diagnoai.com","N/A"
"Dr Alia Ahmed","Pediatricians","N/A",17,3.8,"03147-7452477","dr.alia.ahmed189@diagnoai.com","N/A"
"Dr Khalid Mehmood Mughal","Psychiatrist","N/A",16,4.3,"03189-1167840","dr.khalid.mehmood.mughal648@diagnoai.com","N/A"
"Dr Syed Anwar Ahmed","Pediatricians","N/A",12,3.9,"03554-4165473","dr.syed.anwar.ahmed560@diagnoai.com","N/A"
"Dr Shoukat Zubair","Urologists","N/A",6,3.7,"03206-8659429","dr.shoukat.zubair910@diagnoai.com","N/A"
"Dr Mahmood ul Haq","Cardiologists","N/A",6,4.6,"03989-8607061","dr.mahmood.ul.haq722@diagnoai.com","N/A"
"Dr Mohammad Khalil Chaudhary","Pediatricians","N/A",12,4.1,"03872-1271382","dr.mohammad.khalil.chaudhary865@diagnoai.com","N/A"
"Dr Saeed Aabdi","Urologists","N/A",10,4.4,"03443-2652633","dr.saeed.aabdi512@diagnoai.com","N/A"
"Dr. Ghazanfar Ali Shah","Orthopaedics","N/A",24,4.7,"03185-4769398","dr..ghazanfar.ali.shah593@diagnoai.com","N/A"
"Dr Arif Mateen Khan","Paediatric","N/A",17,4.9,"03963-6642119","dr.arif.mateen.khan669@diagnoai.com","N/A"
"Dr Muhammad Akram","Pediatricians","N/A",6,4.3,"03381-7360759","dr.muhammad.akram615@diagnoai.com","N/A"
"Dr. Abdul Rauf","Diabetologists","N/A",3,4.8,"03729-6176395","dr..abdul.rauf366@diagnoai.com","N/A"
"Dr. Samia Tariq","Skin Specialists | Dermatologists","N/A",19,4.2,"03540-7291139","dr..samia.tariq357@diagnoai.com","N/A"
"Dr Muddassar Sharif Bhatti","Pediatricians","N/A",12,5,"03662-9532183","dr.muddassar.sharif.bhatti304@diagnoai.com","N/A"
"Dr Khalid Rafique","Pediatricians","N/A",9,4,"03750-9651660","dr.khalid.rafique15@diagnoai.com","N/A"
"Dr. Ghulam Abbas","Radiologist","N/A",9,4.9,"03886-4113355","dr..ghulam.abbas423@diagnoai.com","N/A"
"Dr Muhammad Anwar","Pediatricians","N/A",12,3.9,"03997-1923939","dr.muhammad.anwar245@diagnoai.com","N/A"
"Dr Atia Afaq","Plastic & Aesthetic Surgeon","N/A",24,3.5,"03209-5833458","dr.atia.afaq471@diagnoai.com","N/A"
"Prof Ehtasham","Paediatric","N/A",18,3.8,"03472-6609011","prof.ehtasham524@diagnoai.com","N/A"
"Dr Jamal Raza","Pediatricians","N/A",6,4.4,"03101-4010020","dr.jamal.raza727@diagnoai.com","N/A"
"Dr Masroor Zaheer","Pediatricians","N/A",17,4.8,"03698-6397749","dr.masroor.zaheer336@diagnoai.com","N/A"
"Dr Prof Badruddin Ibrahim","Pediatricians","N/A",19,4.4,"03650-7302127","dr.prof.badruddin.ibrahim983@diagnoai.com","N/A"
"Dr Anwar Halipota","Psychiatrist","N/A",5,3.5,"03664-2221063","dr.anwar.halipota846@diagnoai.com","N/A"
"Dr Rasheed Anwar","Pediatricians","N/A",23,4.2,"03489-1511017","dr.rasheed.anwar619@diagnoai.com","N/A"
"Dr Moiz Sadiq","Plastic & Aesthetic Surgeon","N/A",7,4.5,"03550-9445608","dr.moiz.sadiq49@diagnoai.com","N/A"
"Dr Kamran Majeed","Urologists","N/A",10,4.6,"03998-5892159","dr.kamran.majeed282@diagnoai.com","N/A"
"Dr. Fakher-e-Fayaz","Anesthesiologist","N/A",12,4.6,"03869-4532780","dr..fakher.e.fayaz5@diagnoai.com","N/A"
"Dr Mohsin Azhar Ali","Paediatric","N/A",12,3.9,"03276-5762352","dr.mohsin.azhar.ali324@diagnoai.com","N/A"
"Dr Samina Shamim","Pediatricians","N/A",11,3.9,"03610-2580300","dr.samina.shamim240@diagnoai.com","N/A"
"Dr. Ghias Uddin Butt","Nephrologist","N/A",8,3.7,"03894-1243007","dr..ghias.uddin.butt362@diagnoai.com","N/A"
"AYESHA MALIK","Gynecologists","N/A",16,4.7,"03888-2383825","ayesha.malik246@diagnoai.com","N/A"
"AAMIR MUSTAFA JAFAREY","General Surgeon","N/A",16,3.8,"03566-1087415","aamir.mustafa.jafarey48@diagnoai.com","N/A"
"Dr Asim Hassan","Diabetologists","N/A",10,3.6,"03658-9730817","dr.asim.hassan847@diagnoai.com","N/A"
"Dr Badar ul Islam Zakai","Urologists","N/A",20,3.5,"03246-5370627","dr.badar.ul.islam.zakai711@diagnoai.com","N/A"
"Dr Tariq Bhatti","Pediatricians","N/A",8,3.7,"03851-7369683","dr.tariq.bhatti797@diagnoai.com","N/A"
"Dr Asif Nazir","Pediatricians","N/A",16,4.2,"03219-3514338","dr.asif.nazir973@diagnoai.com","N/A"
"Dr. Syed Muzaffar Hassan","Anesthesiologist","N/A",14,3.7,"03527-6678801","dr..syed.muzaffar.hassan343@diagnoai.com","N/A"
"Dr Qamar Zaman","Pediatricians","N/A",6,3.8,"03968-8297830","dr.qamar.zaman689@diagnoai.com","N/A"
"Dr Jalal Akber","Pediatricians","N/A",24,4.2,"03185-2368779","dr.jalal.akber199@diagnoai.com","N/A"
"Dr. Abeera Mansoor","Nephrologist","N/A",13,3.6,"03973-7023418","dr..abeera.mansoor502@diagnoai.com","N/A"
"Dr Rao Mohammad Riaz ul Haq","Paediatric","N/A",8,3.8,"03669-8156314","dr.rao.mohammad.riaz.ul.haq878@diagnoai.com","N/A"
"Dr. Ghazanfar Ali Sheikh","Pediatricians","N/A",22,4.9,"03772-1853812","dr..ghazanfar.ali.sheikh951@diagnoai.com","N/A"
"Dr Mohsin Ahmed","Pediatricians","N/A",4,4.8,"03557-8963206","dr.mohsin.ahmed519@diagnoai.com","N/A"
"Dr Mabroor Ahmed Bhatti","Plastic & Aesthetic Surgeon","N/A",6,4.8,"03169-8543075","dr.mabroor.ahmed.bhatti106@diagnoai.com","N/A"
"Dr Khursheed Khawaja","Pediatricians","N/A",20,4,"03457-9040185","dr.khursheed.khawaja960@diagnoai.com","N/A"
"Dr Tariq Latif","Paediatric","N/A",18,4.3,"03723-8270835","dr.tariq.latif281@diagnoai.com","N/A"
"Dr Tariq Latif","Paediatric","N/A",21,3.5,"03650-5210321","dr.tariq.latif458@diagnoai.com","N/A"
"Dr M Sohail Salat","Pediatricians","N/A",14,3.7,"03649-9756495","dr.m.sohail.salat12@diagnoai.com","N/A"
"Dr Maqbool Qadir","Pediatricians","N/A",14,3.5,"03650-7338945","dr.maqbool.qadir254@diagnoai.com","N/A"
"Dr Munir Amjad Baig","ENT Specialist","N/A",11,3.7,"03386-8434573","dr.munir.amjad.baig14@diagnoai.com","N/A"
"Dr Khalil Ahmed","Pediatricians","N/A",9,3.9,"03288-2759032","dr.khalil.ahmed212@diagnoai.com","N/A"
"Dr Rubina Javed","Pediatricians","N/A",24,4.5,"03920-6881201","dr.rubina.javed844@diagnoai.com","N/A"
"Dr Mohammad Khalid Khan","Psychiatrist","N/A",19,3.9,"03418-2770274","dr.mohammad.khalid.khan315@diagnoai.com","N/A"
"Dr Khalid Pervaiz","Pediatricians","N/A",9,3.8,"03761-4338327","dr.khalid.pervaiz242@diagnoai.com","N/A"
"Dr Hasan Ali","Plastic & Aesthetic Surgeon","N/A",11,3.6,"03376-7918668","dr.hasan.ali392@diagnoai.com","N/A"
"Dr Mohammad Sharif Chaudhary","Psychiatrist","N/A",23,4.4,"03606-2563838","dr.mohammad.sharif.chaudhary639@diagnoai.com","N/A"
"Dr Ali Raza Khan","General Physician","N/A",20,4.7,"03635-4606377","dr.ali.raza.khan24@diagnoai.com","N/A"
"Dr Yasmeen Mehmooda","Gynecologists","N/A",4,4,"03912-2062460","dr.yasmeen.mehmooda514@diagnoai.com","N/A"
"Dr Sheikh Mohammad Iqbal","Pediatricians","N/A",13,5,"03476-3633056","dr.sheikh.mohammad.iqbal88@diagnoai.com","N/A"
"Dr M Habib","Psychiatrist","N/A",5,4.2,"03787-9961216","dr.m.habib220@diagnoai.com","N/A"
"Dr Muhammad Shoaib Mithani","Urologists","N/A",8,4.5,"03954-2832742","dr.muhammad.shoaib.mithani635@diagnoai.com","N/A"
"Dr Amanullah Memon","Urologists","N/A",14,3.7,"03860-2307264","dr.amanullah.memon406@diagnoai.com","N/A"
"Dr Ahmed Ali Imran","Pediatricians","N/A",23,3.5,"03627-6150629","dr.ahmed.ali.imran975@diagnoai.com","N/A"
"Dr Ahmed Rehman","Urologists","N/A",22,4.4,"03306-7977904","dr.ahmed.rehman625@diagnoai.com","N/A"
"Dr Jahan Ara Pal","Gynecologists","N/A",6,5,"03381-3086750","dr.jahan.ara.pal895@diagnoai.com","N/A"
"Maj (R) DR. Mumtaz Ahmed","General Surgeon","N/A",12,5,"03281-8734805","maj..r..dr..mumtaz.ahmed873@diagnoai.com","N/A"
"Dr Mohammad Sarfaraz","Pediatricians","N/A",15,3.9,"03968-2541816","dr.mohammad.sarfaraz175@diagnoai.com","N/A"
"Dr Imran T Hashmi","Psychiatrist","N/A",20,3.7,"03254-7038485","dr.imran.t.hashmi833@diagnoai.com","N/A"
"Dr Haseeb ur Rehman","Pediatricians","N/A",22,4.5,"03356-7221556","dr.haseeb.ur.rehman182@diagnoai.com","N/A"
"Dr Akbar Ali","Pediatricians","N/A",11,3.9,"03507-8971187","dr.akbar.ali119@diagnoai.com","N/A"
"Dr Farhat Abbas","Psychiatrist","N/A",15,4.9,"03281-6152489","dr.farhat.abbas745@diagnoai.com","N/A"
"Dr Manzoor Ali Arif","Pediatricians","N/A",17,4.2,"03510-8520308","dr.manzoor.ali.arif976@diagnoai.com","N/A"
"ALI SARFRAZ SIDDIQUI","Pain Management","N/A",18,3.5,"03436-6225882","ali.sarfraz.siddiqui417@diagnoai.com","N/A"
"Dr Haider Ali Naqvi","Psychiatrist","N/A",14,4.9,"03449-5185242","dr.haider.ali.naqvi695@diagnoai.com","N/A"
"Dr. Abu Bakar Siddiq","Orthopaedics","N/A",8,4,"03993-5978210","dr..abu.bakar.siddiq714@diagnoai.com","N/A"
"ASIM HAFIZ","Oncologist","N/A",6,3.9,"03803-4472087","asim.hafiz947@diagnoai.com","N/A"
"Dr Shamim Younus","Pediatricians","N/A",12,3.5,"03793-4508566","dr.shamim.younus548@diagnoai.com","N/A"
"Dr Shazia Batool","Pediatricians","N/A",8,3.8,"03237-9093929","dr.shazia.batool111@diagnoai.com","N/A"
"Dr Abid Hussain Bilal","Psychiatrist","N/A",8,4.3,"03345-6960969","dr.abid.hussain.bilal913@diagnoai.com","N/A"
"Dr Badar S Dhanani","Skin Specialists | Dermatologists","N/A",21,4.6,"03393-7457809","dr.badar.s.dhanani944@diagnoai.com","N/A"
"Dr Syed Asad Ali","Pediatricians","N/A",16,4.9,"03776-1480346","dr.syed.asad.ali263@diagnoai.com","N/A"
"Dr Muhammad Ashraf Sultan","Paediatric","N/A",14,3.7,"03930-1555802","dr.muhammad.ashraf.sultan3@diagnoai.com","N/A"
"Dr. Shahzad Munir","Pediatricians","N/A",17,4.1,"03637-4525597","dr..shahzad.munir855@diagnoai.com","N/A"
"Dr Tauheed Butt","Pediatricians","N/A",17,4.9,"03817-1874109","dr.tauheed.butt946@diagnoai.com","N/A"
"Dr Rizwan Toor","Skin Specialists | Dermatologists","N/A",12,3.5,"03362-5106647","dr.rizwan.toor745@diagnoai.com","N/A"
"Dr Fareeduddin","Pediatricians","N/A",20,4.9,"03585-9304497","dr.fareeduddin775@diagnoai.com","N/A"
"Dr Shakeel Ahmed","Pediatricians","N/A",15,4.8,"03867-5483676","dr.shakeel.ahmed805@diagnoai.com","N/A"
"Dr Faizan Ahmed","Urologists","N/A",4,3.6,"03681-3366305","dr.faizan.ahmed558@diagnoai.com","N/A"
"Dr Shahida Malik","Psychiatrist","N/A",3,5,"03256-5232311","dr.shahida.malik489@diagnoai.com","N/A"
"ALI FAISAL SALEEM","Pediatricians","N/A",6,4.9,"03159-8152186","ali.faisal.saleem704@diagnoai.com","N/A"
"AISHA SHEIKH","Endocrinologist","N/A",5,3.8,"03814-3812550","aisha.sheikh85@diagnoai.com","N/A"
"Dr M. AKRAM SHAIKH","Pediatricians","N/A",4,3.8,"03225-4206167","dr.m..akram.shaikh110@diagnoai.com","N/A"
"Dr Farkhanda Hafiz","Pediatricians","N/A",12,4.2,"03906-2688337","dr.farkhanda.hafiz511@diagnoai.com","N/A"
"Dr Sharmeen Aslam Tarar","Psychiatrist","N/A",17,4.8,"03257-1313476","dr.sharmeen.aslam.tarar789@diagnoai.com","N/A"
"Dr Syed Yawar Mehdi","Plastic & Aesthetic Surgeon","N/A",18,3.7,"03284-4617405","dr.syed.yawar.mehdi313@diagnoai.com","N/A"
"Dr Maj(R)Qurrat Ul Ain Asghar","Pediatricians","N/A",15,3.8,"03473-2931637","dr.maj.r.qurrat.ul.ain.asghar384@diagnoai.com","N/A"
"Dr Nadeem Mohyuddin","Pediatricians","N/A",4,4.4,"03320-5692552","dr.nadeem.mohyuddin116@diagnoai.com","N/A"
"Dr Iftikhar Ali Shah","Plastic & Aesthetic Surgeon","N/A",15,3.9,"03385-9835487","dr.iftikhar.ali.shah430@diagnoai.com","N/A"
"Dr M Hammad Ather","Urologists","N/A",4,3.8,"03110-7348091","dr.m.hammad.ather441@diagnoai.com","N/A"
"Dr. Ghulam Murtaza Bhutta","Ophthalmologist","N/A",5,4.2,"03488-2867133","dr..ghulam.murtaza.bhutta369@diagnoai.com","N/A"
"aa","Cardiologists","N/A",17,3.8,"03127-8729495","aa793@diagnoai.com","N/A"
"Dr Tabish Hazir","Pediatricians","N/A",4,3.9,"03549-2141879","dr.tabish.hazir285@diagnoai.com","N/A"
"AZIZ A. REHMAN JIVANI","Medical Specialist","N/A",3,4.7,"03507-7578670","aziz.a..rehman.jivani167@diagnoai.com","N/A"
"Dr Khalid Shafi","Pediatricians","N/A",12,4.4,"03374-7530872","dr.khalid.shafi799@diagnoai.com","N/A"
"Dr Syed Mehmood ul Haq","Cardiologists","N/A",7,4,"03268-7783271","dr.syed.mehmood.ul.haq730@diagnoai.com","N/A"
"Dr Arifa Naeem","Psychiatrist","N/A",9,4.3,"03793-9024600","dr.arifa.naeem678@diagnoai.com","N/A"
"Dr Mohammad Saeed Chaudhary","Pediatricians","N/A",8,4,"03872-1599724","dr.mohammad.saeed.chaudhary884@diagnoai.com","N/A"
"Dr Riffat ur Rehman","Pediatricians","N/A",7,4.6,"03905-9970979","dr.riffat.ur.rehman249@diagnoai.com","N/A"
"Dr Mohammad Yaqoob Qazi","Pediatricians","N/A",17,4.6,"03569-3252055","dr.mohammad.yaqoob.qazi668@diagnoai.com","N/A"
"Dr. Prof Madiha Azmat Rao","Skin Specialists | Dermatologists","N/A",16,4.2,"03325-8613813","dr..prof.madiha.azmat.rao631@diagnoai.com","N/A"
"Maryam Zahid","Nutrition/Dietitian","N/A",12,4.8,"03991-9432331","maryam.zahid140@diagnoai.com","N/A"
"Dr Arshalooz Jamila Rahman","Pediatricians","N/A",7,4.2,"03257-5573620","dr.arshalooz.jamila.rahman123@diagnoai.com","N/A"
"Dr Tariq Mehmood","Skin Specialists | Dermatologists","N/A",9,4.3,"03926-9868741","dr.tariq.mehmood80@diagnoai.com","N/A"
"Dr Maj. Gen. (R) Ajab","Pediatricians","N/A",8,4.6,"03463-9781419","dr.maj..gen...r..ajab396@diagnoai.com","N/A"
"Dr Hasina Chagani","Paediatric","N/A",5,4.6,"03312-2687058","dr.hasina.chagani5@diagnoai.com","N/A"
"Dr Adina Rehab Sheikh","Pediatricians","N/A",24,4.2,"03613-7217435","dr.adina.rehab.sheikh215@diagnoai.com","N/A"
"Dr Zafar Hyder","Psychiatrist","N/A",18,4.5,"03272-8338385","dr.zafar.hyder105@diagnoai.com","N/A"
"Ahmer Hussain Qarni","Nephrologist","N/A",16,4.5,"03926-1639549","ahmer.hussain.qarni705@diagnoai.com","N/A"
"Dr Salahuddin A Shaikh","Pediatricians","N/A",6,3.9,"03219-5845293","dr.salahuddin.a.shaikh751@diagnoai.com","N/A"
"Dr Arshad Mirza","Psychiatrist","N/A",20,4,"03773-7290541","dr.arshad.mirza855@diagnoai.com","N/A"
"Dr Prof Said ul Haq","Pediatricians","N/A",14,4.5,"03423-1047391","dr.prof.said.ul.haq831@diagnoai.com","N/A"
"Dr Parveen Mufti","Pediatricians","N/A",13,4.8,"03895-8067734","dr.parveen.mufti182@diagnoai.com","N/A"
"Dr Mohammad Munir","Pediatricians","N/A",19,4.2,"03944-6869112","dr.mohammad.munir901@diagnoai.com","N/A"
"AZMINA TAJDIN VALIMOHD","Oncologist","N/A",5,4.3,"03976-3341328","azmina.tajdin.valimohd527@diagnoai.com","N/A"
"Dr.Muhammad Tariq","Neurosurgeon","N/A",21,4.1,"03134-8948443","dr.muhammad.tariq930@diagnoai.com","N/A"
"AFSHAN ASGHAR RASHEED","Oncologist","N/A",11,4.4,"03344-1688165","afshan.asghar.rasheed14@diagnoai.com","N/A"
"Dr M Barkaat Chaudhary","Psychiatrist","N/A",10,3.9,"03501-9437187","dr.m.barkaat.chaudhary997@diagnoai.com","N/A"
"Dr Muhammad Nasir Syed","Psychiatrist","N/A",15,4.9,"03253-8035563","dr.muhammad.nasir.syed843@diagnoai.com","N/A"
"Dr Riaz ud Din","Pediatricians","N/A",12,4.8,"03425-9815598","dr.riaz.ud.din570@diagnoai.com","N/A"
"Dr. Ali Sarfraz Siddiqui","Pain Management","N/A",13,4.8,"03959-2715612","dr..ali.sarfraz.siddiqui537@diagnoai.com","N/A"
"Dr Anis Hussain Jaffery","Urologists","N/A",17,4.1,"03829-4139621","dr.anis.hussain.jaffery895@diagnoai.com","N/A"
"Dr GHULAM ALI MEMON","Plastic & Aesthetic Surgeon","N/A",22,3.9,"03558-4357746","dr.ghulam.ali.memon147@diagnoai.com","N/A"
"Dr Muhammad Imtiaz Baig","Urologists","N/A",23,4.1,"03714-7912281","dr.muhammad.imtiaz.baig90@diagnoai.com","N/A"
"Dr Muadad Rana","Psychiatrist","N/A",16,4.1,"03316-4109692","dr.muadad.rana554@diagnoai.com","N/A"
"Dr Fazal Mobin","Pediatricians","N/A",21,4,"03794-7143743","dr.fazal.mobin766@diagnoai.com","N/A"
"Dr Abdul Wahab Yousafzai","Psychiatrist","N/A",4,4.2,"03687-4859205","dr.abdul.wahab.yousafzai448@diagnoai.com","N/A"
"Dr. Rakhshanda Hanfi","Gynecologists","N/A",9,5,"03703-2740187","dr..rakhshanda.hanfi848@diagnoai.com","N/A"
"Dr. Munir Iqbal Malik","Pediatricians","N/A",4,3.8,"03542-2677279","dr..munir.iqbal.malik996@diagnoai.com","N/A"
"Dr. Maryam Amjad","Pediatricians","N/A",18,4.1,"03563-2204791","dr..maryam.amjad786@diagnoai.com","N/A"
"Dr Mumtaz Lakhani","Pediatricians","N/A",12,3.8,"03636-5423049","dr.mumtaz.lakhani297@diagnoai.com","N/A"
"Dr G Raza Baloch","Pediatricians","N/A",7,5,"03745-9771628","dr.g.raza.baloch197@diagnoai.com","N/A"
"Dr Muhammad Arshad","Paediatric","N/A",11,4.8,"03727-5634279","dr.muhammad.arshad336@diagnoai.com","N/A"
"Dr Abdul Quddus","Plastic & Aesthetic Surgeon","N/A",16,3.6,"03437-3404850","dr.abdul.quddus538@diagnoai.com","N/A"
"Dr. Kaleem Ahmad","Anesthesiologist","N/A",15,4.4,"03499-7394426","dr..kaleem.ahmad615@diagnoai.com","N/A"
"Dr KISHORE KUMAR","Psychiatrist","N/A",21,3.6,"03416-7265073","dr.kishore.kumar193@diagnoai.com","N/A"
"Dr Gul Sambar Khan","Pediatricians","N/A",12,4.6,"03188-8039113","dr.gul.sambar.khan574@diagnoai.com","N/A"
"Dr. Syed Qayam Ali Shah","Medical Specialist","N/A",19,5,"03334-9204915","dr..syed.qayam.ali.shah13@diagnoai.com","N/A"
"Dr Neelofar Nadeem","Pediatricians","N/A",12,3.5,"03985-6129340","dr.neelofar.nadeem896@diagnoai.com","N/A"
"AZIZ SONAWALLA","Neurosurgeon","N/A",22,3.6,"03804-8660652","aziz.sonawalla973@diagnoai.com","N/A"
"Dr Mohammad Tahir Sheikh","Plastic & Aesthetic Surgeon","N/A",13,4.5,"03847-2912905","dr.mohammad.tahir.sheikh983@diagnoai.com","N/A"
"Dr S Tahira Izhar","Pediatricians","N/A",24,4.7,"03657-6529954","dr.s.tahira.izhar646@diagnoai.com","N/A"
"Dr Muhammad Aslam","Urologists","N/A",20,4.6,"03407-4318260","dr.muhammad.aslam389@diagnoai.com","N/A"
"Dr Aziz Abdullah","Urologists","N/A",24,4.8,"03838-5618685","dr.aziz.abdullah594@diagnoai.com","N/A"
"Dr. Gauhar Afshan","Pain Management","N/A",7,4.9,"03173-5173434","dr..gauhar.afshan660@diagnoai.com","N/A"
"Dr Anis Arshad","Pediatricians","N/A",21,4.7,"03451-3927184","dr.anis.arshad173@diagnoai.com","N/A"
"Professor Dr. Safdar Abbas","Anesthesiologist","N/A",24,4.1,"03573-3769938","professor.dr..safdar.abbas642@diagnoai.com","N/A"
"Dr Faiza Asghar","Pediatricians","N/A",17,3.8,"03741-8074325","dr.faiza.asghar864@diagnoai.com","N/A"
"Dr G. M. RIAZ","Pediatricians","N/A",22,3.7,"03683-4984566","dr.g..m..riaz44@diagnoai.com","N/A"
"Dr Nadeem Saquib","Pediatricians","N/A",16,4.6,"03848-9795208","dr.nadeem.saquib866@diagnoai.com","N/A"
"Dr Ghazanfar Ali Tariq","Pediatricians","N/A",11,4.7,"03798-6133872","dr.ghazanfar.ali.tariq292@diagnoai.com","N/A"
"Dr Tariq Jalwana","Pediatricians","N/A",15,3.7,"03779-8705044","dr.tariq.jalwana522@diagnoai.com","N/A"
"ASMA AHMED","Endocrinologist","N/A",22,4.8,"03243-9110586","asma.ahmed109@diagnoai.com","N/A"
"Dr Khalid Maqsood","Paediatric","N/A",8,4.4,"03882-2515687","dr.khalid.maqsood353@diagnoai.com","N/A"
"Dr Khalid Cheema","ENT Specialist","N/A",9,3.9,"03408-7596932","dr.khalid.cheema651@diagnoai.com","N/A"
"Dr Hasina Suleman Chagani","Pediatricians","N/A",6,3.9,"03920-1302397","dr.hasina.suleman.chagani732@diagnoai.com","N/A"
"Dr. Khalid Saeed","Urologists","N/A",9,4.3,"03837-9446503","dr..khalid.saeed639@diagnoai.com","N/A"
"Dr MAHESH KUMAR","Plastic & Aesthetic Surgeon","N/A",18,4.3,"03880-9980976","dr.mahesh.kumar748@diagnoai.com","N/A"
"Dr Ghulam Sarwar","Pediatricians","N/A",8,4.2,"03855-2908353","dr.ghulam.sarwar814@diagnoai.com","N/A"
"Dr Ijaz Hasan","Paediatric","N/A",12,4.9,"03312-1322159","dr.ijaz.hasan21@diagnoai.com","N/A"
"Dr Masood A Shaikh","Urologists","N/A",19,4.4,"03253-4404333","dr.masood.a.shaikh807@diagnoai.com","N/A"
"Dr. Shafia Naeem","Radiologist","N/A",14,4.7,"03182-8108622","dr..shafia.naeem14@diagnoai.com","N/A"
"Dr Abdul Hameed","Paediatric","N/A",15,3.6,"03546-1361186","dr.abdul.hameed656@diagnoai.com","N/A"
"Dr Zia ul Miraj Ahmad","Paediatric","N/A",8,3.6,"03874-8411119","dr.zia.ul.miraj.ahmad909@diagnoai.com","N/A"
"Dr. Mozamila Mughal","Nutrition/Dietitian","N/A",6,4.8,"03967-5537103","dr..mozamila.mughal144@diagnoai.com","N/A"
"Dr Asad Tameezuddin Nizami","Psychiatrist","N/A",5,4.7,"03753-2035613","dr.asad.tameezuddin.nizami726@diagnoai.com","N/A"
"Prof. A. K. Tanwani","Pathologist","N/A",19,4.3,"03749-8670137","prof..a..k..tanwani530@diagnoai.com","N/A"
"Dr Reema Mirza","Skin Specialists | Dermatologists","N/A",10,4,"03910-2379786","dr.reema.mirza715@diagnoai.com","N/A"
"Dr Mah Rukh Masood","Psychiatrist","N/A",11,4.1,"03767-5428186","dr.mah.rukh.masood447@diagnoai.com","N/A"
"Dr Rubina Zulfiqar","Pediatricians","N/A",3,3.6,"03767-4719834","dr.rubina.zulfiqar562@diagnoai.com","N/A"
"Dr Ghazanfar Ali Sheikh","Pediatricians","N/A",10,4.5,"03598-2467863","dr.ghazanfar.ali.sheikh474@diagnoai.com","N/A"
"Dr Zubair Bhatti","Psychiatrist","N/A",10,3.8,"03603-7976983","dr.zubair.bhatti129@diagnoai.com","N/A"
"Dr Younus Soomro","Pediatricians","N/A",19,4.7,"03620-6877946","dr.younus.soomro249@diagnoai.com","N/A"
"AYESHA I MIAN","Psychiatrist","N/A",10,4.5,"03609-9528180","ayesha.i.mian974@diagnoai.com","N/A"
"Dr Ejaz Khan","Pediatricians","N/A",19,4.2,"03611-9622943","dr.ejaz.khan365@diagnoai.com","N/A"
"Dr Durre Samin Akram","Pediatricians","N/A",24,4.1,"03576-3531402","dr.durre.samin.akram592@diagnoai.com","N/A"
"Dr. Ghulam Rasul","Diabetologists","N/A",3,4,"03419-8840826","dr..ghulam.rasul22@diagnoai.com","N/A"
"Dr Samiya Naeemullah","Pediatricians","N/A",24,4.1,"03761-4567873","dr.samiya.naeemullah454@diagnoai.com","N/A"
"Dr Sarwat Nasreen","Skin Specialists | Dermatologists","N/A",23,4.2,"03237-7448546","dr.sarwat.nasreen216@diagnoai.com","N/A"
"Dr Uzma Chishti","Gynecologists","N/A",23,3.9,"03109-7005073","dr.uzma.chishti102@diagnoai.com","N/A"
"Dr Tahir Hussain","ENT Specialist","N/A",16,4.8,"03310-9754516","dr.tahir.hussain818@diagnoai.com","N/A"
"Dr Mrs Akhter Firdaus","Pediatricians","N/A",20,4.2,"03644-1675519","dr.mrs.akhter.firdaus244@diagnoai.com","N/A"
"Dr Sajid Bashir Soofi","Pediatricians","N/A",19,3.6,"03950-5510847","dr.sajid.bashir.soofi325@diagnoai.com","N/A"
"Dr. Umar Ismaeel","Neurosurgeon","N/A",12,5,"03346-2220023","dr..umar.ismaeel314@diagnoai.com","N/A"
"Dr Qazi Fasiuddin","Urologists","N/A",24,4.2,"03563-1844802","dr.qazi.fasiuddin540@diagnoai.com","N/A"
"Dr Anila Haroon","Pediatricians","N/A",7,4.3,"03292-9542767","dr.anila.haroon150@diagnoai.com","N/A"
"Dr Shazia Maqbool","Pediatricians","N/A",16,3.5,"03745-1493051","dr.shazia.maqbool806@diagnoai.com","N/A"
"Dr Waqas Hassan","Pediatricians","N/A",20,4.1,"03744-5355756","dr.waqas.hassan994@diagnoai.com","N/A"
"Dr Erum Tufail","Pediatricians","N/A",9,3.7,"03191-3315159","dr.erum.tufail988@diagnoai.com","N/A"
"Dr Saeed Abidi","Urologists","N/A",5,4.4,"03353-2988388","dr.saeed.abidi594@diagnoai.com","N/A"
"Dr Tariq Saeed Sheikh","Pediatricians","N/A",16,4.1,"03107-9257007","dr.tariq.saeed.sheikh60@diagnoai.com","N/A"
"Dr Ahsan Hameed","Skin Specialists | Dermatologists","N/A",23,3.9,"03271-3858119","dr.ahsan.hameed258@diagnoai.com","N/A"
"Dr Attia Shafiq","Pediatricians","N/A",9,4.4,"03854-9307934","dr.attia.shafiq550@diagnoai.com","N/A"
"Dr Aziz Abdullah","Urologists","N/A",14,3.8,"03533-9585067","dr.aziz.abdullah407@diagnoai.com","N/A"
"Dr Muzammal Hussain Zaidi","Pediatricians","N/A",11,4.9,"03612-7109604","dr.muzammal.hussain.zaidi59@diagnoai.com","N/A"
"Dr. Muneeb Nasir","Oncologist","N/A",6,4,"03260-3718423","dr..muneeb.nasir799@diagnoai.com","N/A"
"Dr Ashraf Sultan","Pediatricians","N/A",6,4.2,"03478-6287222","dr.ashraf.sultan584@diagnoai.com","N/A"
"Dr Muhammad Ayub","Psychiatrist","N/A",9,3.8,"03736-2214818","dr.muhammad.ayub696@diagnoai.com","N/A"
"Dr Sajida Zaman","Pediatricians","N/A",12,4.6,"03633-9384938","dr.sajida.zaman787@diagnoai.com","N/A"
"Dr. Ali Raza Khan","Thoracic Surgeon","N/A",18,4.9,"03957-8002897","dr..ali.raza.khan18@diagnoai.com","N/A"
"Dr ABDUL RAZZAK MEMON","Plastic & Aesthetic Surgeon","N/A",19,4.7,"03764-8338968","dr.abdul.razzak.memon191@diagnoai.com","N/A"
"Dr Azra Ahsan","Gynecologists","N/A",23,4.2,"03775-1049640","dr.azra.ahsan305@diagnoai.com","N/A"
"Dr Ayesha Anwer","Skin Specialists | Dermatologists","N/A",19,4.9,"03745-9336129","dr.ayesha.anwer3@diagnoai.com","N/A"
"Dr Mohammad Shaukat","Paediatric","N/A",14,4,"03283-4232544","dr.mohammad.shaukat321@diagnoai.com","N/A"
"Dr Ijaz Hussain Pediatric Urologist","Paediatric","N/A",11,4.6,"03523-6211749","dr.ijaz.hussain.pediatric.urologist10@diagnoai.com","N/A"
"Dr Tahir Shafi Khan","Plastic & Aesthetic Surgeon","N/A",10,3.6,"03332-7142559","dr.tahir.shafi.khan834@diagnoai.com","N/A"
"Dr Tahir Shaikh","Plastic & Aesthetic Surgeon","N/A",14,4.2,"03823-5381021","dr.tahir.shaikh460@diagnoai.com","N/A"
"Dr A J A Samdani","Pediatricians","N/A",19,4.3,"03133-6091623","dr.a.j.a.samdani446@diagnoai.com","N/A"
"Dr Zarnaz Wahid","Skin Specialists | Dermatologists","N/A",21,4.3,"03541-6835936","dr.zarnaz.wahid145@diagnoai.com","N/A"
"Dr Iftikhar","Pediatricians","N/A",5,4,"03769-1870151","dr.iftikhar470@diagnoai.com","N/A"
"Dr Mohammad Hanif Mesiya","Psychiatrist","N/A",13,4.2,"03308-2864149","dr.mohammad.hanif.mesiya919@diagnoai.com","N/A"
"Dr Zulfiqar A Bhutta","Pediatricians","N/A",9,4.2,"03614-5375004","dr.zulfiqar.a.bhutta884@diagnoai.com","N/A"
"Dr Zafar Nazir","Paediatric","N/A",13,4.7,"03647-1041865","dr.zafar.nazir295@diagnoai.com","N/A"
"Dr Syed Ajmal Kazmi","Psychiatrist","N/A",11,3.9,"03114-2662056","dr.syed.ajmal.kazmi115@diagnoai.com","N/A"
"AHMED BURQ MAQSOOD","Ophthalmologist","N/A",12,4.6,"03385-9197126","ahmed.burq.maqsood716@diagnoai.com","N/A"
"Dr M. HANIF MEMON","Pediatricians","N/A",20,4.8,"03975-9152029","dr.m..hanif.memon647@diagnoai.com","N/A"
"Dr Ashraf Chaudhary","Pediatricians","N/A",9,4.3,"03680-3706694","dr.ashraf.chaudhary472@diagnoai.com","N/A"
"Dr. Hashim Raza","Pediatricians","N/A",22,4.6,"03973-2473881","dr..hashim.raza568@diagnoai.com","N/A"
"Dr. Asma Ahmed","Diabetologists","N/A",8,3.8,"03873-7516686","dr..asma.ahmed223@diagnoai.com","N/A"
"Dr Khalid Kamal","Pediatricians","N/A",14,4.2,"03830-8644464","dr.khalid.kamal486@diagnoai.com","N/A"
"AZAM ALI","Ophthalmologist","N/A",17,4.4,"03123-3923633","azam.ali48@diagnoai.com","N/A"
"Dr Abdul Shakoor Bhatti","Psychiatrist","N/A",19,4,"03659-9274975","dr.abdul.shakoor.bhatti519@diagnoai.com","N/A"
"Dr Saleem Malik","Plastic & Aesthetic Surgeon","N/A",20,3.5,"03497-8528419","dr.saleem.malik371@diagnoai.com","N/A"
"Maj (R) Dr. Tariq Mehmood","Pathologist","N/A",19,4.8,"03991-1771094","maj..r..dr..tariq.mehmood323@diagnoai.com","N/A"
"Dr Rashida Niazi","Psychiatrist","N/A",8,4.3,"03815-2118726","dr.rashida.niazi880@diagnoai.com","N/A"
"Dr Ahmad Rohail","ENT Specialist","N/A",17,3.7,"03456-2793351","dr.ahmad.rohail898@diagnoai.com","N/A"
"Dr Ayesha Arif","Pediatricians","N/A",13,4.9,"03965-6470107","dr.ayesha.arif889@diagnoai.com","N/A"
"Dr Syed Abdul Sabooh","Urologists","N/A",20,4.6,"03294-3780715","dr.syed.abdul.sabooh472@diagnoai.com","N/A"
"Dr Tariq Nawaz","Plastic & Aesthetic Surgeon","N/A",22,4.3,"03775-1759931","dr.tariq.nawaz410@diagnoai.com","N/A"
"Dr. Nazir Ahmed","Neurosurgeon","N/A",4,4.1,"03892-5269297","dr..nazir.ahmed802@diagnoai.com","N/A"
"Dr Syed Rehan Ali","Pediatricians","N/A",22,4,"03210-5487161","dr.syed.rehan.ali159@diagnoai.com","N/A"
"Dr. Shahzad Manzoor","Medical Specialist","N/A",11,3.7,"03901-2174401","dr..shahzad.manzoor903@diagnoai.com","N/A"
"Dr M Amin","Psychiatrist","N/A",16,3.9,"03313-7537785","dr.m.amin952@diagnoai.com","N/A"
"Dr Ahmed Sharif","Paediatric","N/A",10,4.6,"03854-9899104","dr.ahmed.sharif642@diagnoai.com","N/A"
"Dr Agha Shabbir Ali","Pediatricians","N/A",11,4.1,"03533-7679183","dr.agha.shabbir.ali198@diagnoai.com","N/A"
"Dr Shaikh Qamruddin Nizami","Pediatricians","N/A",21,4,"03888-3690523","dr.shaikh.qamruddin.nizami185@diagnoai.com","N/A"
"Dr Imran Yousaf","Paediatric","N/A",11,3.9,"03813-2537967","dr.imran.yousaf133@diagnoai.com","N/A"
"Dr Mohammad Arshad","Psychiatrist","N/A",19,3.7,"03918-9973245","dr.mohammad.arshad62@diagnoai.com","N/A"
"Dr. Ali Imran Zaidi","Urologists","N/A",15,3.9,"03283-1621182","dr..ali.imran.zaidi410@diagnoai.com","N/A"
"Dr Asim Iqbal","ENT Specialist","N/A",8,4.9,"03686-8175408","dr.asim.iqbal466@diagnoai.com","N/A"
"Dr. Arshad Chaudhary","Radiologist","N/A",21,4,"03279-4800285","dr..arshad.chaudhary718@diagnoai.com","N/A"
"Dr. Shamim Akhtar","Physician","N/A",7,4.1,"03388-3012311","dr..shamim.akhtar564@diagnoai.com","N/A"
"Dr Shariq Ahmed","Plastic & Aesthetic Surgeon","N/A",6,3.8,"03738-8642827","dr.shariq.ahmed253@diagnoai.com","N/A"
"Dr Khalid Chauhan","Pediatricians","N/A",21,5,"03230-2559026","dr.khalid.chauhan375@diagnoai.com","N/A"
"Dr. Qazi M. Tariq","General Surgeon","N/A",9,4.2,"03410-8996268","dr..qazi.m..tariq226@diagnoai.com","N/A"
"Dr. Babar Hasan","Cardiologists","N/A",19,3.8,"03915-3610402","dr..babar.hasan54@diagnoai.com","N/A"
"Dr Aftab Ali Khan","Psychiatrist","N/A",3,4.3,"03106-9002035","dr.aftab.ali.khan664@diagnoai.com","N/A"
"Dr Mujahid Hasnain Kathia","Pediatricians","N/A",9,4.3,"03773-9175884","dr.mujahid.hasnain.kathia439@diagnoai.com","N/A"
"Dr Syed Abdul Quadir Ahmer","Psychiatrist","N/A",20,4.1,"03897-3010728","dr.syed.abdul.quadir.ahmer730@diagnoai.com","N/A"
"Dr Col (R) Shakoor","Psychiatrist","N/A",12,3.9,"03186-2054650","dr.col..r..shakoor969@diagnoai.com","N/A"
"Dr Zeenat Isani","Pediatricians","N/A",15,3.5,"03637-2455551","dr.zeenat.isani344@diagnoai.com","N/A"
"Dr Mohammad Shoaib Butt","Pediatricians","N/A",11,4.9,"03434-4174932","dr.mohammad.shoaib.butt409@diagnoai.com","N/A"
"Dr Shahab Ather","Paediatric","N/A",5,3.6,"03835-3209368","dr.shahab.ather323@diagnoai.com","N/A"
"Dr Naseem Zaman","Pediatricians","N/A",18,3.8,"03247-8712145","dr.naseem.zaman919@diagnoai.com","N/A"
"Dr Humayun Iqbal Khan Assistant Prof","Pediatricians","N/A",21,3.9,"03360-7938633","dr.humayun.iqbal.khan.assistant.prof59@diagnoai.com","N/A"
"Dr Haroon ur Rashid","Plastic & Aesthetic Surgeon","N/A",13,3.6,"03259-2559887","dr.haroon.ur.rashid995@diagnoai.com","N/A"
"Dr Muhammad Imran Afzal","Psychiatrist","N/A",16,4.4,"03389-1226943","dr.muhammad.imran.afzal651@diagnoai.com","N/A"
"Dr Aliya Begum Aziz","Gynecologists","N/A",4,4.3,"03187-3525225","dr.aliya.begum.aziz119@diagnoai.com","N/A"
"AHMED ALI SHAH","Neurosurgeon","N/A",15,4.2,"03647-5100802","ahmed.ali.shah615@diagnoai.com","N/A"
"Aftab Awan MD","Neurosurgeon","N/A",24,3.6,"03716-6156287","aftab.awan.md974@diagnoai.com","N/A"
"Dr Rashid Zia","Pediatricians","N/A",5,3.9,"03978-1269576","dr.rashid.zia393@diagnoai.com","N/A"
"Dr Mohammad Aslam Malik","Pediatricians","N/A",5,4.9,"03185-7928707","dr.mohammad.aslam.malik830@diagnoai.com","N/A"
"Dr Zaheer ul Haq Qureshi","Pediatricians","N/A",16,4.2,"03630-7907827","dr.zaheer.ul.haq.qureshi625@diagnoai.com","N/A"
"Dr Shabnum Hassan","Gynecologists","N/A",18,4.4,"03580-4328701","dr.shabnum.hassan302@diagnoai.com","N/A"
"Dr Mohammad Iqbal","Paediatric","N/A",23,4.3,"03126-5885877","dr.mohammad.iqbal533@diagnoai.com","N/A"
"Dr Masood Shaikh","Urologists","N/A",14,4.2,"03641-2123873","dr.masood.shaikh497@diagnoai.com","N/A"
"Dr Tariq Zafar","Pediatricians","N/A",11,4.2,"03924-3408512","dr.tariq.zafar849@diagnoai.com","N/A"
"Dr Tariq Rafique Khan","Pediatricians","N/A",14,3.6,"03451-3065040","dr.tariq.rafique.khan727@diagnoai.com","N/A"
"Dr Mohammad Tahir","Paediatric","N/A",8,4.8,"03818-6977896","dr.mohammad.tahir166@diagnoai.com","N/A"
"Dr Mohammad Afzal Sheikh","Paediatric","N/A",14,4.9,"03136-2940933","dr.mohammad.afzal.sheikh130@diagnoai.com","N/A"
"Dr. Rizwan Ahmed","Medical Specialist","N/A",15,4.6,"03948-7080873","dr..rizwan.ahmed397@diagnoai.com","N/A"
"Dr Rabia Shahnawaz","Skin Specialists | Dermatologists","N/A",22,3.9,"03116-1765189","dr.rabia.shahnawaz956@diagnoai.com","N/A"
"AHMED NADEEM ABBASI","Oncologist","N/A",8,3.8,"03261-4198772","ahmed.nadeem.abbasi324@diagnoai.com","N/A"
"Dr Shahzada Bakhtyar Zahid","Pediatricians","N/A",24,4.3,"03947-6103347","dr.shahzada.bakhtyar.zahid1@diagnoai.com","N/A"
"Dr Mumtaz Hassan","Pediatricians","N/A",13,4.9,"03271-7170152","dr.mumtaz.hassan19@diagnoai.com","N/A"
"Dr Khadija Nuzhat Humayun","Pediatricians","N/A",21,4.7,"03847-7321085","dr.khadija.nuzhat.humayun121@diagnoai.com","N/A"
"Dr M Arshad Javed","Psychiatrist","N/A",12,3.6,"03129-7343845","dr.m.arshad.javed932@diagnoai.com","N/A"
"Dr Tania Ahmed Butt","Pediatricians","N/A",14,4.1,"03544-4936091","dr.tania.ahmed.butt544@diagnoai.com","N/A"
"Dr Mohammad Ibrahim","Pediatricians","N/A",24,4.1,"03411-8126126","dr.mohammad.ibrahim105@diagnoai.com","N/A"
"Assistant Professor Dr. Safdar Ali Khan","Anesthesiologist","N/A",20,4,"03155-8906713","assistant.professor.dr..safdar.ali.khan809@diagnoai.com","N/A"
"Dr Bushra Jabeen","Psychiatrist","N/A",20,4.3,"03565-1701067","dr.bushra.jabeen812@diagnoai.com","N/A"
"Dr.Naeem Altaf","Ophthalmologist","N/A",5,4.8,"03972-4096626","dr.naeem.altaf428@diagnoai.com","N/A"
"Dr Muhammad Naim Siddiqui","Psychiatrist","N/A",3,3.8,"03274-6260937","dr.muhammad.naim.siddiqui2@diagnoai.com","N/A"
"Dr Shabbir Hussain","Paediatric","N/A",6,4.5,"03337-9492481","dr.shabbir.hussain183@diagnoai.com","N/A"
"Dr. Rubina Sabir","Nutrition/Dietitian","N/A",10,3.8,"03402-9545396","dr..rubina.sabir822@diagnoai.com","N/A"
"Dr TAHIRA MANZAR HASSAN","Pediatricians","N/A",6,4,"03494-9945936","dr.tahira.manzar.hassan64@diagnoai.com","N/A"
"Dr Saman Wasim","Skin Specialists | Dermatologists","N/A",19,3.7,"03843-9245364","dr.saman.wasim586@diagnoai.com","N/A"
"Dr Kishwar Enam","Pediatricians","N/A",20,3.8,"03757-1765019","dr.kishwar.enam717@diagnoai.com","N/A"
"Dr Fauzia Shaukat","Pediatricians","N/A",9,4.9,"03430-5671927","dr.fauzia.shaukat793@diagnoai.com","N/A"
"Dr M N Lal","Pediatricians","N/A",9,4.9,"03872-4059444","dr.m.n.lal810@diagnoai.com","N/A"
"Dr Zaheer ul Haq Qureshi","Pediatricians","N/A",24,4.8,"03652-7692717","dr.zaheer.ul.haq.qureshi696@diagnoai.com","N/A"
"Dr. Abrar Akbar","Medical Specialist","N/A",8,4.4,"03356-1730294","dr..abrar.akbar187@diagnoai.com","N/A"
"Dr Asma Fozia Qureshi","Pediatricians","N/A",3,3.9,"03756-5422861","dr.asma.fozia.qureshi648@diagnoai.com","N/A"
"Dr Iqtidar A Khan","Pediatricians","N/A",24,3.8,"03926-4010926","dr.iqtidar.a.khan75@diagnoai.com","N/A"
"Dr. Muhammad Tariq","ENT Specialist","N/A",19,4,"03723-9619648","dr..muhammad.tariq52@diagnoai.com","N/A"
"Dr Syed Usman Wasti","Pediatricians","N/A",6,4.5,"03169-4594756","dr.syed.usman.wasti146@diagnoai.com","N/A"
"Dr Mohammad Yahya Khalid","Pediatricians","N/A",22,3.5,"03361-4652237","dr.mohammad.yahya.khalid988@diagnoai.com","N/A"
"Dr. A. Atiq Durrani","Orthopaedics","N/A",18,4.5,"03532-6018397","dr..a..atiq.durrani712@diagnoai.com","N/A"
"Dr Ayesha Muquim Quraishy","Psychiatrist","N/A",4,4.8,"03785-6209920","dr.ayesha.muquim.quraishy595@diagnoai.com","N/A"
"Dr M Sajjad Ashraf","Paediatric","N/A",24,4.1,"03180-4274697","dr.m.sajjad.ashraf283@diagnoai.com","N/A"
"Dr Kamran Sadiq","Pediatricians","N/A",6,4.2,"03790-2324865","dr.kamran.sadiq270@diagnoai.com","N/A"
"Dr. Iftikhar Ali Shah","Plastic & Aesthetic Surgeon","N/A",3,4.3,"03505-5614254","dr..iftikhar.ali.shah941@diagnoai.com","N/A"
"Dr Shamim Ara Arif","Skin Specialists | Dermatologists","N/A",6,4,"03500-8674790","dr.shamim.ara.arif721@diagnoai.com","N/A"
"Dr. Khurram Habib","Orthopaedics","N/A",9,4.8,"03852-7958765","dr..khurram.habib362@diagnoai.com","N/A"
"Dr Sohail Anjum","Paediatric","N/A",9,4.3,"03766-1642829","dr.sohail.anjum148@diagnoai.com","N/A"
"Dr Prof Parveen Tariq","Pediatricians","N/A",22,4.1,"03551-7837840","dr.prof.parveen.tariq172@diagnoai.com","N/A"
"Dr S MASOOD HUSSAIN JAFRI","Pediatricians","N/A",6,4.3,"03209-9911354","dr.s.masood.hussain.jafri470@diagnoai.com","N/A"
"Dr. Asim Mahmood","Neurosurgeon","N/A",10,4.8,"03104-7120019","dr..asim.mahmood288@diagnoai.com","N/A"
"ARIF MATEEN KHAN","Pediatricians","N/A",17,4.4,"03910-7989713","arif.mateen.khan185@diagnoai.com","N/A"
"ANEELA DARBAR","Neurosurgeon","N/A",9,4.8,"03764-2373959","aneela.darbar990@diagnoai.com","N/A"
"Dr Muhammad Zubair Bhatti","Psychiatrist","N/A",20,4.3,"03727-6063002","dr.muhammad.zubair.bhatti443@diagnoai.com","N/A"
"Dr Shahid Riaz Khan","Psychiatrist","N/A",10,4,"03325-4456190","dr.shahid.riaz.khan45@diagnoai.com","N/A"
"Dr Rubina Qureshi","Skin Specialists | Dermatologists","N/A",19,4.3,"03383-2370669","dr.rubina.qureshi403@diagnoai.com","N/A"
"Dr. Kamran Butt","Orthopaedics","N/A",4,3.8,"03115-8582747","dr..kamran.butt271@diagnoai.com","N/A"
"ARSHAD AHMED","Nephrologist","N/A",17,4.7,"03324-3316441","arshad.ahmed430@diagnoai.com","N/A"
"Dr Shahid Hameed","Pediatricians","N/A",16,4.1,"03972-4880012","dr.shahid.hameed735@diagnoai.com","N/A"
"ALI BIN SARWAR ZUBAIRI","Pulmonologist","N/A",4,3.9,"03893-6764103","ali.bin.sarwar.zubairi772@diagnoai.com","N/A"
"Dr Fauzia Mehboob","Gynecologists","N/A",18,3.8,"03862-2451151","dr.fauzia.mehboob719@diagnoai.com","N/A"
"Dr Tayyaba Khawar Butt","Pediatricians","N/A",5,3.8,"03892-1587119","dr.tayyaba.khawar.butt244@diagnoai.com","N/A"
"Dr Javed Iqbal","Plastic & Aesthetic Surgeon","N/A",23,4.5,"03218-5705608","dr.javed.iqbal683@diagnoai.com","N/A"
"Dr. Naseem Akram","Gynecologists","N/A",11,3.9,"03268-6186605","dr..naseem.akram748@diagnoai.com","N/A"
"Dr Atif Mazhar","Urologists","N/A",18,4.1,"03921-9130069","dr.atif.mazhar453@diagnoai.com","N/A"
"Dr Muhammad Nasir Rana","Pediatricians","N/A",3,4.8,"03577-4795953","dr.muhammad.nasir.rana939@diagnoai.com","N/A"
"Dr Humaira Agha","Skin Specialists | Dermatologists","N/A",17,4.6,"03403-1756279","dr.humaira.agha832@diagnoai.com","N/A"
"Dr. Ashraf Bukhari","ENT Specialist","N/A",9,4.1,"03364-5203692","dr..ashraf.bukhari774@diagnoai.com","N/A"
"Brig. (R) Dr. Shahid Rana","Urologists","Islamabad",5,4.5,"03559-6860732","brig...r..dr..shahid.rana764@diagnoai.com","Quaid-e-Azam International Hospital                 Near Golra Mor, Adjacent Forebels School, Peshawar Road, Islamabad.  Near Golra Mor , Islamabad"
"Dr Samina Sindhu","Gynecologists","N/A",6,3.8,"03687-8978751","dr.samina.sindhu344@diagnoai.com","N/A"
"Dr Munaf Memon","Pediatricians","N/A",9,4.7,"03644-5005222","dr.munaf.memon938@diagnoai.com","N/A"
"Dr Omer Bashir","Pediatricians","N/A",13,4.8,"03593-1872645","dr.omer.bashir995@diagnoai.com","N/A"
"Dr RAHEELA BALOACH","Skin Specialists | Dermatologists","Hyderabad",24,4.2,"03256-8819665","dr.raheela.baloach442@diagnoai.com","MF-28, Quaid-e-Azam Center, C.M.H Road, Hyderabad.  Saddar , Hyderabad"
"Dr Abdul Malik Abdullah","Pediatricians","N/A",17,4,"03294-4922855","dr.abdul.malik.abdullah473@diagnoai.com","N/A"
"Dr Kanwer Ahsan","Pediatricians","N/A",16,4.1,"03237-2095652","dr.kanwer.ahsan204@diagnoai.com","N/A"
"Ali raza","Skin Specialists | Dermatologists","N/A",19,4.9,"03298-4762965","ali.raza769@diagnoai.com","N/A"
"Dr Waqar Hussain","Pediatricians","N/A",4,4.8,"03181-7358120","dr.waqar.hussain28@diagnoai.com","N/A"
"Dr. Janjua","Skin Specialists | Dermatologists","N/A",3,3.6,"03393-5331844","dr..janjua961@diagnoai.com","N/A"
"Dr Zeenat Mughal","Pediatricians","N/A",23,4.3,"03615-8573173","dr.zeenat.mughal276@diagnoai.com","N/A"
"Dr Syed Jamal Raza","Pediatricians","N/A",12,3.7,"03534-9248072","dr.syed.jamal.raza53@diagnoai.com","N/A"
"Dr Abida Hussain","Pediatricians","N/A",19,3.7,"03374-6463215","dr.abida.hussain882@diagnoai.com","N/A"
"Dr Aresh Virji","Pediatricians","N/A",14,3.9,"03589-6705009","dr.aresh.virji355@diagnoai.com","N/A"
"Dr Iftikhar Ahmad Jan","Paediatric","N/A",16,4.1,"03143-6825210","dr.iftikhar.ahmad.jan480@diagnoai.com","N/A"
"Dr. Shaheen","Skin Specialists | Dermatologists","N/A",16,4.7,"03651-3644784","dr..shaheen123@diagnoai.com","N/A"
"Dr Umair Mansoor Bajwa","Skin Specialists | Dermatologists","N/A",17,3.9,"03401-8481440","dr.umair.mansoor.bajwa583@diagnoai.com","N/A"
"Dr Faiqa Awais","Gynecologists","N/A",9,4,"03412-3536053","dr.faiqa.awais544@diagnoai.com","N/A"
"Dr. Umair Younus","Anesthesiologist","N/A",9,3.8,"03522-7732461","dr..umair.younus90@diagnoai.com","N/A"
"Dr SALEH A. B. MEMON","Paediatric","N/A",22,4.3,"03481-3486695","dr.saleh.a..b..memon385@diagnoai.com","N/A"
"Dr Akmal Laique","Pediatricians","N/A",16,4.8,"03575-9816548","dr.akmal.laique21@diagnoai.com","N/A"
"Dr M.ASLAM SHAIKH","Skin Specialists | Dermatologists","Hyderabad",6,3.6,"03573-8252093","dr.m.aslam.shaikh618@diagnoai.com","Skin Care Clinic, Red Cresent Chamber, Hyderabad.  Red Cresent Chamber , Hyderabad"
"Dr. Muhammad Bakhsh","Anesthesiologist","N/A",4,3.6,"03713-4906329","dr..muhammad.bakhsh410@diagnoai.com","N/A"
"Prof. Dr. Zubair","Skin Specialists | Dermatologists","N/A",22,3.9,"03702-4002959","prof..dr..zubair682@diagnoai.com","N/A"
"Dr Mohammad Amjad Chaudhary","Paediatric","N/A",3,4.3,"03704-7462078","dr.mohammad.amjad.chaudhary332@diagnoai.com","N/A"
"Dr Jamil Akhter","Pediatricians","N/A",23,4.2,"03278-7095819","dr.jamil.akhter568@diagnoai.com","N/A"
"Dr S M Mushtaq","Pediatricians","N/A",19,4.1,"03842-7477422","dr.s.m.mushtaq800@diagnoai.com","N/A"
"Dr Jamil Akhter","Pediatricians","N/A",4,4.6,"03688-9447076","dr.jamil.akhter157@diagnoai.com","N/A"
"Dr Sami Ahmed","Pediatricians","N/A",20,4.2,"03259-7208689","dr.sami.ahmed826@diagnoai.com","N/A"
"Dr Mohammad Ahmed Awan","Pediatricians","N/A",18,3.9,"03578-5941144","dr.mohammad.ahmed.awan747@diagnoai.com","N/A"
"Dr Anjum Pervaiz","Cardiologists","N/A",16,4,"03926-9199262","dr.anjum.pervaiz7@diagnoai.com","N/A"
"Dr Anees Ahmed","ENT Specialist","N/A",10,3.8,"03794-5240581","dr.anees.ahmed76@diagnoai.com","N/A"
"Dr Iqbal Ahmed Memon","Pediatricians","N/A",18,4.5,"03843-2962569","dr.iqbal.ahmed.memon327@diagnoai.com","N/A"
"Dr KHALID RASHID","ENT Specialist","N/A",22,4,"03869-2775504","dr.khalid.rashid807@diagnoai.com","N/A"
"Dr. Imran Bashir","Anesthesiologist","N/A",22,4.3,"03196-4898248","dr..imran.bashir820@diagnoai.com","N/A"
"Dr Afzal Memon","Pediatricians","N/A",3,4.1,"03979-1976631","dr.afzal.memon963@diagnoai.com","N/A"
"Dr Syed Abdul Quadir Ahmer","Psychiatrist","N/A",14,4.4,"03215-7079240","dr.syed.abdul.quadir.ahmer572@diagnoai.com","N/A"
"Dr SHAISTA FAROOQUE","Gynecologists","N/A",7,3.7,"03550-9955122","dr.shaista.farooque919@diagnoai.com","N/A"
"Dr Jamil Akhter","Pediatricians","N/A",4,5,"03490-7511009","dr.jamil.akhter750@diagnoai.com","N/A"
"Dr Zafar Iqbal Khan","Skin Specialists | Dermatologists","N/A",17,4.7,"03591-6080353","dr.zafar.iqbal.khan121@diagnoai.com","N/A"
"Dr. Nishat Zehra","Gynecologists","Hyderabad",22,4.2,"03425-4131181","dr..nishat.zehra907@diagnoai.com","MF-31, Quaid-e-Azam Center, C.M.H Road, Hyderabad.  C.M.H Road , Hyderabad"
"Dr ROOPCHAND P-LILAANI","ENT Specialist","Hyderabad",21,4.6,"03296-5669571","dr.roopchand.p.lilaani797@diagnoai.com","Gareeb Nawaz Colony, Sabzi Mandi, Near Naya Pull, Hyderabad.  Sabzi Mandi , Hyderabad"
"Dr Ejaz ul Haq","Pediatricians","N/A",18,4.3,"03959-3085977","dr.ejaz.ul.haq884@diagnoai.com","N/A"
"Dr Habib Afridi","ENT Specialist","N/A",23,4.2,"03819-1025812","dr.habib.afridi1@diagnoai.com","N/A"
"Dr Syed Ali Muqaddas","ENT Specialist","N/A",10,4.7,"03538-6614111","dr.syed.ali.muqaddas806@diagnoai.com","N/A"