name,designation,speciality,location,fee
Dr Faisal Mamsa,American board certified psychiatrist,Psychiatrist,"Medilink Consulting Clinics                The Plaza, II Talwar.    Clifton ,",Fee: Rs 5000
Col Dr Nadir Khan,Associate Professor Cardiology,,"Central Military Hospital (CMH)                  Cantt , Lahore",Fee: Rs 1000
Dr Abc,Aesthetic and Cosmetic Dentistry,,", Islamabad",Fee: Rs 1500
Dr Ain ul Ghazala,Consultant Gynecologist & Sonologist,,"Race View Clinic                Opposite To Services Hospital  Jail Raod , Lahore",Fee: Rs 1500
Prof. Brig. Dr Arshad Chohan,ENT and Head & Neck Surgery,ENT Specialist,"Dr Chohan's ENT                Rafay Mall - 1st floor  Peshawar Road  , Rawalpindi",Fee: Rs 1500
Dr Muhammad Haris Burki,Consultant Psychiatrist & Sexologist,"Psychiatrist,Sexologist","Lahore Specialists Clinic                First Floor,Fazal Din Pharma Opposite Service Hospital,Jail Road,Lahore.  Jail Road , Lahore",
Dr. Rizwan Taj,N/A,Psychiatrist,"Citi Clinic                Basement Gondal Plaza, Near Citibank, Blue Area, Islamabad.   Blue Area , Islamabad",
Brig. Dr Nadir Ali,Including Haemostasis and Thrombosis,,"Kulsum International Hospital                 Kulsum Plaza, 2020,   Jinnah Ave , Islamabad",Fee: Rs 1500
Dr. Haris Mehmood,USA Certified Dentist,Dentist,"Hassaan Dental Clinic                14th Linear Commercial  Bahria Town, Phase VIII , Rawalpindi",Fee: Rs 700
Dr Khawaja Sajid Aslam,Knee & Hip Replacement,,"Pakistan International hospital                  Rawat , Rawalpindi",Fee: Rs 1500
Consultant  Dr. Arsana Rizwan,N/A,Skin Specialists | Dermatologists,"Begum Akhtar Rukhsana Memorial Welfare Trust Hospital                 Bahria Town Phase VIII,Rawalpindi .Ph:(92-51)5705790-2  Phase 8 , Islamabad",Fee: Rs 1000
Dr. Moazam Ayub,Kidney Transplantation,Nephrologist,"Bahria Internaional Hospital                Phase-8  Bahria Town , Rawalpindi",Fee: Rs 1200
Brig (R) Prof Dr M Babar Cheema,Consultant Physician & Diabetologist,Diabetologists,"Race Course Clinic                296/3 - Race Course Road  Race Course Road , Cantt , Rawalpindi",
Dr Farasat Ali Dogar,"Assistant Professor of Psychiatry, Sir Ganga Ram Hospital",Psychiatrist,"Willing Ways Clinic                71-ANear APWA College  Jail Road , Lahore",
Dr Muhammad Shahid Mustafa,Ex Professor of Neurology,Psychiatrist,"Neuro Care                Office # 804, 8th floor , Al-Khaleej Tower ,Shaheed millat road   Bahadurabad , karachi",
Dr  Aurangzeb abbassi,Neuro & Spinal Surgeon,,"Neurospinal & Cancer Care Institute                100/1, Depot Lines, Mansfield Street   Saddar , karachi",Fee: Rs 1000
Brig (R) Prof Dr Shahid Rasul,Cancer Specialist,,"Shaheen Health Plus                Mega Mall, Opposite AFIC   Saddar , Rawalpindi",Fee: Rs 1500
Dr Tahir Chaudhry,Diabetes and General Medicine Expert,,"Family Care medical Centre                281-B, Nargis Block  Allama Iqbal Town , Lahore",Fee: Rs 1000
Dr. Imran Mahmood Khan,Assistant Professor,"Child Specialist,Neonatologist,Pediatricians","Clinics & Diagnostics Hospital                Near Allied Bank, Main double Road, G-13/1  G-13 , Islamabad",Fee: Rs 1000
Dr. Muhammad Khawar Nazir,"Dermatologist, Cosmetic, Laser & Hair transplant Surgeon","Skin Specialists | Dermatologists,Hair Transplant Surgeon","Boston Aesthetics                 15-A Hali Road Gulberg 2, Lahore.Road behind Pace, Hafeez center & ChenOne is called Hali Road. Move towards Imam Bargah, Clinic is Adjacent to Gourmet Victoria Marquee.  Gulberg II , Lahore",Fee: Rs 2000
Dr. Afaq Hussain Chishti,Consultant Child Specialist,Paediatric Medicine,"South Punjab Clinics & Hospital                Chungi #1, Soraj Miani Road,Multan  Near chungi #1, soraj Miani Road,Multan , Multan",Fee: Rs 1000
Dr. Deeba Sattar Khan,N/A,Skin Specialists | Dermatologists,"Jinnah Memorial Hospital                2 A, Opposite Punjab House  Civil Lines , Rawalpindi",Fee: Rs 1000
Dr. Shahbaz Hanif Mehr,N/A,Urologist,"Ali Medical Centre                Near Islamabad Kachahri  F-8 Markaz (Main) , Islamabad",Fee: Rs 1500
Brigadier (R) Dr Mirza Khizer Hameed,Sitarae Imtiaz,ENT Specialist,"Maryam Memorial Hospital                Westridge  Peshawar Road , Rawalpindi",Fee: Rs 1100
Dr. Najeeb Alam Khan,Consultant Family Physician,Medical Specialist,"Alam Hospital                Nasir Plaza, Lehtrar Rd, Khanna Dak, Islamabad.  Khanna Pul , Islamabad",
Dr. Rizwan Sheikh,Head & Neck Surgery,ENT Specialist,"Siddiq Hospital                Near Asghar Mall Chowk  Asghar Mall Road , Rawalpindi",Fee: Rs 1000
Prof Dr Mazhar Ur Rehman,Diplomat Intercollegiate board in cardiothoracic surgery UK,Cardiologists,"Heart & Lungs - Surgery Clinic                32-T, Gulberg-II,off M.M. Alam Road,Lahore.  Gulberg-II , Lahore",
Dr. Waseem Sarwar Malghani,N/A,Gastroenterology,"Medicare Hospital                  62-A Abdali Road, Multan.  Abdali Road , Multan",
Professor Dr Khurshid Alam,Specialist In Ear Head & Neck Surgery,ENT Specialist,"Doctors Hospital & Medical Centre                Johar Town, Block G1,  Lahore  Johar Town , Lahore",Fee: Rs 2000
Dr Fahad Mustafa,Root Canal Treatment,,"Fahad Dental Square                Chaklala scheme 3 Market   , Rawalpindi",Fee: Rs 300
Prof Muhammad Rashid Zia,N/A,ENT Specialist,"Hameed Latif Hospital                14- Abu Baker Block New Garden Town, Lahore  New Garden Town , Lahore",
Dr Naeem Liaqat,Assistant Professor,Paediatric,"Medicare Hospital                Said Pur road   , Rawalpindi",
Dr NAEEM AMJAD,N/A,,"Spring Hospital                Opposite Madni Park   , Multan",Fee: Rs 1300
Prof Azam Samdani,N/A,Skin Specialists | Dermatologists,"Skin Solutions                Horizon Vista, Mezzanine Floor.Opposite Dolmen Mall Clifton Block: 4, Karachi.  Clifton  , karachi",
Dr Muhammad Ashraf Sultan,N/A,Pediatricians,"Mid City Hospital                3-A Shadman II, Jail Road Opposite Kinaird College, Lahore.  Shadman  , Lahore",
Dr  Javaid Iqbal,ASSOCIATE PROFESSOR MEDICINE,"Diabetes and Endocrine,Diabetologist,Diabetologists,General Physician,Medical Specialist","Diabetic’s Institute of Pakistan                71/A-1, Near Apwa college  Jail Road , Lahore",Fee: Rs 2000
Brig(r) Dr Z.M Raahat,Ear Nose & Throate | Head & Neck Surgey,ENT Specialist,"SURGIMED HOSPITAL                1 ZAFAR ALI ROADNEAR LAHORE GYM-KHANA  Cantt , Lahore",
Dr. Azhar Biabani,N/A,Dentist,"Begum Akhtar Rukhsana Memorial Welfare Trust                Dental Surgery Department Bahria Town Phase - VIII, Rawalpindi.  Bahria Town Phase - VIII , Rawalpindi",
Dr Shahid Sami,N/A,Cardiologists,"South City Hospital                Street 1, Block 3, Sharah-e-Firdous, Clifton,Karachi.	  Clifton , karachi",
Dr Prof Javed Haider Rizvi,N/A,Gynecologists,"South City Hospital                 Street No. 1, Block 3, Shahrah-e-Firdousi, Clifton.  Clifton , karachi",
Dr Muhammad Arshad,Assistant Professor ENT and Head & Neck Surgery,,"Allied ENT Hospital                  Said pur Road , Rawalpindi",Fee: Rs 1500
Dr. Tariq Jalisi,Head & Neck Surgeon,E.N.T Specialist,"Darus Sehat Hospital                  Gulistan-e-Jauhar , karachi",Fee: Rs 600
Dr Nasheed Baig,N/A,ENT Specialist,"Maryam Memorial hospital                  Peshawar Rd , Rawalpindi",Fee: Rs 1200
Prof. Manzoor Ahmad,Head & Neck Surgeon,,"Rite Aid Medical Centre                685-Shadman-1 ,Opposite Fatima Memorial Hospital.   , Lahore",Fee: Rs 1500
Dr. Zafarullah khan,Tamgha e Imtiaz Military,Allergy Specialist/ otorhinolaryngist,"PAF Hospital                Sector E9 islamabad   Same , Islamabad",Fee: Rs 1000
Dr. Muhammad Aamir Khan,N/A,Cardiologists,"Armed Forces Institute of Cardiology.                Peshawar Rd, Rawalpindi.    Peshawar Rd , Rawalpindi",
Dr. Muhammad Tariq Farman,N/A,Cardiologists,"Medicare Hospital & Clinic                 Al-Khaleej Tower, Shaheed-e-Millat Road, Karachi.   Shaheed-e-Millat Road , karachi",
Brig Dr Shahid Aziz,N/A,,"Dr Aziz Clinic                2nd Floor Rafar Mall  Peshawar Road , Rawalpindi",Fee: Rs 1000
Dr Saulat Fatimi,N/A,Cardiologists,"Aga Khan University Hospital                Karachi.  Stadium Road , karachi",
Dr Arshad Chohan,N/A,Gynecologists,"Fatima Memorial Hospital                Jail Rd Shadman, Lahore.  Shadman , Lahore",
Dr. Naveed Arshad Khokhar,N/A,Dentist,"Armed Forces Institute of Cardiology                Peshawar Rd, Rawalpindi.  Peshawar Road  , Rawalpindi",
Dr. Muhammad Musharaf Baig,N/A,ENT Specialist,"Bilal Hospital                 38-A, Satellite Town, Sadiqabad Road.  Satellite Town , Rawalpindi",
Dr Tahira Yasmeen Naru,N/A,Gynecologists,"The Aga Khan University hospital                AKUH Consulting 4 Clinic, Stadium Road, Karachi.  Stadium Road , karachi",
Dr. Navaid Akhtar,"Specialist in Back, Neck and other Chronic Pains",Pain Management,"Patel Hospital                St.-18, Block-4.  Gulshan-e-Iqbal , karachi",Fee: Rs 500
Dr. Sumaira Abdullah,N/A,Skin Specialists | Dermatologists,"Dr Sumaira's Skin Care                IDC, 12 Medical Square G 8 Markaz, Islamabad.  G-8 , Islamabad",Fee: Rs 1500
Dr Aamir Hameed Khan,N/A,Cardiologists,"The Aga Khan University Hospital                CC Nazerali Walji-2 , Karachi.  Walji-2 , karachi",
Dr Raja Pervaiz Akhtar,Thoracic Surgeon,Cardiologists,"Shaukat Khanum Memorial Cancer Hospital and Research Centre                7A Block R-3,، M.A. Johar Town, Lahore.   Johar Town , Lahore",
Dr Shaheen Zafar,N/A,Gynecologists,"Liaquat National Hospital                 WASC OPD No. 04 , L.N.H., National Stadium Road, karachi.   National Stadium Road , karachi",
Professor Mohammad Rehman,Cardiovascular Surgeon,Cardiologists,"Rehman Medical Institute                 5/B-2 Hayatabad, Phase-V , Peshawar.  Hayatabad  , Peshawar",
Dr Muhammad Irfan Anwar,Asst Prof Dermatology,Skin Specialists | Dermatologists,"PNS Shifa Hospital                BUMDC  DHA Phase 2  , karachi",
DR Adeel Ahmed Khan,N/A,Community Medicine consultant,"The Aga Khan University Hospital                CC Ibn-e-Zuhr -1, Karachi.  Ibn-e-Zuhr , karachi",
Dr. Muhammad Khalid Niaz,Dr. Khalid Clinic,General Practitioner,"Dr. Khalid Clinic                100 A/2 Gulberg III Lahore.   Gulberg III  , Lahore",
Dr Anjum Jameel Asghar,N/A,Skin Specialists | Dermatologists,"717, St 82, I – 8/4, Islamabad.  I-8 , Islamabad",
Dr. Mirza Mudassar Baig,N/A,Skin Specialists | Dermatologists,"Mudassar medical & laser skin care associates                 Eden value homes c block street 22 house 5 Multan road.  Thokar Niaz Baig , Lahore",Fee: Rs 2000
Lt Col Dr  Shahid Mahmud,Child Specialist,"Child Specialist,Neonatologist,Paediatric Neurology","CMH Hospital                  Cantt , karachi",Fee: Rs 1000
Dr Syed Imtiaz Ali,Surgeon Commander (R),Urologists,"Ashfaq Memorial Hospital                 Gulshan-e-Iqbal,Main University Road,Karachi.   Gulshan-e-Iqbal , karachi",
Prof. Dr Abdul Gaffar Billoo,N/A,Pediatricians,"Memon Medical Institute Hospital                Hyder Buksh Gabol Road,Safoora Goth, Karachi.  Safoora Goth , karachi",
Dr Sajid Dhakam,N/A,Cardiologists,"South City Hospita                Street 1, Block 3, Sharah-e-Firdous, Clifton, Karachi.   Clifton , karachi",
Dr Tehmina Javed,N/A,Gynecologists,"Kanan Clinic                Aiwan-I-Tajarat RoadOpposite Bagh-e-JinnahLahore.  Aiwan-i-Tajarat Road , Lahore",
Dr. Nauman Ahmad Gill,N/A,"Hair Transplant Surgeon,Plastic & Aesthetic Surgeon","Laser Praxis,                 50 D-1/A, off M. M. Alam Road, Gulberg III, Lahore.  Gulberg 3 , Lahore",
Dr Muhammad Irfan Nazir,PCNL & Infertility Specialist,Urologists,"WILCARE Cardiovascular & Endocrine Center of Excellence                Model Town Extension, Lahore.  Model Town Extension , Lahore",
Dr Jahan Ara,N/A,Gynecologists,"Mid City Hospital                3-A Shadman II, Jail RoadOpposite Kinaird College, Lahore , Pakistan.  Shadman  , Lahore",
Dr Sajjad Ali,N/A,ENT Specialist,"Private Clinic                   Hoti Chowk , Mardan",
Gynaecologist laparoscopic lady Surgeon Dr Rehana Iftikhar,N/A,Gynecologists,"Fatima Medical Complex Daska                Main Circular Road Daska  Daska ,",Fee: Rs 500
Dr.  Waqas Mehdi,Neurosurgeon Consultant/Specialist,Neurosurgeon,"Punjab Medical Center                5 Jail Road, Lahore.  Jail Road , Lahore",
Prof. Dr. Azer Rasheed,N/A,Skin Specialists | Dermatologists,"Habib Medical Complex                , Peshawar.Mon to Fri 4.00 PM to 7.00 PM  Dabgari Garden , Peshawar",
Dr. Sameer Qureshi,N/A,ENT Specialist,"South City Hospital                 Street No. 1, Block 3, Shahrah-e-Firdousi, Clifton, Karachi.  Clifton , karachi",
Dr Badr S. Dhanani,N/A,Skin Specialists | Dermatologists,"DHA Medical Centre                 P-38 / A, 10th Street, Khayaban-e-Rahat, Street # 10, Phase-VI, DHA, Karachi.  DHA , karachi",
Muhammad Saleem Ghauri,N/A,Skin Specialists | Dermatologists,"Social Security Hospital                Madina Town,susan Road, Faisalabad.    , Faisalabad",
Dr. Fahd Khalid,N/A,Dentist,"Dental Profiles Clinic                170-B, Street 68, F-10/3, Islamabad.  F-10 , Islamabad",
Dr. Aftab Ahmed Memon,N/A,ENT Specialist,"Park Lane Hospital                 56 Old Clifton Near Shahra-e-Iran, Opposite British Deputy High Commission Clifton Karachi.  Clifton  , karachi",
Dr. Syed Fayyaz Ahmed Shah,N/A,Cardiologists,"Ahmad Medical Complex, Medicine & Cardiology Department                70-C Satellite Town, Sadiqabad Road, Rawalpindi.  Satellite Town , Rawalpindi",
Prof Dr Khalid Javed Rabbani,N/A,Urologists,"Surgimed Hospital. 1-Zafar Ali Road, Lahore.   Gulberg IV, , Lahore",
Dr Syed Mahmood ul Haq,Thoracic Surgeon,Cardiologists,"South City Hospital                 Street No. 1, Block 3, Shahrah-e-Firdousi, Clifton, Karachi.  Clifton , karachi",
Dr. Samia Amer,N/A,Radiologist,"Habibi Care & Cure Clinic                House # 26, Street # 03, Khan Avenue, Chaklala Scheme III, Rawalpindi.  Chaklala Scheme III , Rawalpindi",
Dr Shahid Aslam,N/A,Pediatricians,"Doctors Hospital & Medical Centre                152/G 1, Johar Town, Lahore.  Johar Town , Lahore",
Dr Nazli Hussain,N/A,Gynecologists,"Saifee Hospital.                ST-1, Block-F, North Nazimabad, Karachi.   North Nazimabad , karachi",
Dr. Syed Ali Naqi,N/A,ENT Specialist,"Ahmad Medical Complex                ENT Department70-C Satellite Town, Sadiqabad Road, Rawalpindi.  Satellite Town , Rawalpindi",
Professor Muhammad Mussadiq Khan,N/A,Cardiologists,"18-B, Luqman Hakeem Road, G 6/3, Islamabad.   G 6 , Islamabad",
Dr Maroof Aziz,N/A,ENT Specialist,"Mid City Hospital                 3-A Shadman II, Jail Road Opposite Kinaird College,Lahore, Punjab, Pakistan   Shadman  , Lahore",
Prof. Zubair Ahmed,N/A,ENT Specialist,"SURGIMED HOSPITAL                 ENT Clinic ((Basement)  1-Zafar Ali Road , Lahore",
Dr Javed Waseem,N/A,Skin Specialists | Dermatologists,"Skin & Laser Clinic                C-4 & 5, Adj. Aga Khan Lab, Hilal-e-Ahmer Road, Teen Talwar, Clifton, Karachi.  Clifton , karachi",
Dr Haseeb Sajjad,N/A,Skin Specialists | Dermatologists,"Lahore Skin Clinic                Canal Service Road, Gulberg 5, Lahore.  Gulberg 5 , Lahore",
Consultant Interventional Cardiologist Dr Zameer ul Asar,Care for your heart @ cardiocare clinic,Cardiologists,"Alrazi Healthcare hospital                  MM Alam Road , Lahore",
Dr. Savaid Abbas Mirza,Orthopedic Surgery Trauma & Spine Surgery,Orthopaedics,"Ahmad Medical Complex                70-C Satellite Town, Sadiqabad Road   Satellite Town , Rawalpindi",
Dr. Nadeem Ahmed Khan Niazi,N/A,Skin Specialists | Dermatologists,"Skin & Skin Clinic                 3-Chohan Plaza, Main Airport Road, Opp, Askari-10, Rawalpindi.  Askari-10 , Rawalpindi",
Dr. Umair Ahmed,N/A,Skin Specialists | Dermatologists,"Rasheeda Zafar Hospital                Behind Jan Hall, Kybane-Tanveer, Chaklala Scheme III, Rawalpindi  Chaklala Scheme III , Rawalpindi",
Prof Dr Muhammad Siddiq,"Consultant Spiritual Psychiatrist, Psychotherapist & Sexologist",Psychiatrist,"Faran Institute Of Behavioural Sciences                24-E, 21st Commercial Sreet,DHA Phase 2 Extension, near Rahat Milk Corner. Karachi.  DHA Phase 2  , karachi",
Farhan Khan,N/A,Dentist,"Smile Savers                153-A ,SMCHS ,Karachi Pk-74400   , karachi",
Dr Tayyaba Waseem,Professor of Gynecology,Gynecologists,"Mid City Hospital                3-A Shadman II, Jail Road. Opposite Kinaird College, Lahore.  Shadman  , Lahore",
Professor and Director of Non-Invasive Cardiology Dr Syed Zahid Rasheed,N/A,Cardiologists,"karachi institute of heart diseases                ST-15, Block-16, Near UBL Sports Complex, Federal B. Area, Karachi.  Federal B Area , karachi",
Majid Dastgir,N/A,ENT Specialist,"FC Hospital Quetta                nawan killi road, Quetta, Pakistan  Nawan killi road , Quetta",
Brig (R) Prof. Dr. M. Sultan Muzaffar,Thoracic Surgeon,Cardiologists,"110-Tameez-ud-Din Road.Near CMH Rawalpindi.  Tameez-ud-Din Road , Rawalpindi",
Dr Prof. Javed Akram,N/A,Medical Specialist,"Akram Medical Complex                2-B, Main Gulberg, Lahore.  Gulberg  , Lahore",
Dr Nasir Sulaiman,N/A,Urologists,"South City Hospital                 Street No. 1, Block 3, Shahrah-e-Firdousi, Clifton, Karachi.  Clifton , karachi",
Dr Tahir Kamal,N/A,Skin Specialists | Dermatologists,"Skin Life Clinic                 Link-2, Street-1, Near CSD, 26-Cavalary Ground, Lahore.  Cavalary Ground , Lahore",
Dr Naeem Iqbal,N/A,Skin Specialists | Dermatologists,"SESSI Landhi Hospital                Adamjee Road, Opp. KDA Sub-Office, Landhi, Karachi.   Landhi , karachi",
Dr. Abdus Samad,N/A,Cardiologists,"308 Clifton Center Block-5 Schon Circle, Clifton, Karachi.  Clifton , karachi",
Dr Riaz Ahmad Qamar,N/A,Skin Specialists | Dermatologists,"Skin Care Clinic                 Soldier Plaza Civil Lines Jhelum.   Civil Lines , Jhelum",
HAPPY TEETH Dental Clinic in Wah Cantt,Dentist in Wah Cantt,Dentist,"HAPPY TEETH                Post Office Road,Lala Rukh, Wah Cantt  Wah Cantt , Islamabad",Fee: Rs 300
Dr Parveen Kanji,N/A,Gynecologists,"South City Hospital                 Street No. 1, Block 3, Shahrah-e-Firdousi, Clifton, Karachi.  Clifton , karachi",
Dr. Hina Noon,N/A,Dentist,"Khurram Dental Centre                Hourse # 317, Street # 14, Chaklala Scheme III, Rawalpindi.  Chaklala Scheme III , Rawalpindi",
Dr Samina Saleem,N/A,Gynecologists,"PATEL HOSPITAL                ST-18, Block-4, Gulshan-e-Iqbal, Karachi.   Gulshan-e-Iqbal , karachi",
Dr. H. A. Khawaja,Cosmetic Plastic Surgeon & Dermatologist,Plastic & Aesthetic Surgeon,"osmetic Plastic Surgery & Skin Center                53-B/2, M.M Alam Road, Gulberg III, Lahore  Gulberg III , Lahore",
Dr. Azeem Alam Khan,N/A,Skin Specialists | Dermatologists,"Ali Medical Centre                Kohistan Road, F8 Markaz, Islamabad.   F-8 , Islamabad",
Karachi hair dermatologist Naveed,N/A,"Skin Specialists | Dermatologists,Nephrologist",N/A,N/A
Dr. Shahzad Saeed Sheikh,N/A,Ophthalmologist,"Naz Hospital                Eye Department6-Shadman Link Road, Lahore.  Shadman  , Lahore",
Dr Saadia Virk Rizvi,N/A,Gynecologists,"South City Hospital                Street 1, Block 3, Sharah-e-Firdous, Clifton, Karachi.  Clifton , karachi",
Dr Umar Kaleem,N/A,Medical Specialist,N/A,N/A
Dr Sara Ejaz,N/A,Gynecologists,"Fatima Memorial Hospital                4 Mozang Road, Lahore.  Mozang  , Lahore",
Prof. Zaman Shaikh,N/A,Diabetologists,"South City Hospital                Shahrah-e-Firdousi, Block 3, Clifton, Karachi.  Clifton , karachi",
Dr. Khawar Sultan,N/A,Nephrology,"Savul international medical complex                G 11 markaz islamabad  G 11 , Islamabad",Fee: Rs 500
Dr. Hafeezullah Shaikh,N/A,"Gastroenterology, Hepatology","Zubaida Medical Centre, Old dhoraji                ZUBAIDA MEDICAL CENTREC.P.& Barar Society Amir Khusro Rd.Dhoraji Colony, Karachi 74800, Sindh, PakistanPhone: 9221-3493391 / 4938241 / 4938247   , karachi",Fee: Rs 400
Dr. Amjad Hussain,N/A,Consultant Homeopathic Physician,"Sunny Homeopathic Clinic                P-19   , Faisalabad",Fee: Rs 500
Dr. Muhammad Rafique,N/A,Paediatrician,"Hameedah Memorial Hospital                D block Lahore  Valencia Town , Lahore",Fee: Rs 1500
Dr. Muhammad Irfan Sheikh,N/A,Audiologist,"Niazi Medical Tower                Khoshab Road.   , Sargodha",Fee: Rs 500
Dr. Naimatullah,N/A,Physiotherapist,"KKT International Orthopedic Spine Center                200 Block Y, DHA, Phase III, Lahore.  DHA , Lahore",Fee: Rs 1500
Dr. Sahibzada mahmood Noor,N/A,dermatology laser therapy and aesthetics,"Skin Care Clinic                Abasin Hospital   , Peshawar",Fee: Rs 1000
Dr. Zeeshan kamil,N/A,ophthalmology,"Zubi Eye Clinic                 Dundass street, off Zaibunnisa street   saddar  ,",Fee: Rs 700
Breg (R) Dr. Muhammad Iqbal,N/A,Gastroenrologist/Hepatologist,"3410114806547                  Peshar more, Quaid e azam Internation Hospital , Islamabad",Fee: Rs 1500
Dr. Asifa Iqbal,N/A,Dentist,"Oral & Maxillofacial Surgery centre                106 Habitat Flats Opposite Kinnaird College.  Jail Road Shadman  , Lahore",Fee: Rs 1000
Dr. Umtal batool,N/A,Gynae & obs,"Care clinic                  13 M block phase 1  DHA , Lahore",Fee: Rs 1000
Dr. Uzair Ahmed Qazi,Best Plastic & Aesthetic Surgeon,"Plastic, Cosmetic & Reconstructive Surgeon","Ali Medical Centre                 Ayub Market Islamabad  F-8 Markaz , Islamabad",Fee: Rs 1200
Dr. Nasir Habib,N/A,General Medicine,"Khayaban Medical Centre                160 A , main road Khayaban e Sirsyed , near Qasr e shireen  Khayaban e SirSyed , Islamabad",Fee: Rs 600
Dr. Muhammd Arif,N/A,Medical Oncology,"Doctors Hospital                 152-G/1 canal bank,johar town   , Lahore",Fee: Rs 3000
Dr Safia Munir,N/A,Gynecologists,"Good Hope Infertility Clinic                Link Tufail Road, (In between Saddar Roundabout & Shalimar (Mughalpura) Flyover),Lahore Cantt.  Lahore Cantt , Lahore",
Dr. Abdul Basit,N/A,Orthopaedics,"Ali Medical Centre                  F8 Markaz , Islamabad",
Dr. Madiha Adnan,N/A,Dentist,"Syed Dental Clinic                Plot.231-232, Shop#. 5, Afridi Plaza, Hub Commercial, Abu Bakar Avenue. Near Bahria Head office and Rukhsana Memorial Hospital.  Bahria Town Phase - VIII , Rawalpindi",Fee: Rs 500
Assistant Professor  Dr Khairunnisa Mukhtiar,N/A,Pediatric Neurologist,"Liaquat National Hospital, Karachi, Pakistan.                University Road, Karachi  University Road , karachi",
Dr. Bilal Akram,N/A,ENT Specialist,"PAF Hospital Faisal                Faisal base  Shahrah-e-Faisal , karachi",Fee: Rs 500
Dr.Syed Arif Hussain,N/A,Dermatologist & Cosmetic Surgeon,"Aesthetic Shapes                56 Old Clifton, Parklane Hospital, Karachi, Pakistan  56 Old Clifton , karachi",Fee: Rs 10000
Dr. Sadaf Iftikhar,N/A,Skin Specialists | Dermatologists,"Aesthetics Cosmetic Centre                42/A, C/1 Gulberg III   , Lahore",Fee: Rs 10000
Dr. Mohammad Akram,N/A,Cardiologists,"Kalsum International Hospital                 Kalsum International Hospital   Blue Area , Islamabad",Fee: Rs 1500
Dr. ABDUL SATTAR SHAIKH,N/A,Cardiologist,"Pediatric Cardiology                NICVD hospital...  Ziaudin Clifton....NMC medical center... Liaquat national hospital  Clifton  , karachi",Fee: Rs 1000
Dr. Amber Usman,Let Your Skin Confidence Shine,Skin Specialists | Dermatologists,"Hilal-e-Ahmer                Dr. Amber UsmanCosmederm Skin ClinicHilal-e-Ahmer Sind Medical Centre3 TalwarCliftonKarachiPakistan  Clifton , karachi",
eye surgron DR KHALID BHAMBHA,N/A,Ophthalmologist,"hospital                ahmed general hospital kathiawar medical center tipu sultan road   ad , karachi",
Dr Raza Akram,N/A,Weight Loss Surgeon,"Fatima Memorial Hospital                 Shadman, Lahore, Pakistan.  Shadman  , Lahore",
Dr. Muhammad Arshid,N/A,Physiotherapist,"BMI Poly Clinics Clifton                St-32 A, Rojhan Street, Kehkashan, Block-5, Clifton  Clifton , karachi",Fee: Rs 700
Dr. Salim Ullah Khan,N/A,General Practitioner,"Shifa Clinic                Street 13, G-11/1  G-11 , Islamabad",Fee: Rs 1000
Dr. Ali,N/A,Skin Specialists | Dermatologists,"Ibrahim                office#12, G-11 Markaz  G-11 , Islamabad",Fee: Rs 1000
Dr. Mumtaz Hussain Malik,N/A,Homeopathic Doctor,"Al-Nawaz Memorial Homeo Clinic                Main  Road Sargodha Sahiwal  Main  Road Sargodha Sahiwal , Sahiwal",Fee: Rs 200
Dr. Muhammad Adnan,N/A,,"MMC General Hospital                MMC General Hospital, dalazak chock ring road peshawar   , Peshawar",Fee: Rs 500
Dr. Syed Muhammad Junaid AKhtar,N/A,Diabetologist,"The Diabetes Buster Medics                   , karachi",Fee: Rs 750
Dr. Prof Brig(R) Falak Sher Khan Bhatti,N/A,Gastroenterology,"HOPE Clinic Peshawar Road,near Race Course Ground                HOPE Clinic  Adjacent to Race Course Ground Peshawar Road  Peshawar Road  , Rawalpindi",Fee: Rs 1000
Dr. Sharif Ullah Jan,Consultant Cardiothoracic Surgery,"Cardiologists,Thoracic Surgeon","H No 16, Street No 2, Sector J-3, Phase-II, Hayatabad, Peshawar.  Hayatabad , Peshawar",
Dr. RIAZ AHMAD,N/A,"Intensive Care, chest & medical specialist","WAPDA HOSPITAL                  TOPI ROYAL MEDICAL/HAMZA HOSPITAL GHAZI , Tarbela",Fee: Rs 500
Dr. Farhan Amsari,N/A,Child Specialist,"Maroof International Hospital                Feral Capital Area, Pakistan   F-10 Markaz , Islamabad",Fee: Rs 1500
Dr.Khusro Sultana,N/A,Gynecologists,"HILL PARK GENRAL HOSPITAL                SHAHEED E MILLAT ROAD,KARACHI.  SHAHEED E MILLAT ROAD , karachi",
Dr. Ahsan Riaz,N/A,"Hair Transplant,Cosmetic & Plastic Surgeon","Plasthetics                22-G Johar Town,Lahore   , Lahore",Fee: Rs 1500
Dr. Imran Aheer,N/A,General Physician,"G.P Clinic                College Road PCSIR A Block Near Sheraz Town  Kareem Chowk College Road , Lahore",Fee: Rs 200
Dr Shahid Mahmood Malik,Consultant Cardiothoracic Surgeon Head of Department,Cardiologists,"Ittefaq Hospital (Trust)                Near H- Block, Model Town, Lahore.  Model Town , Lahore",
Dr. Ahsan Akhtar Khan,N/A,Orthopedics,"Nisar Hospital, Charing cross Rawalpindi                    , Rawalpindi",Fee: Rs 1000
Dr. BAKHT Aziz,N/A,ENT Specialist,"Defence Medical Group (DHA)                Dr.bakht aziz Assistant professor Consultant ENT and Head & Neck surgeon Mayo hospital lahore.   DHA , Lahore",Fee: Rs 1500
Dr. Salman mansoor,N/A,Skin Specialists | Dermatologists,"SKIN  HAIR  NAIL & COSMETIC SURGERY                DHA Medical Centre  P-38 / A, 10th Street,  Phase-VI, DHA,   Khayaban-e-Rahat , karachi",Fee: Rs 1500
Dr Abdul Hameed,Consultant,Skin Specialists | Dermatologists,"Fatima Memorial Hospital                Main Boulevard, Phase 2, Shadman, Lahore.  Shadman , Lahore",
Dr.BILAL MALIK,N/A,Physiotherapist,"REHAB SPIRITS.USA Based Home Physio Company                  F-11  , Islamabad",Fee: Rs 1500
Dr. Ahmad Yar Qadri,N/A,Homoeopathic general physician,"Ahmad Homoeopathic Clinic                Main Gulshan E Fatima   , Okara",
Dr. Kamal Saleem,CARDIAC SURGERY (Paeds),Cardiologists,"Armed Forces Institute of Cardiology                Peshawar Rd, Rawalpindi.  Peshawar Rd , Rawalpindi",
Maj. Muhammad Afsheen Iqbal,Cardiac Surgeons AFIC/NIHD,Cardiologists,"109/1, St-1, Race Course Road, Rawalpindi.  Westridge , Rawalpindi",
Dr. Rasheed ali,N/A,Diabetologists,"Ali Medical Center                  H-8 , Islamabad",Fee: Rs 1000
Dr. Syed Nazir Hussain,N/A,Cardiologists,"TO Clinic                Kaneez fatima society block # 2 House no R-10, Row-F  Gulshan-e-Iqbal , karachi",Fee: Rs 1500
Assistant Professor Dr Junaid Javaid,N/A,Orthopaedics,"Maryam memorial Hospital                Bahria town  civic centre phase 3 bahria town , Rawalpindi",
Dr. Syed Salahuddin Babur,N/A,Psychiatrist,"Salahuddin Babur Mntal Health Services                   , Islamabad",Fee: Rs 2000
Dr. Muhammad Ali Randhawa,N/A,Physiotherapist,"Physiotherapy and Health Clinic                Westridge, Rawalpindi , Pakistan.  Westridge , Rawalpindi",Fee: Rs 1000
Dr. Imran Ghafoor (PT),N/A,Physiotherapist,"Social security hospital                   I-12 , Islamabad",Fee: Rs 1000
Dr. Asif Mahmood Janjua,N/A,Cardiologists,"Armed Forces Institute of Cardiology                Peshawar Rd, Rawalpindi.   Peshawar Rd , Rawalpindi",
Dr Nasreen Chaudhary,N/A,Gynecologists,"The Aga Khan University Hospital                 Aga Khan Consulting Clinic 4, Stadium Road, Karachi.   Stadium Road , karachi",
Dr. Muhammad Azeem,N/A,Consultant Radiologist,"Khair ul Bria Diagnostic centre                Feroz pur road lahore  Near LGH LAHORE , Lahore",Fee: Rs 1000
Dr. Asghar Aurangzeb Durrani,N/A,Medical Specialist,"Iftikhar Eye Hospital                184-A-I, Sirsyed Road, Rawalpindi.   Sirsyed Road , Rawalpindi",
Dr. Javed Hayat,N/A,Cardiologists,"Shifa International Hospital                 Pitras Bukhari Road, H-8/4, Islamabad.   H-8 , Islamabad",
Dr. Jansher Mansoori Panu,N/A,Physiotherapist,"Medcare Physiotherapy & Sports Injuriea Clinic                Gill road, Gujranwala  Medcare international hospital gill road , Gujranwala",Fee: Rs 1000
Dr. Sumera Nazeer,N/A,Gynecologists,"Al-Rehman Hospital                Gulraiz Phase III, Near Margala Dental College, Rawalpindi.  Gulrez Phase III , Rawalpindi",
Dr. Naveed Ali Bahadur,N/A,Pulmonalogy,"Alkhaliq Patient care                Nishter Road   , Multan",Fee: Rs 400
Dr.Muhammad Ahmad,N/A,General Physician,"Ahmad Clinic                Near haveli Mian yousaf salah uddin chowk baroof khana walled city pani wala talab Lahore.   Allam Iqbal Town , Lahore",Fee: Rs 500
Professor of ENT Dr. M. Rafique Gooda,N/A,ENT Specialist,"Patel Hospital                ST-18, Block-4 , Gulshan-e-Iqbal, Karachi.  Gulshan-e-Iqbal , karachi",
Dr Obaid Ur Rehman,N/A,Skin Specialists | Dermatologists,"Obaid-ur-Rehman 4_Mozang Road, Lahore.   Mozang  , Lahore",
Dr. Talal Sherazee,N/A,General Practitioner,"OPD Complex                Jhelum Road, Near Bahria Phase VIII Gate, Sawan , Rawalpindi.  Sawan , Rawalpindi",
Dr. Rehana Abdul Sattar,N/A,Gynecologists,"Fatima Medical Complex                Daska. Circular Road,Sialkot, Punjab, Pakistan.   Daska ,",
Dr Nuzhat Faruqui,N/A,Urologists,"AKUH Consulting Clinic                AKUH Consulting Clinic, Stadium Road.  Stadium Road , karachi",
Dr Zeenat Eva Khan,N/A,Gynecologists,"National Medical Centre                 A-5/A, National Highway, Phase 1, Defence Housing Authority,Near Kala Pul, Karachi.   DHA  , karachi",
Dr. M. Adnan Masood,N/A,"Medicine , Gastroenterology","Niazi Medical Complex VIP Block                   , Sargodha",Fee: Rs 500
Dr Yousuf Khatri,N/A,Diabetologists,"National Medical Centre                Korangi Road, Phase 1, DHA, Karachi.  DHA  , karachi",
Dr. Ahsan Waheed Rathore,N/A,Child Specialist,"Fatima Memorial Hospital                Shadman Rd, Lahore.  Shadman Road ,",
Prof.Dr. Mohammed Mohsin,N/A,Pain management and Medical Acupuncture,"MEDEX CLINICS                251-G1 ,Johar Town ,Lahore  Johar Town , Lahore",Fee: Rs 2000
Dr Ayesha Latif Sorathia,N/A,Diabetologists,"OMI Hospital                Kiyani Shaheed Road, Gazdarabad, Karachi.   Gazdarabad , karachi",
Dr. Sanjeeda Begum,N/A,Gynecologists,"Al Rehman Maternity & Surgical Centre                71/C, Satellite Town, Chara Road, Rawalpindi.  Satellite Town , Rawalpindi",
Dr. Muhammad Nafees Raza,N/A,Dentist,"Pak Asia Dental Care                B-335, Choti Market, Back Side Sweet Palace, Commercial Market, Satellite town, Rawalpindi.  Satellite town , Rawalpindi",
Dr. Maria Ali Syed,N/A,Dentist,"Margalla Dental Hospital                Prosthodontics DepartmentQuaid-e-Azam Avenue, Gulrez Phase III, Rawalpindi.  Gulrez Phase III , Rawalpindi",
Dr Ayesha Azam Khan,N/A,Gynecologists,"National Hospital                Defence Housing Authority, Lahore.  DHA , Lahore",
Dr. Zulkifal Awan,N/A,ENT Specialist,"Islamabad ENT Clinic                Shop # 13, Huma Plaza, Fazal-e-Haq Road, (Opp. Polyclinic Hospital), Islamabad.  Fazal-e-Haq Road , Rawalpindi",
Dr Brig(r) Abrar Hussain Zaidi,N/A,"General, Laparoscopic and Oncoplastic Surgeon","HIT_Taxila                Museum Road -Taxila  Taxila Cantt , Rawalpindi",Fee: Rs 1000
Dr. kashif,N/A,Radiologist,"huski clinic                  saddar , karachi",Fee: Rs 1500
Dr. Usman Habib,N/A,General Practitioner,"Basharat Hospital                Near Defence Chowk, Opp. Al-Shifa Trust Eye Hostipal, Jelum Road, Rawalpindi.  Near Defence Chowk , Rawalpindi",
Dr Rana Nizam Jamili,N/A,Gynecologists,"National Medical Centre                A-5/A, National Highway, Phase 1, Defence Housing Authority,Near Kala Pul, Karachi.  DHA , karachi",
Dr Raheela Mohsin,N/A,Gynecologists,"The Aga Khan University Hospital                 Akuh Consulting Clinic 4, Stadium Road, Karachi.  Stadium Road , karachi",
Dr. Hayat Ali Yousefzai,N/A,psychologist,"Ziauddin University Hospital                Plot No. 33, Behind Kpt Hospital, Keamari,  Karachi, Pakistan.  Ph:(9221) 32851881-5   , karachi",Fee: Rs 1000
Dr. Khurram Tahir,N/A,Dentist,"American Dental Clinic                Unit # 5, Chaudhary Yaqub Plaza, F-10 Markaz, Islamabad.  F-10 , Islamabad",
Dr. Khuda Bux Shaikh,N/A,Cardiologists,"Bunglow No. 166, Block-F, Citizen Colony, Rawalpindi.+9251-9271002  Citizen Colony , Islamabad",
Prof. Dr. C.M. Anwar,N/A,Child Specialist,"Anwar Hospital                1-Javed Lane, Near Feroze Sons / Old Supreme Court, Peshawar Road, Rawalpindi.  Peshawar Road  , Rawalpindi",
Dr. Jamshaid Gulzar,N/A,Child Specialist,"Bilal Hospital                38-A, Satellite Town, Sadiqabad Road, Rawalpindi.  Satellite Town , Rawalpindi",
Dr Mohammad Owais Farooqui,N/A,Gynecologists,"Ammar Medical Complex                8-Haroon Shah Scheme, Main Jail Road, Lahore.  Main Jail Road , Lahore",
Maj Gen (R) Prof Dr. Asif Ali Khan HI (M),N/A,Cardiac Surgeon,"Premium Diagnostic & Premium Clinic                 8/A Akbar Road Romi line Rawalpindi  The Mall Road , Rawalpindi",Fee: Rs 1000
Dr Mohammad Shahab Ghani,N/A,Plastic & Aesthetic Surgeon,"Liaquat National Hospital                National Stadium Road, Essa Nagri, Karachi .   , karachi",
Dr. Javed Akhtar,N/A,Pain Management,"Hassan medical center                 Dha and Iqbal park Lahore cantt   Lahore cantt , Lahore",Fee: Rs 1500
Dr Daulat Pinjani,N/A,Skin Specialists | Dermatologists,"Taj Medical Complex                M. A. Jinnah Road, Jacob Lines, Karachi.  Jacob Lines , karachi",
Dr. Osama Ishtiaq,N/A,Diabetologists,"Shifa International Hospital                Shifa International Hospital, Pitras Bukhari Road, H-8/4, H-8, Islamabad.  H-8 , Islamabad",
Dr. Zafar Ahmed,N/A,ENT Specialist,"Iftikhar Eye Hospital                ENT and Head & Neck Surgery Department184-A-I, Sirsyed Road, Rawalpindi.  Sirsyed Road , Rawalpindi",
Dr. Haresh Kumar,N/A,paediatrics,"Naila maternity and general hospital shah faisal colony                near shama shopping center  shah faisal colony , karachi",Fee: Rs 500
Dr mujahid hasnain kathia,N/A,Pediatricians,", Lahore",
Dr. Imtiaz Ahmed Chaudhry,N/A,Cardiologists,"Armed Forces Institute of Cardiology                Peshawar Rd, Rawalpindi.   Peshawar Rd , Rawalpindi",
Dr. Abdul Ghaffar,N/A,General Physician,"Rahat Hospital                Main Service Road, Shkriyal, Near Khana Pul, Rawalpindi.   Shkriyal , Rawalpindi",
Dr. Adeel Masoud,N/A,Pediatrician,"Raamay Clinic                Ali View Garden,Bedian Road,Nadirabad  Lahore Cantt , Lahore",Fee: Rs 250
Dr. Tariq Niaz,N/A,Skin Specialists | Dermatologists,"SKIN IMAGE                127 B1 Near Allah Hu Chowk   Johar Town , Lahore",Fee: Rs 1000
Consultant Dermatologist Brig Asher A Mashhood,N/A,Dermatologist,"Combined Military Hospital                  Mall Road , Peshawar",
Dr. Mohsin Butt,N/A,Child Specialist,"Pediatrician Valey Clinic                  Peshawar Road , Rawalpindi",Fee: Rs 700
Dr. Saqiba,N/A,psychologist,"Health Aid                internik  plaza,spring north, bahria town phase 7 Rawalpindi.  Alipure ,",Fee: Rs 1500
Dr. Aqeel Sadiq,N/A,Homoeopathic general physician,"Emaan Homoeopathic clinic                street No 7  Noor Bawa  , Gujranwala",Fee: Rs 500
Col. (R) Dr. Muhammad Afzal,N/A,Child Specialist,"Quaid-e-Azam International Hospital                Paediatrician Department Near Golra Mor, Adjacent Forebels School, Peshawar Road, Islamabad.  Peshawar Road , Islamabad",
Dr. Sohail Najmi,N/A,General physician/ practitoner.,"Najmi's Health Center                736 - Nargis Block Allama Iqbal Town   , Lahore",Fee: Rs 1000
Dr. Marrium Zakri,N/A,,"apple                main 6 road   Haq Clinic 6 Road  , Rawalpindi",Fee: Rs 700
Dr. Usamah Mahmood,N/A,Dentist,"Anas Medical & Dental Centre                Clinic: Chandni Chowk, Murree Road, Rawalpindi.  Chandni Chowk , Rawalpindi",
Professor Dr.Mashoor Alam Shah,N/A,Diabetologist,"Hill Park General Hospital                   Shaheed Milta Road  , karachi",Fee: Rs 2000
Dr. Qaisar Shehzad Humayoon,N/A,Child Specialist,"Qaisar Clinic, Sardar Alam Khan Road, Rawalpindi.  Alam Khan Road , Rawalpindi",
Dr. Syed Salahuddin Babur,N/A,,"Maroof International Hospital & Pharmacy                Plot No.7, 10th Avenue.   F-10 Markaz , Islamabad",
Prof Dr Naseema F. Kapadia,N/A,Skin Specialists | Dermatologists,"Abbasi Shaheed Hospital                Tabish Dehlavi Road, Karachi.  Tabish Dehlavi Road , karachi",
Dr PROF. GUL MUHAMMAD MEMON,N/A,ENT Specialist,"14/7 Avenue 7 Civil Lines Hyderabad.  Civil Lines  , Hyderabad",
Dr. Salman,N/A,physotherapist,"Salman Physotherapist Clinic                Salman physiotherapist clinic mugalpura lahore  Mughal Pura , Lahore",Fee: Rs 200
Dr M Sajid Abbas,N/A,Diabetologists,"National Medical Centre                ,A-5/A, National Highway,,Near Kala Pul,, Korangi Road, Karachi.  DHA  , karachi",
Dr. Fahad Naeem,N/A,Dentist,"The Dental Practice                First Floor, Capital Trade Centre, F-10 Markaz, Islamabad.   F-10 Markaz , Rawalpindi",
Brig (R) Prof. Dr. Muhammad Iqbal,N/A,Gastroenterology,"Quaid-e-Azam International Hospital                G.I DepartmentNear Golra Mor, Adjacent Forebels School, Peshawar Road, Islamabad.  Near Golra Mor , Islamabad",
Dr. Ijaz Abid,N/A,Medical Specialist,"Quaid-e-Azam International Hospital                Medical DepartmentNear Golra Mor, Adjacent Forebels School, Peshawar Road, Islamabad.  Golra Mor , Islamabad",
Dr. Shaiza Saleem,N/A,Gynecologists,"Home                Street No 4   Ameerabad , Multan",Fee: Rs 500
Dr Azra Amerjee,N/A,Gynecologists,"The Aga Khan University Hospital                 Consulting Clinic 4, Stadium Road, Karachi.  Stadium Road , karachi",
Homeopathic Dr. Amjad Hussain,N/A,Homeopathic Doctor,"Sunny Homeopathic clinic                202 RB, Bhai wala,  Chenab road , Faisalabad",Fee: Rs 500
Dr Seema Y. Zia,N/A,Skin Specialists | Dermatologists,"Ziauddin Medical University Hospital                4/B, Shahrah-e-Ghalib, Block 6, Clifton, Karachi.  Clifton , karachi",
Dr. Umar ahad,N/A,Dental surgeon,"Ahad dental clinic                   ,",Fee: Rs 300
Dr. Ajmal Rashid,N/A,Skin Specialists | Dermatologists,"BOULEVARD HOSPITAL                NEAR TOYOTA MOTORS KORANGI ROAD KARACHI  KORANGI ROAD , karachi",Fee: Rs 1500
Dr Saadia Usman,N/A,Gynecologists,"Fatima Memorial Hospital                Main Boulevard, Phase 2, Shadman, Lahore.  Shadman  , Lahore",
Dr Fazal e Rabi,N/A,Cardiologists,"National Medical Centre                NA-5/A, National Highway, Phase 1, Defence Housing Authority,Near Kala Pul, Karachi.  DHA , karachi",
Dr Shahid Iqbal Burewala,N/A,General Surgeon,"Shahid Surgical Complex                 House No 22-G Ghalla Mandi Burewala.  Ghalla Mandi , Bahawalpur",
Dr. Syed Nasir Abbas,N/A,Oncologist,"Masood hospital                Near kalma chok. Lahore   New Garden Town , Lahore",Fee: Rs 1500
ATTIYA SHAIKH,N/A,Dentist,"The Aga Khan University Hospital                 Clifton Medical Services, Karachi.    Clifton , karachi",
Dr. Masood Qadir Sheikh,N/A,Dentist,"Rehman Dental Clinic                Madni Tower, Chaklala Scheme III, Rawalpindi.  Chaklala Scheme III , Rawalpindi",
Dr Muhammad Usman Khan,N/A,Urologists,"Shaukat Khanum Memorial Cancer Hospital and Research Centre                7A Block R-3M.A. Johar Town, Lahore.  Johar Town , Lahore",
Dr. Raja Tariq Mahmood,N/A,Child Specialist,"Basharat Hospital                Near Defence Chowk, Opp. Al-Shifa Trust Eye Hostipal, Jehlum Road, Rawalpindi.  Jehlum Road , Rawalpindi",
Dr. Nayab Farooq Khan,N/A,Dentist,"Quaid-e-Azam International Hospital                Dental Department Near Golra Mor, Adjacent Forebels School, Peshawar Road, Islamabad.  Near Golra Mor , Islamabad",
Dr. Mohammad Jamil,N/A,General Practitioner,"Ahmad Medical Complex                Emergency OPD.70-C Satellite Town, Sadiqabad Road, Rawalpindi.  Satellite Town , Rawalpindi",
Dr Prof Jamal Ara,N/A,Diabetologists,"National Medical Centre                A-5/A, National Highway, Phase 1, Defence Housing Authority,Near Kala Pul, Karachi.  DHA , karachi",
Dr Ashfaq Ahmed,N/A,Gastroenterology,"The Aga Khan University Hospital                 Consulting Clinics (JHS Building -Second Floor). Stadium Road, Karachi.  Stadium Road , karachi",
Dr Asma Ahmed,N/A,Diabetologists,"Aga Khan University Hospital,                Stadium Road, Karachi.  Stadium Rd , karachi",
Dr. Tariq Medical Centre,N/A,Orthopaedics,"TARIQ MEDICAL CENTRE                asghar mall road   , Rawalpindi",Fee: Rs 1000
Dr. Aamna Abid,N/A,General Practitioner,"Family Care                   , Rawalpindi",Fee: Rs 300
Dr Mujeeb,N/A,ENT Specialist,"Dr. Mujeeb's ENT Clinic                37-B, Gulberg 2, Lahore, Pakistan, Lahore.  Gulberg II , Lahore",
Dr Murad Moosa Khan,N/A,Psychiatrist,"AKUH Consulting Clinic                Stadium Road, Karachi.  Stadium Road , karachi",
Dr Rafia Irum,N/A,Radiologist,"IQRAA Medical Complex                 IQRAA Medical Complex Akbar Chowk   Johar Town , Lahore",Fee: Rs 2000
Dr Shahid Kamal,N/A,Diabetologists,"National Medical Centre                A-5/A, National Highway, Near Kala Pul,, Korangi Road, Karachi.  DHA , karachi",
Dr. Raja Asif Ali,N/A,General physician/ practitoner.,"Zohara Medical centre                 Behind shafique medical centre   College road mandian , Abbottabad",Fee: Rs 500
Dr. Imran Anwar,N/A,Dentist,"Iftikhar Eye Hospital                184-A-I, Sirsyed Road, Rawalpindi.  Sirsyed Road , Rawalpindi",
Prof. Dr. Muhammad Tariq,N/A,ENT Specialist,"Raza Medical Complex                Jaild Road Lahore   , Lahore",Fee: Rs 2000
Dr. Saeed Mustafa,N/A,Dentist,"Capital Dental Clinic                 F-4, First Floor Sardar Arcade, Near Bank Alfalah, G-11 Markaz, Islamabad.    G-11  , Islamabad",
Dr. Amin-ur-Rahman,N/A,Dentist,"Amin Dental Surgery                 1st Floor Office # 13, Golden Plaza, G-11 Markaz, Islamabad.  G-11  , Islamabad",
Dr. Ahla Malik,N/A,Psychiatrist,"Cooper Consultants Clinic                F-61 / 9, Block 4, Kehkashan Clifton, Karachi 021-35370671–4, 0316-2113800  Clifton  , karachi",Fee: Rs
Dr. Salman Ahmad Shah,Pediatric Heart Surgeon in Lahore - 03129611000,Cardiologists,"Children Hospital                Ferozpur Road, Lahore   , Lahore",
Dr. Adeel Tahir,N/A,Dentist,"Margalla Dental Hospital                Operative Dentistry / Oral Biology DepartmentQuaid-e-Azam Avenue, Gulrez Phase III, Rawalpindi.  Gulrez Phase III , Islamabad",
Dr. Uzma Sharif,N/A,General Practitioner,"OPD Complex                Jhelum Road, Near Bahria Phase VIII Gate, Sawan, Rawalpindi.  Sawan , Islamabad",
Dr. Sadia Shakil,N/A,Psychotherapist,"Bee Well                  Blue Area, DHA-1 , Islamabad",Fee: Rs 2000
Dr. Nadeem Zia,N/A,Oncologist,"Naz Hospital                Opp. Lahore Central Jail  Shadman , Lahore",Fee: Rs 1500
Dr Mohammad Hasanat Sharif,N/A,Cardiologists,"Aga Khan University Hospital                CC Nazerali Walji-1, Stadium Road. Karachi.  Walji-1 , karachi",
Dr. Saeeda Malik,N/A,Gynecologists,"South City Hospital                 Street 1, Block 3, Sharah-e-Firdous, Clifton, Karachi.  Clifton , karachi",
Dr. Inamullah Shah,N/A,Surgery,"Iftikhar Eye Hospital, Near Punjab House                DHA Phase 1  Fauji Foundation Hospital , Rawalpindi",Fee: Rs 1000
Dr. Masoor Hussain Malik,N/A,Urologists,"Hayat Wali Hospital                Asgharmall  Asgharmall road , Rawalpindi",Fee: Rs 800
Dr. Khalid Mahmood,N/A,"General, Laparoscopic and Oncoplastic Surgeon","CMH Lahore                Abdul Rehman Road  Lahore Cantt , Lahore",Fee: Rs 1000
Dr. ZAHOOR AHMAD AWAN,N/A,Medical Specialist,"maryam memorial hospital                peshawar road   , Rawalpindi",Fee: Rs 1200
Dr. Azhar Nasir Mian,N/A,General Surgeon,"Dr. Azhar Nasir Mian Clinic                Lalazar Chowk, Commissioner Road, Sialkot.  Lalazar Chowk ,",
Dr Samrina Hashmi,N/A,Gynecologists,"Noor Hospital                Plot S.T. 11, block 19, Alnoor Society.  Federal B Area , karachi",
Dr Jamsheer Talati,N/A,Urologists,"Aga Khan University Hospital                JHS Building 1st Floor, A.K.U.H., Stadium Road.  Stadium Road , karachi",
Dr.Aslam Parvez,N/A,Skin Specialists | Dermatologists,"22-E Mushtaq Ahmed Gurmani Rd, Lahore.  Gurmani Rd , Lahore",
Dr Mudasser Iqbal Dar,N/A,Cardiologists,"National Medical Centre                A-5/A, National Highway, Near Kala Pul, Korangi Road, Karachi.  DHA , karachi",
Dr. Ihtasham Mohammad Chaudhary,N/A,General Surgeon,"Ahmad Medical Complex                Surgery Department. 70-C Satellite Town, Sadiqabad Road, Rawalpindi.  Satellite Town , Rawalpindi",
Dr. Muhammad Haroon,N/A,"Intensive Care, chest & medical specialist","Maxhealth hospital                 Main Road G8   G-8 markaz , Islamabad",Fee: Rs 1500
DR Muhammad Qamar Mubir Sheikh,N/A,General Practitioner,"NAZIR FATIMA CLINIC                  CHURCH ROAD ,",
Dr. Shahzad Riyaz,N/A,,"Shifa International Hospital                  H-8 , Islamabad",Fee: Rs 2000
Dr. Soban Sarwar Gondal,N/A,Neurosurgeon Consultant/Specialist,"Jinnah Memorial Hospital                 2-A Civil lines, opposite punjab house, Rawalpindi  Rawalpindi , Rawalpindi",Fee: Rs 1000
Dr. Abid Hussain,N/A,Dentist,"Dental Art                1st Floor Office # 1, Ghulam Rasool Plaza Opp. Excel Lab, Fazal-e-haq Road, Blue Area, Islamabad.   Blue Area , Islamabad",
Dr. Zakir Ahmad,N/A,Skin Specialists | Dermatologists,"Khyber Medical Centre                Dabgari Garden, Peshawar.  Dabgari Garden , Peshawar",
Dr. M Adeel Alam Shah,N/A,Family physician and Sonologist,"Family polyclinic Faisalabad                 Sadder Bazaar mansoorabad Street no 1   Jhumra Road  ,",Fee: Rs 500
Dr Muhammad Ashraf Wahla,N/A,Child Specialist,"Zeenat Javed Medical Complx Near Chungi no.6 Bosan Road Multan.  Chungi no.6  , Multan",
Dr. Humaira Gilani,N/A,Skin Specialists | Dermatologists,"Northwest General Hospital & Research Centre                Phase 5, Hayatabad, Peshawar (Near Passport Office).  Hayatabad , Peshawar",
Dr. Nauman Bari Khan,N/A,Dentist,"Clinic                The Dental Lounge  Gulrez Phase III , Rawalpindi",
Dr. Farhan Saeed,N/A,"General, Laparoscopic and Oncoplastic Surgeon","Medicsi Hospital                 Saudi Pak Tower Blue Area Islamabad.  Blue Area , Islamabad",Fee: Rs 1500
Dr. Masood Sohail,N/A,Skin Specialists | Dermatologists,"Iqra Medical Complex                 Akbar Chowk , Johar Town, Lahore.  Johar Town , Lahore",
Dr. Muhammad Akhtar Hunjra,N/A,Physiotherapist,"Medcare Sports Injuries Clinic                    , Gujranwala",Fee: Rs 1000
Dr. Khurram Kaleem,N/A,Dentist,"Khurram Dental Centre                Hourse # 317, Street # 14, Chaklala Scheme III, Rawalpindi.   , Rawalpindi",
Dr Saeed Akhtar,Associate Consultant Urologist Director Kidney Transplant Centre,Urologists,"Shifa International Hospital, Pitras Bukhari Road, H-8/4, H-8, Islamabad.  H-8 , Islamabad",
Dr Muhammad Muneer Amanullah,N/A,Cardiologists,"Aga Khan University Hospital                Consulting Clinic 5, CC Nazerali Walji-2, Karachi.  Stadium Road , karachi",
Dr. Farrukh Aslam,N/A,Plastic & Aesthetic Surgeon,"Laforma Plastic, Cosmetic and Hair Transplant Surgery                 Clinic, 41-B, Johar Town, Lahore.  Johar Town , Lahore",
Dr Ashraf Yousuf,N/A,Cardiologists,"National Medical Centre                A-5/A, National Highway,,Near Kala Pul,, Korangi Road, Karachi.  DHA  , karachi",
Dr. Muhammad Nabeel,N/A,Dentist,"Capital Dental Clinic                F 4, First floor darbar arcade, near bank Alfalah,    , Islamabad",Fee: Rs 1000
Dr. Tahir Javed,N/A,Dentist,"Specialist Dental Centre                Saidpur Road, Kali Tanki, Rawalpindi.  Kali Tanki , Rawalpindi",
Assistant Professor of ENT Dr. Jawad Faisal Malik,N/A,ENT Specialist,"Medicsi 2                 Blue plaza.  Near PSO pump  Jinnah Super Market , Islamabad",Fee: Rs 1500
Dr Tahir Saeed Haroon,N/A,Skin Specialists | Dermatologists,"Surgimed Hospital                Surgimed Hospital, 1 - Zafar Ali Road, Lahore.  Gulberg 5 , Lahore",
Dr. Nasir Habib,N/A,Internal Medicine,"Khayaban Medical Centre                160 A , main Road Khayaban e Sirsyed , sector 1 , near Golden CNG  Khayaban e SirSyed , Islamabad",Fee: Rs 800
Dr. Ambreen,N/A,Orthopedics,"Aga Khan University Hospital                   , karachi",Fee: Rs 500
Dr. Muhammad Aslam Chaudhry,N/A,Dentist,"Afqad Dental Surgeons                Clinic 1128, Neelum Road, G-9/4, Islamabad.  G-9 , Islamabad",
Dr. Shaukat Nawaz,N/A,"General, Laparoscopic and Oncoplastic Surgeon","Quaid i Azam Hospital                   , Islamabad",Fee: Rs 1500
Dr. Sania Hafeez,N/A,Physiotherapist,"Medcare Physiotherapy and Sports injuries                 Gill road.  Medcare international hospital , Gujranwala",Fee: Rs 1000
Dr. Huma Tasleem,Consultant Obstetrician & Gynecologist,Gynecologists,"Shifa Medical Center                 Savoy Arcade (Next to Standard Chartered Bank),F-11 Markaz, Islamabad.  F-11  , Islamabad",
Dr Akhter Hussain,N/A,Cardiologists,"National Medical Centre                A-5/A, National Highway, Phase 1, Defence Housing Authority,Near Kala Pul, Karachi.  DHA  , karachi",
Dr Muhammad Shahab,N/A,Dentist,"Wahab Dental And Medical Clinic                B-11/455, A Band Khanna Road, Muslim Town, Rawalpindi.  Muslim Town , Rawalpindi",
Dr. Adnan Ghafoor Orakzai,N/A,Diabetologist,"Attock hospital                   Morgah , Rawalpindi",Fee: Rs 1200
Romina,N/A,General Surgeon,N/A,N/A
Dr. Muhammad Usman Qaiser,N/A,Dentist,"Usman Dental Clinic                BM-34, Shop # 2, Commercial Market, Near Nadara Office, Satellite Town, Rawalpindi.  Satellite Town , Rawalpindi",
dr shoaib chachu,N/A,Child Specialist,N/A,N/A
Dr. M. Zubair Alauddin.,N/A,"General Physician,General Practitioner,Paediatric","Punjab cooperative housing society. Ghazi road. Lahore .   Punjab cooperative housing society , Lahore",
Squadron Leader Dr Arfat Jawaid,N/A,ENT Specialist,"PAF Hospital Faisal                Shahrah-e-Faisal, Karachi.   Shahrah-e-Faisal , karachi",
Dr Nabila Saifi,N/A,Gynecologists,"National Medical Center                 A-5/A, National Highway, Phase 1, Defence Housing Authority,Near Kala Pul, Karachi.    DHA , karachi",
Dr. Shahzad Naseem,N/A,Pediatrician,"sav-on medical center                    , Lahore",Fee: Rs 2000
Dr. Asif Kamal,N/A,Skin Specialists | Dermatologists,"Maryam Memorial Hospital                Dermatology DepartmentPeshawar Road, Rawalpindi.  Peshawar Road , Rawalpindi",
Dr. Samina Farooq Abbasi,N/A,Dentist,"Wab Dental Surgery                23-A, Railway Scheme III, Near Siddiqu Chowk, Airport Road, Rawalpindi.  Railway Scheme III , Rawalpindi",
Dr. Inamullah,N/A,Skin Specialists | Dermatologists,"Habib Medical Complex                Dabgari Garden, Peshawar.  Dabgari Garden , Peshawar",
Dr. Qazi Ahsan Azeem,N/A,ENT Specialist,"Ittefaq Hospital                Near H- Block, Model Town, Lahore.  Model Town , Lahore",
Dr. Riaz Ahmed Khokhar,N/A,General Surgeon,"Khokhar Medical Centre                117- Khokhar Medical Center, Tippu Road, Rawalpindi.  Tippu Road , Rawalpindi",
Dr. Chaudhary Mohammad Khalil,N/A,Skin Specialists | Dermatologists,"Hamza Medical Centre                Hamza Medical CentreNear Khalid Medical Store Kot Khawaja Saeed Lahore   , Lahore",Fee: Rs 3000
Dr. Raheel Ahmed,N/A,Dentist,"Raheel Dental Surgery                13th, Neelam Road, G-9/3, Islamabad.  G-9 , Islamabad",
Dr. Shaukat Ali Sheikh,N/A,General Surgeon,"Ahmad Medical Complex                70-C Satellite Town, Sadiqabad Road, Rawalpindi.  Satellite Town , Rawalpindi",
Dr. Asghar Janjua,N/A,Skin Specialists | Dermatologists,"53 Gulshan Hayat Colony, Near D.H.Q. Hospital,  Sargodha.  Gulshan Hayat Colony , Sargodha",
Dr. Qudsia Kanwal,N/A,Dentist,"Margalla Dental Hospital                Operative Dentistry DepartmentQuaid-e-Azam Avenue, Gulrez Phase III, Rawalpindi.  Gulrez Phase III , Rawalpindi",
Dr. Manzoor ul Qayyum,N/A,Skin Specialists | Dermatologists,"Office No. 1, Ground Floor, Chouburgi Centre, Near old Venus Cinema, Multan Road, Lahore.  Multan Road , Lahore",
Dr. Shaukat Nawaz Khan,N/A,General Surgeon,"Quaid-e-Azam International Hospital                General SurgeryNear Golra Mor, Peshawar Road, Islamabad.  Near Golra Mor , Islamabad",
Maj Gen ( Retd) Prof. Jawad Khaliq Ansari,N/A,Pulmonologist,"Shalimar Clinic                 First Floor, Rafey Mall, Chore Chowk, Peshawar Road, Rawalpindi   , Rawalpindi",Fee: Rs 1200
Consultant  Dr. Vaqar Ilahi Paracha,N/A,Cardiac Surgeon,"Armed Forces Institute of Cardiology                Peshawar Rd,  Rawalpindi.   Peshawar Rd , Rawalpindi",
Dr. Mohammad Akmal Madni,N/A,Cardiologist,"Multan Diabetes and Heart Clinic                 Nishtar Road    Al Khaliq Hospital  , Multan",
Dr. Mazhar Hussain Raja,N/A,Pediatrician,"Shifa International Hospital                 Pitras Bukhari Road, Islamabad.  Pitras Bukhari Rd , Islamabad",Fee: Rs 2000
Dr. Shaukat Ali Shah,N/A,Anesthesiologist,"Maryam Hospital                Raja Haq Nawaz Plaza, G-11 Markaz, Islamabad.  G-11  , Islamabad",
Dr. Ahmed Aziz Niazi,Maxillofacial Surgeon,Dentist,"Niazi Dental Clinic                H-1380, Main Airport Road, Jhanda Chichi, Rawalpindi.  Jhanda Chichi , Rawalpindi",
Prof. Shahid Javaid Akhtar,N/A,Skin Specialists | Dermatologists,", Faisalabad",
Dr Abdul Fatah Dero,N/A,Diabetologists,"Rehman Diabetic Clinic                546/2, Soldier Bazar, Saddar, Hyderabad.  Saddar , Hyderabad",
Dr. Amanullah,N/A,Cardiologist/Physician,"Maryam Diagnostic Centre                7B Shadman II, near PIC Hospital Parking, Jail Road   Jail Road , Lahore",Fee: Rs 1500
Dr Amir M Ijaz,N/A,Cardiologists,"Naseer Hospital                 16-Ahmad Block New Garden Town Lahore.  New Garden Town , Lahore",
Dr Shahid Masood Khan,N/A,ENT Specialist,"Ittefaq Hospital                 Near H- Block, Model Town, Lahore.  Model Town , Lahore",
Dr. Salman Naseem Adil,N/A,Hematologist,"The Aga Khan University Hospital                 CC Ibn-e-Zuhr -1 , A.K.U.H., Stadium Road Karachi.  Stadium Road , karachi",
Dr. Habib Aslam Gaba,N/A,Cardiologists,"Omer Heart Clinic                 864-B, Peoples Colony, Faisalabad.  Peoples Colony , Faisalabad",
Dr. Aqsa Malik,N/A,Dentist,"Quaid-e-Azam International Hospital                Dental DepartmentNear Golra Mor, Adjacent Forebels School, Peshawar Road, Islamabad.  Near Golra Mor , Islamabad",
Muhammad Aslam Memon,N/A,Oncologist,"Quaid-e-Azam Complex                Opposite Police Ground.  Saddar , Hyderabad",
Dr Muhammad Zubair,N/A,Dentist,N/A,N/A
Dr. Kiren Shaheryar,N/A,Skin Specialists | Dermatologists,"Life Care Hospital                 Life Care Hospital. Islamabad   G-10 , Islamabad",
Dr. Arsalan Farooq,N/A,Ophthalmologist,"Eye Clinic PAF Hospital Faisal Base                PAF Hospital Faisal   , karachi",Fee: Rs 600
Professor Dr Mohammad Zafar Rabbani,N/A,ENT Specialist,"Shifa International Hospital                 Pitras Bukhari Road H-8/4, Islamabad.  H-8 ,",
Dr. Sadia Bashir,N/A,Child Specialist,"Begum Akhtar Rukhsana Memorial Welfare Trust                Bahria Town Phase - VIII, Rawalpindi.    Bahria Town Phase - VIII , Rawalpindi",
Dr. Ammara Kashif,N/A,Obstetrics and gynaecology,"Medics Islamabad                Saudi pak tower, blue area,  Islamabad.   F 7 Markaz , Islamabad",Fee: Rs 1500
Dr Syed Muhammad Junaid Akhtar,N/A,Diabetologists,N/A,N/A
Dr. Asma Iqbal,N/A,Gynecologists,"Mamji Hospital                C-19, Block-17, Federal ""B"" Area, Near Water Pump Chowrangi, Karachi   Federal ""B"" Area , karachi",
Dr. Zafira Syed,N/A,Physiotherapist,"Physiotherapy Centre                Saidpur Road, Haidri Chowk, Satellite Town, Rawalpindi.   , Rawalpindi",Fee: Rs 800
Dr Amir Shariff,N/A,General Surgeon,"The Aga Khan University                 Consulting Clinics (JHS Building -Second Floor), Karachi.    Stadium Road , karachi",
Dr. Adil Abbas,N/A,Child Specialist,"RiseNShine                   Mission chonk, Fateh Shere road  , Sahiwal",Fee: Rs 500
Dr. Afsheen Mansoor,N/A,Dentist,"Ali Medical Centre                Kohistan Road, F8 Markaz, Islamabad.   F-8 , Islamabad",
Dr Rabia Ghafoor,"Specialist in Skin, Hair and Nail Diseases Consultant",Skin Specialists | Dermatologists,"Dr. Ziauddin Hospital                4/B, Shahrah-e-Ghalib, Block 6, Clifton, Karachi.  Clifton , karachi",
Dr. Khadim Ullah Kheyal,N/A,Skin Specialists | Dermatologists,"Auqaf Plaza, Dabgari, Peshawar.  DABGARI  , Peshawar",
Dr. Syed Hammad Hassan,N/A,Dentist,"Margalla Dental Hospital                Prosthodontics DepartmentQuaid-e-Azam Avenue, Gulrez Phase III, Rawalpindi.  Gulrez Phase III , Rawalpindi",
Dr. Tahir Hussain Dilawari,N/A,Cardiologists,"Shifa College of Medicine                Pitras Bokhari Road, H-8/4, Islamabad.  H-8 , Islamabad",
Dr. Shoukat Jamal Amerzada,N/A,Skin Specialists | Dermatologists,"Khyber Medical Centre                Dabgari Garden, Peshawar.  Dabgari Garden , Peshawar",
Diabetologist  DR Shahid Hameed,N/A,Diabetologists,"Shalamar Hospital                 Shalimar Link Road.   MughalPura , Lahore",
Dr. S. Abbas Raza,N/A,Diabetologists,"National Hospital & Medical Centre                132/3 , Street 123, Block L, Phase 1, DHA, Lahore.  DHA  , karachi",
Dr Khurram Shahid,N/A,Diabetologists,"National Medical Centre                A-5/A, National Highway,,Near Kala Pul,, Korangi Road, Karachi.  DHA , karachi",
ASSISTANT PROFESSOR DR ASHAR ALAMGIR,DR ASHAR ALAMGIR ENT SURGEON,"Allergy Specialist ,ENT Specialist",N/A,N/A
Dr. Muhammad Haider,N/A,Dentist,"Dr. Haider & Associates Dental Surgeon                43-S, Bank Road, Sadar, Rawalpindi.  Sadar , Rawalpindi",
Dr. Masood Ahmed,N/A,Anesthesiologist,"Rahat Hospital                Main Service Road, Shkriyal, Near Khana Pul, Rawalpindi.  Khana Pul , Rawalpindi",
Dr. Haleema Hashmi,N/A,Gynecologists,"Liaquat National Hospital                National Stadium Road. Karachi.   Stadium Road , karachi",
Dr Sobia Qamar,N/A,Pediatricians,"Liaquat National Hospital                National Stadium Rd, Karachi   National Stadium Rd , karachi",
Dr. Mujtaba Jaffary,N/A,"Gastroenterology, Hepatology","Times Hospital                Opposite Jinnah hospital,146-A/GOR -5,Faisal town Lahore  Faisal Town , Lahore",Fee: Rs 1200
Dr. Omar Anis,N/A,Hepatology gastroentrology,"deen clinic                Behind F-10 main mosque   F-10 markaz, Areej Plaza.  , Islamabad",Fee: Rs 1000
Dr Adeel Aslam,N/A,General Physician,"Mangowal, Karachi.  Mangowal , Gujranwala",
Dr. Zeeshan Perwaiz,N/A,Skin Specialists | Dermatologists,"Bilal Hospital                38-A, Satellite Town, Sadiqabad Road, Rawalpindi.  Satellite Town , Rawalpindi",
Dr. M Shoaib Shafi,N/A,Gastroenrologist/Hepatologist,"Shafi Clinic                55-C Satellite Town Rawalpindi  Chandni Chowk , Rawalpindi",Fee: Rs 1500
Dr Junaid Alam Ansari,N/A,Cardiologists,"South City Hospital                Shahrah-e-Firdousi, Block 3, Clifton, Karachi.  Clifton , karachi",
Assistant Professor  Mohammad Majid paracha,N/A,Skin Specialists | Dermatologists,N/A,N/A
Dr. Imtiaz Hussain,N/A,Dentist,"The Dental Centre                Shahnawaz Plaza, 1st Floor, Office # 3, Upper Al-Rehman Medicose, G-11 Markaz, Islamabad.  G-11 , Islamabad",
Dr. Salman Saeed,N/A,Dentist,"Margalla Dental Hospital                Operative Dentistry Department, Quaid-e-Azam Avenue, Gulrez Phase III, Rawalpindi.   Gulrez Phase III , Rawalpindi",
Dr. Mansoor Mahmood,N/A,Child Specialist,"Maryam Hospital                Surgical Department Raja Haq Nawaz Plaza, G-11 Markaz, Islamabad.  G-11 Markaz , Islamabad",
Dr Ahsan Hameed,N/A,Skin Specialists | Dermatologists,"Shifa International Hospital                Pitras Bukhari Road, H-8/4, H-8, Islamabad.  H-8 , Islamabad",
Dr. Usman Rana,N/A,Dentist,"Perfect Smile Dental Clinic                1A Plaza, Near Shell pertol pump. Opposite Fatima Jinnah Park, F-10 Markaz, Islamabad.  F-10 , Islamabad",
Dr. Kaleem Ullah Thahim,N/A,ENT Specialist,"South City Hospital                Shahrah-e-Firdousi, Block 3, Clifton, Karachi.  Clifton , karachi",
Dr. Javed Aslam,N/A,Dentist,"Bilal Hospital                Dental Department.38-A, Satellite Town, Sadiqabad Road, Rawalpindi.  Satellite Town , Rawalpindi",
Brig (R) Dr. Muzaffar Khan,N/A,Dentist,"Nawaz Memorial Hospital                Morgah More G.T Road, Rawalpindi.  G.T Road  , Rawalpindi",
Dr. Abdul Malik,Senior Registrar Cardiovascular Surgery,Cardiologists,"Lady Reading Hospital                Flat No. C-1, Doctor's Colony, Peshawar.  Doctor's Colony , Peshawar",
Dr Obaidur Rehman,N/A,Skin Specialists | Dermatologists,"National Medical Centre                A-5/A, National Highway, Near Kala Pul, Korangi Road, Karachi.    Korangi Road , karachi",
Dr. Naseem Saeed,N/A,Dentist,"Sara Dental Surgery, Clinic                70, Al-Mustafa Tower, Commercial Area, Scheme III, Rawalpindi.Mon to Sat 5pm to 9Pm+9251-5950211+9251-5500125+9251-5591159  Scheme III , Rawalpindi",
Dr.MOAZZAM ALI,N/A,ENT Specialist,N/A,N/A
Dr Tahir Jamil,N/A,Skin Specialists | Dermatologists,"Cavalry Hospital                44-45 Cavalry Ground Ext, Lahore-Cantt.  Cavalry Ground  , Lahore",
Dr. Imran Arshad,N/A,Dentist,"Moiz Dental Clinic                Shop # 4, Feroze Plaza, Khawaja Market, Street # 57, G-9/4, Islamabad.Mon to Sat 10 AM to 2 AM Mon to Sat 4 PM to 9 PM +92345-5897379+9251-2255739  G-9 , Islamabad",
Dr Naveed Aslam,N/A,ENT Specialist,"Ammar Medical Complex                8-Haroon Shah Scheme, Main Jail Road, Lahore.  Main Jail Road , Lahore",
Dr Khalid Hameed,N/A,Cardiologists,"Doctors Hospital & Medical Center                 152 A-G/1 Canal Bank, Lahore.  Johar Town , Lahore",
Ms. Shifa Ali,N/A,Nutrition/Dietitian,"Ittefaq Hospital                Near H- Block, Model Town, Lahore.  Model Town , Lahore",
Dr. Imran Shahid,N/A,Dentist,"Optident Clinic                Shop # 05, 106 East. Asif Plaza, Fazal-ul-haq Road, Blue Area, Islamabad.   , Islamabad",
Dr Abdul Jabbar,N/A,Diabetologists,"Aga khan university hospital                AKUH Consulting Clinic, Stadium Road.  Stadium Road , karachi",
Dr.Sarah Hussain Khattak,N/A,Dentist,"Quaid-e-Azam International Hospital                Dental DepartmentNear Golra Mor, Adjacent Forebels School, Peshawar Road, Islamabad.  Near Golra Mor , Islamabad",
Dr. Azra Rizwan,N/A,Diabetologists,"Aga Khan University Hospital                 CC Nazerali Walji-2, Stadium Road, Karachi.  Stadium Rd , karachi",
Dr. Abdul Qadir,N/A,General Practitioner,"Khawaja Clinic                F-947, New Kararian Satellite Town, Rawalpindi.  Satellite Town , Rawalpindi",
Dr. Tanveer Abbas,N/A,Dentist,"Oral Care Clinic                 Shop # 12, Zaraj Centre, Guraiz II, Rawalpindi.   , Rawalpindi",
Col. (R) Dr. Sabir Mahmood Khan,N/A,Gastroenterology,"Maryam Memorial Hospital                Medicine and Gastroenterology Department Peshawar Road, Rawalpindi.  Peshawar Road , Rawalpindi",
Dr Jawad Sajid,N/A,Cardiologists,"Ittefaq Hospital                H-Block Modal Town, Lahore  Modal Town , Lahore",
Dr Farhat Rasheed,Consultant Head of Department,Gynecologists,"Ittefaq Hospital                 Near H- Block, Model Town, Lahore.  Model Town , Lahore",
Dr Mah Parveen Qazi,N/A,Gynecologists,"Shifa International Hospital                 Sector H-8/4, Islamabad    H-8 , Islamabad",
DR SANAM SOOMRO,N/A,Gynecologists,"FAUJI FOUNDATION MEDICAL CENTER DHARYALA JALAPTown: P.D.KHAN JEHLUM.  P.D.KHAN , Jhelum",
Dr. Bilal,N/A,ENT Specialist,"ENT Clinic                    , karachi",Fee: Rs 500
Dr. Faisal Shafiq Malik,N/A,Dentist,"The Dental Practice                1st Floor Office # 1, Ghulam Rasool Plaza, Opp. Excel Lab, Fazal-e-haq Road, Blue Area, Islamabad.   Blue Area , Islamabad",
Dr. Ahmed Qayyum,N/A,Dentist,"Qayyum Dental Surgery                Jhanda Chichi, Airport Road, Rawalpindi.  Jhanda Chichi , Rawalpindi",
Dr. Muhammad Ishaque Qureshi,N/A,ENT Specialist,"Ali Medical Centre                Kohistan Road, F8 Markaz, Islamabad.  F8 Markaz , Islamabad",
Dr. Aleem Liaqat,N/A,Physiotherapist,"NMRC Rehabilitation Centre                NMRC, opposite to babri mosque, G-10 Markaz, Islamabad.  G-10 markaz , Islamabad",
Dr. Javed Akhtar,N/A,Pain Management Specialist,"Hassan Medical Center                Iqbal Park, Lahore. Cantt.   Iqbal Park, Lahore Cantt , Lahore",Fee: Rs 1500
Dr. Riffat Sultana,N/A,Cardiologists,"National Medical Centre                A-5/A, National Highway, Phase 1, Defence Housing Authority,Near Kala Pul, Karachi.  DHA , karachi",
Consultant cardiologist Dr. Riaz Zulqernain Aslam,N/A,Cardiologist,"Iqra medical complex                  5-A, Jauhar Town، Maulana Shaukat Ali Rd، Lahore.  Johar Town , Lahore",Fee: Rs 1500
Dr. Muhammad Naeem Khan,N/A,General Practitioner,"Naeem Clinic Dental                Clinic Shop # 3, Block 2/B, Feroz Plaza, Khawaja Market, G-9/4, Islamabad.  G-9 , Islamabad",
Amin Yousaf,N/A,Plastic & Aesthetic Surgeon,N/A,N/A
ABDUL REHMAN ALVI,N/A,General Surgeon,"The Aga Khan University Hospital                 Consulting Clinics (JHS Building -Second Floor), Karachi.  Stadium Road , karachi",
Dr Noureen Sabir Chhipa,N/A,Skin Specialists | Dermatologists,"Imam Clinic                ST-5, Block-I, North Nazimabad, Karachi.   North Nazimabad , karachi",
Dr Abdul Waheed,N/A,Cardiologists,"Surraya Azeem Hospital                 Chowk Choubarji Lahore.  Chowk Choubarji , Lahore",
Dr Naseem Akram,N/A,Gynecologists,"National Medical Centre                Korangi Road, Phase 1, DHA, Karachi.  DHA , karachi",
Dr. Sobia Khateeb,N/A,clinical psychology,"Aga Khan health services of Pakistan                 st.92 near IT center G-9/1 Islambad  G-9 , Islamabad",Fee: Rs 2000
Assistant Professor Dr. Asma Ansari,Classified Specialist,Gynecologists,"Armed Forces Institute of Cardiology                Peshawar Rd, Rawalpindi.   Peshawar Road , Rawalpindi",
Dr. Zahoor Ahmad Awan,N/A,Medical Specialist,"Maryam Memorial Hospital                Medicine Department , Rawalpindi.  Peshawar Road , Rawalpindi",
Dr. Muhammad Qamar Masood,N/A,Diabetologists,"Aga Khan University Hospital                Stadium Road, Karachi.  Stadium Road , karachi",
Dr Arshad Chohan,N/A,ENT Specialist,N/A,N/A
Dr. Junaid .A. Peerzadah,N/A,Diabetes and Endocrine,N/A,N/A
Dr. Amir M. Jan,N/A,ENT Specialist,"Capital Clinic                21-E, Huma Plaza, Blue Area, Islamabad.   Blue Area , Islamabad",
Younus,N/A,Dentist,N/A,N/A
Dr. Saqba Hassan Afridi,N/A,Dentist,"Margalla Dental Hospital                Orthodontics Department,Quaid-e-Azam Avenue, Gulrez Phase III, Rawalpindi.  Gulrez Phase III , Rawalpindi",
Maj (R) Dr. Sultan Mehmood Ahmd TI (M),N/A,Child Specialist,"Dental Point                Clinic Gulraiz-6, Opposite Safari Hospital, Inside Gulraiz Gate No 1, Rawalpindi.  Gulraiz-6 , Rawalpindi",
Dr. Bashir Ahmed,N/A,ENT Specialist,"OPD Complex                ENT and Head & Neck Surgery DepartmentJhelum Road, Near Bahria Phase VIII Gate, Sawan, Rawalpindi.   Bahria Phase VIII , Rawalpindi",
Dr Tariq Azam Siddiqui,N/A,Cardiologists,"National Medical Center                A-5/A, National Highway,,Near Kala Pul,, Korangi Road, Karachi.  DHA , karachi",
DR. RASHID JAHANGER,N/A,Pathologist,"G-9 Markaz                Office No. 7, 1st Floor Laraib Centre G9 Markaz Islamabad  Prime Health Labs , Islamabad",
Dr. Aasma tayyab khan,American Certified Aesthetic physician and Laser therapy specialist,Skin Specialists | Dermatologists,"cosmetic laser and skin clinic                house # 1, street # 62.    Sector f-8/4 , Islamabad",Fee: Rs 1500
Dr Lubna Riaz Dar,N/A,Gynecologists,"Shalamar Hospital                Shalimar Link Road, Mughalpura, Lahore.  MughalPura , Lahore",
Dr Farkhanda Qadir,N/A,Gynecologists,"Batool General Hospital                A-197, Block 5, Gulistan-e-Jauhar, Karachi.  Gulistan-e-Jauhar , karachi",
DR ADEEL AHMED,N/A,Oncologist,"Kiran Hospital                   , karachi",
Dr. Naushin Aslam,N/A,Dentist,"Ali Medical Centre                Kohistan Road, F8 Markaz, Islamabad.  F-8 , Islamabad",
Dr. Wisal Khan Babar,N/A,General Practitioner,"Babar Medical Centre                Clinic 3, Sarwar Road, Rawalpindi Cantt.  Sarwar Road , Rawalpindi",
Dr Ikram Ullah Khan,N/A,Skin Specialists | Dermatologists,"Shifa International Hospital                Pitras Bukhari Road, H-8/4, H-8, Islamabad.  H-8 , Islamabad",
Dr. Muhammad Naeem Ul Haque,N/A,Diabetologists,"Aga Khan University Hospital                CC Nazerali Walji-2, A.K.U.H., Stadium Road.  CC Nazerali , karachi",
Dr Zohra Samad,N/A,Gynecologists,"National Medical Center                 A-5/A, National Highway, Phase 1, Defence Housing Authority,Near Kala Pul, Karachi.  DHA , karachi",
Dr. Saba's Skin Clinic,N/A,Skin Specialists | Dermatologists,N/A,N/A
Dr. Behram Khan,N/A,Cardiologists,"Bolan Medical College                12-Khojak House, White Road , Quetta.  White Road , Quetta",
Dr. Shariq Ali Khan,N/A,Dental surgeon,"Sherwani Dental Associates                8 - B Model Town  Model Town , Lahore",Fee: Rs 500
Assisstant Professor Dr. Majid Dastgir,N/A,ENT Specialist,"ENT Department CMH                  Near Attock , Tarbela",Fee: Rs 600
Dr Ghareeb Nawaz,N/A,ENT Specialist,"Khyber Medical Centre                Kohat Road, Lakar Mundi, Peshawar.  Lakar Mandi , Peshawar",
Hamza Khan,N/A,ENT Specialist,N/A,N/A
Dr.Pervaiz Jaffri,Ent specialist,,"ENT clinic                Facility address near ahle hadis masjid in Ifra lab  Pacca Qila hyd , Hyderabad",Fee: Rs 300
Dr Amanullah Memon,N/A,Urologists,"The Aga Khan University Hospital                JHS Building 1st Floor, karachi.    National Stadium Road , karachi",
Dr Hassan Iqbal,"Associate Professor of ENT, Nishtar Medical College",ENT Specialist,"Rehman Medical Complex                Nishtar Road Multan,  Pakistan.  Nishtar Road , Multan",
Dr. zahoor ahmad,N/A,,"Pakistan Rawalway hospital                 lane no#07 street 01 near Westridge,peshawer road  Rawalpindi.  Westridge , Islamabad",Fee: Rs 1000
Dr Jaweed Akhter,N/A,Diabetologists,"The Aga Khan University Hospital                 Stadium Road, Karachi.   , karachi",
Dr Ghazala Sadiq,N/A,Gynecologists,"Quaid-e-Azam International Hospital                Near Golra Morr, Peshawar Road, Islamabad.  Near Golra Mor , Rawalpindi",
Dr Zulfiqar A Butt,Transplant Surgeon,Urologists,"Bilal Hospital                38-A, Satellite Town, Sadiqabad Road, Rawalpindi  Satellite Town , Rawalpindi",
Col. (R) Dr. Asma Khalid SI(M),N/A,Gynecologists,"Maryam Memorial Hospital                Peshawar Road, Rawalpindi.  Peshawar Road , Rawalpindi",
Dr. Junaid .A. Peerzadah,N/A,Diabetes and Endocrine,N/A,N/A
Dr.,N/A,psychologist,"ziauddin Medical University Hospital                Plot No. 33, Behind Kpt Hospital, Keamari,  Karachi, Pakistan.  Ph:(9221) 32851881-5   , karachi",Fee: Rs 1000
Dr. Syed Tauseef-ul-Hassan,N/A,Dentist,"Islamabad Dental Clinic                Civic Centre, G-6, Melody Market, Islamabad.  G-6 , Islamabad",
Dr. Fasih Ullah Mir,N/A,ENT Specialist,"ENT Hospital                A/28 Malir Kalaboard Karachi (opp. Saudabad Police station), Karachi.   Malir Kalaboard  , karachi",
Dr Ghazala Mahmood,N/A,Gynecologists,"Shifa International Hospital                Pitras Bukhari Road, H-8/4, H-8, Islamabad/Rawalpindi.   H-8 , Islamabad",
Dr Prof Ijaz Hussain,N/A,Skin Specialists | Dermatologists,"Hameed Latif Hospital                14- Abu Baker Block New Garden Town, Lahore.  New Garden Town , Lahore",
Dr. Umar Farooq Marwat,N/A,Dentist,"Islamabad Dental Specialists Clinic                  Dental Department.Office No 12-13, 1st Floor, Lords Trading Center, F-11 Markaz, Islamabad.  F-11  , Islamabad",
Dr. Uzair Luqman,N/A,Dentist,"Margalla Dental Hospital                Oral Surgery DepartmentQuaid-e-Azam Avenue, Gulrez Phase III, Rawalpindi.  Gulrez Phase III , Rawalpindi",
Dr. Muhammad Hussain,N/A,"Intensive Care, chest & medical specialist","Masood hospital                Feroz pur road Kalma chowk opposite to Daewoo bus stop    OPD1 , Lahore",Fee: Rs 1500
Consultant Gynaecologist Dr Tayyaba Imran,N/A,Gynecologists,"Ittefaq Hospital                 Near H Block, Model Town, Lahore.  Model Town , Lahore",
Dr. Syed Anis Khalid,N/A,General Practitioner,"Khalid Clinic & laboratory                Sarfaraz Khan Road, Mohalla Waris Khan, Rawalpindi.  Mohalla Waris Khan , Rawalpindi",
Dr. M. Asif Siddiqui,N/A,General Practitioner,"Hamza Clinic                Basement Abdullah Bin Masood Masjid, G-9 Markaz, Karachi Company, Islamabad.  G-9 , Islamabad",
Dr Amin Yousaf,N/A,Plastic & Aesthetic Surgeon,N/A,N/A
Prof Dr Muhammad Amjad,N/A,ENT Specialist,"Mid City Hospital                3-A Shadman II, Jail RoadOpposite Kinaird College, Lahore , Pakistan.	  Shadman II , Lahore",
UMAR NADEEM,N/A,Cardiologists,N/A,N/A
Dr. Abdul Manan Shahid,N/A,Dentist,"Islamabad Dental Specialist                Office No 12-13,1St Floor, Lords Trading Center, F-11 Markaz, Islamabad.  F-11 Markaz , Islamabad",
Dr Shahzad Ali,N/A,Urologists,"A-5/A, National Highway, Phase 1, Defence Housing Authority,Near Kala Pul, Karachi.   DHA , karachi",
Dr Rubina Hussain,N/A,Gynecologists,"Ziauddin Hospital                Ziauddin Hospital, North Nazimabad, Karachi.  North Nazimabad , karachi",
Lt. Col (R) Dr. Saleem Mushtaq Chaudhry,N/A,Anesthesiologist,"Wapda Hospital                Marir Chowk, Rawalpindi.  Marir Chowk , Rawalpindi",
Dr. Riaz Anwar Khan,Associate Professor of Cardiovascular Surgery,Cardiologists,"Lady Reading Hospital                Postgraduate Medical Institute,Lady Reading Hospital, Peshawar.Residence: H No 1 Street No 1, Sector H-1, Phase-II,Hayatabad Peshawar.  Hayatabad  , Peshawar",
Dr Anwar Suhail,N/A,ENT Specialist,"The Aga Khan University Hospital                 JHS Building - Ground Floor, Karachi.    Stadium Road , karachi",
Dr. Muhammad Fahim Awan,N/A,ENT Specialist,"Akram Medical Complex                ENT Department, 2-B, Main Gulberg, Ayesha Sadiqa Road, Lahore.  Main Gulberg  , Lahore",
Dr Mumtaz Lakhani,N/A,Pediatricians,N/A,N/A
Dr Sadia Ahsan Pal,N/A,Gynecologists,"OMI Hospital                Kiyani Shaheed Road, Gazdarabad, Karachi  Gazdarabad , karachi",
Dr Khurshid Shabbir Raja,N/A,Gynecologists,"Shifa International Hospital                Pitras Bukhari Road, H-8/4, H-8, Islamabad/Rawalpindi.   H-8 , Islamabad",
Dr. Hamid Ali,N/A,Dentist,"Oral Care                Clinic: Shop # 12, Zaraj Centre, Gulraiz II, Rawalpindi.  Gulraiz II , Rawalpindi",
Dr Rasheeda Ghaffar,N/A,Gynecologists,"Saifee Hospital                 Block F, North Nazimabad, Karachi.  North Nazimabad , karachi",
Dr Shafqat Hassan,Cardiothoracic Surgeon,Cardiologists,"Patel Hospital                Block 4, Gulshan-e-Iqbal, Karachi.  Gulshan-e-Iqbal , karachi",
Dr. Usman Ahmed,N/A,Dentist,"Margalla Dental Hospital                Orthodontics Dental and Materials Department,Quaid-e-Azam Avenue, Gulrez Phase III, Rawalpindi.  Gulrez Phase III , Rawalpindi",
Dr. Ajmal Osman,N/A,Medical Specialist,"Maryam Hospital                Raja Haq Nawaz Plaza, G-11 Markaz, Islamabad.   G-11  , Islamabad",
Dr Aisha Shaikh,N/A,Diabetologists,"The Aga Khan University Hospital                 CC Nazerali Walji-1Stadium Road, Karachi.  Stadium Rd , karachi",
Brig (R) Muhammad Afzal Naz SI (M),N/A,Ophthalmologist,N/A,N/A
Dr. Anjum Naveed,N/A,ENT Specialist,"The Indus Hospital                 Plot C-76, Sector 31/5,Opposite Darussalam Society, Korangi Crossing, Karachi.   Korangi Crossing , karachi",
Dr Prof Abdul Aziz,N/A,Paediatric,N/A,N/A
Dr. Farooq Ahmed Choudhry,N/A,Dentist,"Capital Dental Clinic                F-4, First Floor Sardar Arcade, Near Bank Alfalah, G-11 Markaz, Islamabad.  G-11 Markaz , Islamabad",
Dr. Syed Mumtaz Ali Shah,N/A,Cardiologists,"Quaid-e-Azam International Hospital                Cardiology Department,Near Golra Mor, Adjacent Forebels School, Peshawar Road, Islamabad.  Near Golra Mor , Islamabad",
ikram khan,N/A,Gynecologists,N/A,N/A
Dr. Fazila zeshan,N/A,Dentist,"Margalla Dental Hospital                Oral & Maxillofacial Surgery DepartmentQuaid-e-Azam Avenue, Gulrez Phase III, Rawalpindi.  Gulrez Phase III , Rawalpindi",
Brig Farrukh Hayat Khan,N/A,Psychiatrist,N/A,N/A
Dr. Zulkifal Awan,N/A,ENT Specialist,"Islamabad ENT Clinic                Shop # 13, Huma Plaza, Fazal-e-Haq Road, (Opp. Polyclinic Hospital), Islamabad.  Fazal-e-Haq Road , Islamabad",
Dr. Sahibzada Mehmood Noor,N/A,Skin Specialists | Dermatologists,"Abaseen Hospital                Dabgari Garden, Peshawar.  Dabgari Garden , Peshawar",
Dr Saeed Ahmed Mahar,N/A,Diabetologists,"MAHAR MEDICAL CENTER                F – 50 A, Block 4, Clifton, Karachi.  Clifton , karachi",
Dr Shaukat Mahmood Hotiana,Laser & Skin Specialist,Skin Specialists | Dermatologists,"Mid City Hospital                3-A Shadman II, Jail RoadOpposite Kinaird College, Lahore.   Shadman ll , Lahore",
Prof. Dr. Muhammad Azeem Aslam,N/A,ENT Specialist,"MaxHealth Hospital                  G-8 Markaz , Islamabad",
Dr. Yousaf Hayat Durrani,N/A,Skin Specialists | Dermatologists,"Said Anwar Medical                 Railway Rd, Peshawar.Mon to Fri 4.00 PM to 7.00 PM  Railway Rd , Peshawar",
Dr Faridullah Khan,N/A,Cardiologists,"Shifa International Hospitals Ltd.                Pitras Bukhari Rd, Islamabad.  Pitras Bukhari Rd , Rawalpindi",
Dr LUBNA ZUBAIR ALAM,N/A,Skin Specialists | Dermatologists,"20/A, Al-Mustafa Homes, Unit No 9, Latifabad, Hyderabad.  Latifabad , Hyderabad",
Dr. Nouman Saleem,N/A,Dentist,"Orthodontic & Cosmetic Clinic                Rajan Plaza, 2-E, Behind shell, Pump, F-10 Markaz, Islamabad.  F-10 , Islamabad",
Abida Jamil,N/A,General Practitioner,N/A,N/A
Dr. Aamir Bilal,N/A,Cardiologists,"AAMIR BILAL CLINIC                 ROOM C 34 C 57 3RD FLOOR KHYBER MEDICAL CENTRE DABGARI GARDENS PESHAWAR.  DABGARI  , Peshawar",
Dr. Waheed Ullah Khan,N/A,Dentist,"The Dental Consultant                Moon Plaza, Airport Road, Opposite Askari 10, Rawalpindi.  Askari 10 , Islamabad",
Dr. Muhammad Nazeef Shah,Ent Surgeon,Dentist,"Nazeef Dental Clinic                Shop # 19-20, 7-B Block, Warriach Plaza, F-10 Markaz, Islamabad.   F-10 Markaz , Islamabad",
Prof. Dr. Shah Muhammad Wazir,Assistant Professor,Skin Specialists | Dermatologists,"Akbar Medical Centre                Dabgari Garden, Peshawar.  Dabgari Garden , Peshawar",
Dr Rahat Najam Qureshi,N/A,Gynecologists,"The Aga Khan University Hospital                 AKUH Consulting Clinic, Stadium Road, Karachi.  Stadium Road , karachi",
Dr. Jamshed Alam,N/A,Medical Specialist,"Citi Clinic                2660, Hall Chowk, Saddar, Rawalpindi.  Saddar , Rawalpindi",
Dr Azam Jah Samdani,N/A,Skin Specialists | Dermatologists,"The Aga Khan Hospital                 JHS Building - Ground Floor, Karachi.   Stadium Rd , karachi",
Dr Azra Batool,N/A,Gynecologists,"Shifa International Hospital                Sector H-8/4, Islamabad.   H-8 , Islamabad",
Dr Amna Subhan Butt,N/A,Gastroenterology,"The Aga Khan University Hospital                Consulting Clinics (JHS Building -Second Floor), Stadium Road, Karachi.  Stadium Road , karachi",
Dr Nadir Anjum,Physiotherapist,Physiotherapist,"Ali Medical Centre                Kohistan Road  F8 Markaz  , Islamabad",
Dr. Adnan Aslam,N/A,Dentist,"Quaid-e-Azam International Hospital                Oral & MaxillofacialSurgery Department Near Golra Mor, Adjacent Froebels International School, Rawalpindi.  Near Golra Mor , Rawalpindi",
Dr. Qaiser Omer,N/A,Dentist,"Margalla Dental Hospital                Operative Dentistry Department,Quaid-e-Azam Avenue, Gulrez Phase III, Rawalpindi.  Gulrez Phase III , Rawalpindi",
Dr. Shaheen Shaheen Wasti,N/A,General Practitioner,"AHL Clinic                AHL Nae Abadi Morga Mor, Rawalpindi.  Morga Mor , Rawalpindi",
Dr. Tariq Mehmood,N/A,Skin Specialists | Dermatologists,"Raazi Hospital                Satellite Town, Rawalpindi.  Satellite Town , Rawalpindi",
Dr Muhammad Musharraf,N/A,Cardiologists,"National Medical Centre                 A-5/A, National Highway,,Near Kala Pul,, Korangi Road, Karachi.  DHA , karachi",
Dr Maryam Malik,N/A,Gynecologists,"Ammar Medical Complex                8-Haroon Shah Scheme, Main Jail Road, Lahore  Main Jail Road , Lahore",
Dr. Farah Aamir,N/A,Skin Specialists | Dermatologists,"Contact Skin Laser and Liposuction Center                48-C-2, Ghalib Road, Gulberg III, Lahore.  Gulberg III , Lahore",
Dr. Faryal Azhar,N/A,General Surgeon,"Maryam Memorial Hospital                Surgery Department, Peshawar Road, Rawalpindi.   Peshawar Road , Rawalpindi",
Dr.Muhammad Amir,N/A,Plastic & Aesthetic Surgeon,N/A,N/A
Dr Aysha Habib Khan,N/A,Endocrinologist,"The Aga Khan University Hospital                 CC Nazerali Walji-1, Karachi.  Stadium Road , karachi",
Dr Mona Aziz,N/A,Hematologist,"276-H2 johar town , Aziz haematology Clinic.  Johar Town , Lahore",
Dr Wajeehuddin,N/A,Paediatric,N/A,N/A
Dr Tayyaba Imran,N/A,Gynecologists,"Ittefaq Hospital                Near H- Block, Model Town, Lahore  Model Town , Lahore",
Dr. Shahina Azam,N/A,Urologists,"Quaid-e-Azam International Hospital                Near Golra Mor, Adjacent Forebels School, Peshawar Road, Islamabad.  Near Golra Mor , Islamabad",
Dr. Umer shah,N/A,General Surgeon,"apple                   , karachi",Fee: Rs 500
Dr. Waqas Anwar,N/A,Child Specialist,"Quaid-e-Azam International Hospital                Near Golra Mor, Adjacent Forebels School, Peshawar Road, Islamabad.  Near Golra Mor , Islamabad",
Dr. Sohail Aslam,Department of Cardiovascular Surgery,Cardiologists,N/A,N/A
Dr Naeem Zafar,N/A,Pediatricians,"Gulberg Hospital                6 - A / K  Gulberg - ll , Lahore",Fee: Rs 1000
Dr Pervaiz Iqbal,N/A,Skin Specialists | Dermatologists,"47- Soldier Bazar, Saddar Hyderabad.  Saddar , Hyderabad",
Dr Shamim Ara,N/A,Skin Specialists | Dermatologists,"Nadeem Medical Center                Gulshan-e-Iqbal, Karachi.  Gulshan-e-Iqbal , karachi",
Dr. Awais Amjad Malik,N/A,Surgical Oncology,"Surgical Oncology                436 Block D2, Johar Town, Lahore, Pakistan.  Horizon Hospital , Lahore",Fee: Rs 2000
Dr. Alia Rasheed,N/A,Anesthesia,"Farooq Hospital                2-Asif Block. Main Boulevard   , Lahore",Fee: Rs 1500
DR Muhammad Saleem,N/A,Skin Specialists | Dermatologists,"Omar Hospital                Jail Road, Lahore Pakistan.  Jail Road , Lahore",
Dr Riaz A. Sheikh,N/A,Skin Specialists | Dermatologists,"Shifa Medical Center                 Savoy Arcade (Next to Standard Chartered Bank),F-11 Markaz, Islamabad  F-11  , Islamabad",
Dr. Uzma Batool,N/A,Gynecologists,"Citi Hospital                  Bahria Town  , Lahore",Fee: Rs 1000
Dr.,N/A,Orthopaedics,"Shaukat khanum hospital                Shaukat khanum hospital   , Lahore",Fee: Rs 2000
Dr. Neurosurgeon,N/A,Neurosurgeon Consultant/Specialist,"Shalimar Hospital                   , Lahore",Fee: Rs 1000
Dr. Muhammad Ayaz Mir,N/A,Hematologist,"Shifa International Hospitals Ltd                Pitras Bukhari Road H-8/4, Islamabad.  H-8/4 , Islamabad",
Dr. Muhammad Yaqub Kazi,N/A,Pediatrician,"Kazi Hospital                21 Temple Road   , Lahore",Fee: Rs 2000
"Dr. Saher 	Zulfikar",N/A,Physiotherapist,"KKT International Orthopedic Spine Center                Bungalow # D-92/I, Adjacent Lane Russian Embassy, Block-4, Clifton, Karachi.  Clifton , karachi",Fee: Rs 1500
Dr. Amer,N/A,Dental surgeon,"Dar Al Shifa Medical & Dental Center                Mezzanine Floor, Plot No.16-C, Commercial Avenue, Khayaban-e-Sehar, Commercial lane 4,   Khayaban-e-Sehar , karachi",
DR ALI ZULQERNAIN,LT COL (R),Psychiatrist,", Sargodha",
Dr Raees Ahsan Mushtaq,Consultant Diabetologist & Endocrinologist,Diabetologists,"Tanwir Ahmed Medical Complex                MM Alam Road Gullberg 3 adjacent to Ziafat Restaurant,Lahore.  Gullberg 3  , Lahore",
Professor  Dr. Fauzia Monnoo Khan,N/A,Gynecologists,"LAHORE HEALTH CARE                194-1 Y DHA Block Lahore.  DHA  , Lahore",
Dr. Ashfaq A. Razzaq,N/A,Neurosurgery and Spine,"The Spine Center                www.thespinecenter.com.pk  South City Hospital , karachi",Fee: Rs 2500
Dr farooq haider qaisrani,Child specialist in multan,Child Specialist,"QMC-Qaisrani medical centre                Jail road ;MDA Chowk Multan   , Multan",
Dr. Raana Anwar,N/A,Obstetrics and gynaecology,"Syed medical complex                Opp.govt islamia jinnah college  Lalazar Chowk ,",Fee: Rs 500
Dr. Masud ur Rehman Kiani,N/A,Cardiologists,"Heart international                610, Peshawar Road, Saddar, Islamabad/Rawalpindi.  Saddar , Rawalpindi",
Dr. Asif Nadeem,Consultant Cardiothoracic Surgery,Cardiologists,"Armed Forces Institute of Cardiology                Peshawar Rd, Rawalpindi.  Peshawar Rd , Rawalpindi",
Dr. Anokhi Khanum,N/A,Pediatricians,"Apple Tree Pediatrics                1-E, Zamzama Commercial Lane 9, Phase 5, DHA  Zamzama , karachi",
Dr. Mahmood S Choudhery,N/A,"Stem Cells, Regenerative Medicine","CellKine Technologies                Wilcare Hospital, 4-% Model town Extension  4-5 Model town Extension , Lahore",Fee: Rs 10000
Dr Farhat Parveen Malik,N/A,Gynecologists,"The Surgical Centre                52-Wes Waheed Plaza, Blue Area, Islamabad.  Blue Area , Islamabad",
Dr. Aamir Rafique,N/A,Skin Specialists | Dermatologists,"Dr.Aamir's Skin & Hair clinic                Rafique ArcadeOld G.T.Road, JhelumPakistan.  Rafique Arcade , Jhelum",
Dr E S Umer Khitab,N/A,Gynecologists,"Valley Clinic                3-11-A/6, Peshawar Road, Rawalpindi.  Peshawar Road , Rawalpindi",
Dr Khusro Sultana,N/A,Gynecologists,"Liaquat National Hospital                National Stadium Rd, Karachi.  Stadium Road , karachi",
Dr. Asif Zia Akhter,N/A,Gynecologists,"Dr Ziauddin Hospital                  4/B, Shahrah-e-Ghalib, Block 6, Clifton, Karachi.  Clifton , karachi",
Dr Naeem Ahmed,N/A,Urologists,"Fidai Consulting Clinic & Surgery Centre                Rehmat Square, Block 7, F. B. Area, Karachi.  Federal B Area , karachi",
Dr Ghazanfar Ilahi,N/A,Skin Specialists | Dermatologists,"Shalamar Hospital                 Shalimar Link Road, Moghalpura, Lahore.  Moghalpura , Lahore",
Dr. Asad Pathan,N/A,Cardiologists,"D.H.A Medical Center                 P-38 / A, 10th Street, Khayaban-e-Rahat, Street # 10, Phase-VI, DHA Karachi.  DHA , karachi",
Dr. Saeed Akhter,N/A,ENT Specialist,"National Medical Centre                A-5/A, National Highway, Phase 1, Defence Housing Authority,Near Kala Pul, Karachi.  DHA  , karachi",
Dr Bilqees Fatima,N/A,Gynecologists,"Fatima Memorial Hospital                Shadman, Lahore.  Shadman , Lahore",
Dr. Samiullah Assistant Professor,N/A,Skin Specialists | Dermatologists,"Ali Medical Center                Hospital Rd, Peshawar.  Hospital Rd , Peshawar",
Dr Salal Ahmed,N/A,Diabetologists,"Liaquat National Hospital                National Stadium Rd, Karachi.  Stadium Rd , karachi",
Dr Farkhanda Naheed Bhatti,N/A,Gynecologists,"Margalla Welfare Hospital, Pirwadhai.  Pirwadhai , Rawalpindi",
Dr Jamal Abdul Nasir,N/A,Cardiologists,"Ittefaq Hospital (Trust)                Near H Block, Model Town,Lahore.  Model Town , Lahore",
Dr Syed Imran Ahmad,N/A,Cardiologists,"Ziauddin Hospital                 4/B, Shahrah-e-Ghalib, Block 6, Clifton, Karachi.  Clifton , karachi",
Dr. Humera Mushtaq,N/A,Gynecologists,"Baqai Hospital                111-B, 1/8, Nazimabad no 3, Karachi.  Nazimabad No 3 , karachi",
Dr. Abubakar Sheikh,N/A,Cardiologists,"Aga Khan University Hospital                CC Nazerali Walji-2, Karachi.   Walji-2 , karachi",
Dr Nasir Sulaiman,N/A,Urologists,"AKUH Consulting Clinic                AKUH Consulting Clinic, Stadium Road.  Stadium Road , karachi",
Dr Shakira Parveen,N/A,Gynecologists,"Usman Memorial Hospital                St. 12, Block-1, Federal B Area, Karachi.	  Federal B Area , karachi",
Dr SAJIDA MUNIR SIDDIQUE,N/A,Gynecologists,"B-19, C.D.F, Hospital, Hyderabad.  Cmh Road , Hyderabad",
Dr Syed Saeed Abidi,N/A,Urologists,"Abbasi Shaheed Hospital                Nazimabad No.7, Karachi.  Nazimabad , karachi",
Dr Yasmeen Mehmooda,N/A,Gynecologists,"Medics, 61-A, Jinnah Avenue, Blue Area, Islamabad/Rawalpindi   , Islamabad",
Dr Saadia Tabassum,N/A,Skin Specialists | Dermatologists,"The Aga Khan Hospital                 JHS Building - Ground Floor, Karachi.   Stadium Rd , karachi",
Dr. Ghias Un Nabi Tayyab,N/A,Gastroenterology,"Doctors Hospital                 152-G/1, Canal Bank, Johar TownLahore.  Johar Town , Lahore",
Dr Azhar,N/A,ENT Specialist,"Al-Qaim Hospital                B-Block, Rawalpindi.  Satellite Town , Rawalpindi",
Dr Ahmad Shakeel Rizvi,N/A,ENT Specialist,"Fauji Foundation Hospital                 Badian Road, Lahore Cantt, Lahore.  Lahore Cantt , Lahore",
Dr Muhammad Amjad Noor,N/A,Urologists,"Hill Park General Hospital                Block-3, Shaheed-e-Millat Road, Karachi.Tue, Thu & Sat 4 PM-6 PM	  Federal B Area , karachi",
Dr Farah Naz,N/A,Gynecologists,"DHA Medical Centre                DHA Medical Centre, Street 10, Phase 6, DHA, Karachi.  DHA , karachi",
Dr Ajmal Hassan,N/A,Cardiologists,"Kanan Clinic 121-Shadman 1 Lahore,  Shadman , Lahore",
Dr Samina Naz,N/A,Gynecologists,"Murshid Hospital and Health Care Centre                Hub River Road, Mujahidabad, Karachi,  Mujahidabad  , karachi",
Dr Murtaza Ahsan Ansari,N/A,ENT Specialist,"Zainab Panjwani Memorial Hospital                Mohammad Ali Habib Rd, Gazdarabad, Katrak Parsi Colony, Karachi.  Gazdarabad , karachi",
Dr. Hassan Iqbal,N/A,ENT Specialist,"Al-Raheem Hospital                Nawan Shehr, Multan.  Nawan Shehr , Multan",
Dr Rehana Hameed,N/A,Gynecologists,"Ali Medical Centre                Main Markaz, Sector F - 8, Islamabad.  F-8 , Islamabad",
Dr Mohammad Aslam,N/A,Urologists,"Saifee Hospital                ST-1, Block-F, North Nazimabad, Karachi.   North Nazimabad , karachi",
Dr Asma Gul,N/A,Gynecologists,"Rasheed Hospital                Main Boulevard, Main Defence Road, Lahore.  Main Defence Road , Lahore",
Dr. Rafia Qureshi,N/A,Gynecologists,"Burhani Diagnostic Center                 Mezzanine Floor, Jaffer Plaza,Mansfield Street,Saddar,Karachi.  Saddar , karachi",
Dr Imran Ahmed,N/A,Diabetologists,"Cardex Hospital                3 - A, Jail Road, Lahore.  Jail Road , Lahore",
Dr Azher Hameed,N/A,ENT Specialist,"Bismillah Hospital                Opp Mazang Police Station, Temple Road, Mazang, Lahore  Mazang , Lahore",
Dr Farhana Raza,N/A,Gynecologists,"ORTHOPAEDIC & MEDICAL INSTITUTE (PRIVATE) LIMITED                89/1 DEPOT LINES, KARACHI.  DEPOT LINES , karachi",
Dr Shagufta Shafi,N/A,Skin Specialists | Dermatologists,"Sir Ganga Ram Hospital                Queens Road, Mazang, Lahore.  Queens Road , Lahore",
Dr NADEEM IQBAL,N/A,Diabetologists,"Diabetologist Heart Care Clinic                Unit No 2, Latifabad, Hyderabad.  Latifabad , Hyderabad",
Dr Faisal Tasleem,N/A,Urologists,"Al-Shafi Hospital                15-Gulshan Block, Main Bouleward, Allam Iqbal Town, Lahore.Daily 7 PM-9.30 PM	   Allam Iqbal Town , Lahore",
Dr. Mohammad Ali Khan,N/A,ENT Specialist,"AKHTAR EYE HOSPITAL                 FL-1 ( 4/C ), Block 5, Rashid Minhas Road. Gulshan-e-Iqbal Karachi.  Gulshan-e-Iqbal , karachi",
Dr. Alia Bashir,Consultant Gynaecologist,Gynecologists,"Doctor's Hospital                 152-G/1, Canal Bank, Johar TownLahore.  Johar Town , Lahore",
Dr. Shaista Asad,N/A,Gynecologists,"Zainab Panjwani Memorial Hospital                Mohammadali Habib Road, NumaishKarachi.  Numaish , karachi",
Dr Farrukh Zaman,N/A,Gynecologists,"Rabbani Hospital                20 - West Wood Colony, Thokar Niaz Baig, Lahore.  Thokar Niaz Baig , Lahore",
Dr Tasneem Hameed,N/A,Gynecologists,"Ittefaq Hospital Trust                Near H Block, Model Town, Lahore.  Model Town , Lahore",
Dr Prof Rana Manzoor,N/A,Skin Specialists | Dermatologists,"Al-Shafi Hospital                15-Gulshan Block, Main Bouleward, Allam Iqbal Town, Lahore.  Allam Iqbal Town , Lahore",
Dr Amir ijaz,N/A,Orthopaedics,"Ittefaq Hospital                 Near H Block, Model Town,Lahore  Model Town , Lahore",
Dr. Shumaila Mubashir,N/A,Gynecologists,"Get Well Hospital                Bela Road, G-10, Islamabad/Rawalpindi.  G-10 , Islamabad",
Dr Mohammad Yahya,N/A,Cardiologists,"Surgimed Hospital                Zafar Ali Rd, Lahore.  Zafar Ali Road  , Lahore",
Dr RAIS-UDDIN SIDDIQUE,N/A,ENT Specialist,"Doctor's Line, Saddar, Hyderabad.  Saddar , Hyderabad",
Dr Tahir H Malik,N/A,Diabetologists,"National Hospital &Medical Centre                132 / 3, L - Block, Phase 1, D.H.A, Lahore Cantt.  Lahore Cantt , Lahore",
Dr. Syeda Yasmeen Hassan,N/A,Hematologist,"Sindh Institute of Urology and Transplantation                Chand Bi Bi Road, Civil Hospital, Karachi.  Chand Bi Bi Road , karachi",
Dr Shagufta Shaheen,N/A,Gynecologists,"Zainab Panjwani Memorial Hospital                Mohammad Ali Habib Road, Numaish, Karachi.  Numaish , karachi",
Dr Tassawar Mirza Hussain,N/A,Gynecologists,"Al-Qaim Hospital                4th-B Road, Satellite Town, Islamabad/Rawalpindi.  Satelite Town , Rawalpindi",
Dr Farhat Abbas,N/A,Skin Specialists | Dermatologists,"Al-Qaim Hospital                Satellite Town, Rawalpindi.  Satellite Town , Rawalpindi",
Dr Fauzia Haq Nawaz,N/A,Gynecologists,"AKUH Consulting Clinic, Stadium Road, karachi.    , karachi",
Dr Abdul Aziz Memon,N/A,General Surgeon,"Murshid Hospital & Health Care Centre                Hub River Road, Mujahidabad,Karachi.  Mujahidabad , karachi",
Dr SHAHID JAMIL AHMED,N/A,Skin Specialists | Dermatologists,"Khawaja Consulting Chamber, Near Jama Masjid, Saddar, Hyderabad.  Saddar , Hyderabad",
Prof. Dr. Shamsa Rizwan,Consultant Obstetrician & Gynecologist,Gynecologists,"Shifa Medical Center                 Savoy Arcade (Next to Standard Chartered Bank),F-11 Markaz, Islamabad.  F-11 Markaz , Islamabad",
Dr Hamid Zaki,N/A,Skin Specialists | Dermatologists,"Dr. Ziauddin Hospital                Block-B, North Nazimabad, Karachi.   North Nazimabad , karachi",
Dr. Muhammad Asim Anwar,N/A,Gastroenterology,"Bilal Hospital                38-A, Satellite Town, Sadiqabad Road, Rawalpindi.  Satellite Town , Rawalpindi",
Dr. Tanwir Khaliq,N/A,General Surgeon,"Ali Hospital                ,ospital Surgery5-C, I-9 Markaz, Islamabad.   I-9 , Islamabad",
Dr M A Cheema,N/A,Cardiologists,"Surraya Azeem Hospital                5-Bahawalpur Road, Chowk Choubarji Lahore.  Choubarji  , Lahore",
Dr Hafiz M Aslam,N/A,Skin Specialists | Dermatologists,"Balauch Hospital                Allama Iqbal Road Mustafabad Saddar Lahore.  Mustafabad  , Lahore",
Dr ALTAF TALPUR,N/A,Urologists,"Saddar, Hyderabad.  Saddar , Hyderabad",
Dr Haleema Hashmi,N/A,Gynecologists,"Liaquat National Hospital                National Stadium Road,Karachi.  Stadium Road , karachi",
Dr Naheed Bano,N/A,Gynecologists,"Saidpur Road, Satelite Town, Rawalpindi.  Satelite Town , Rawalpindi",
Dr Prof Arif Ur Rehman Khan,N/A,Cardiologists,"OMI Hospital                Kiyani Shaheed Road, Gazdarabad, Karachi.  Gazdarabad , karachi",
Dr Daniyal Rashid,N/A,ENT Specialist,"Hearts International Hospital                192-A The Mall Road, Rawalpindi.  The Mall Road , Rawalpindi",
Dr Humaira Jamal,N/A,Gynecologists,"National Medical Centre                Korangi Road, Phase 1, DHA, Karachi.  DHA , karachi",
ASIF ALI IMAM,N/A,Allergy Specialist,"CC Nazerali Walji-2, Karachi.  Walji-2  , karachi",
Dr Rashida Ghaffar,N/A,Gynecologists,"Saifee Hospital                 ST-1, Block-F, North Nazimabad, Karachi.   North Nazimabad , karachi",
Dr ZAFAR S.KHAN,N/A,ENT Specialist,"Kashana-e-Aidi, Jail Road, Hirabad, Hyderabad.  Hirabad , Hyderabad",
Dr Takween Nawaz,N/A,Gynecologists,"Ali Medical Centre (PVT) Ltd                Main Markaz, Sector F - 8, Islamabad.  F-8 , Islamabad",
Dr. Aftab Ahmed Choudhary,N/A,General Surgeon,"Doctors Hospital                 152-G/1, Canal Bank, Johar TownLahore.  Johar Town , Lahore",
Dr Iffat Saleem,N/A,Gynecologists,"Fatima Memorial Hospital                Main Boulevard, Phase 2, Shadman, Lahore.  Shadman , Lahore",
Dr Zulfiqar Ali,N/A,ENT Specialist,"Kashmir Medical Centre                Near Khyber Plaza, Blue Area, Islamabad.  Blue Area , Islamabad",
Dr Parveen Irshaduddin,N/A,Gynecologists,"The Aga Khan University Hospital                 AKUH Clifton Medical Services, Karachi.   Clifton , karachi",
Dr Shamsa Zafar,N/A,Gynecologists,"Private Clinic I-9, Markaz, Islamabad.  I-9 , Islamabad",
Dr Mussarat Omar,N/A,Gynecologists,"Kulsoom Nursing Hospital                 Chera Chowk, Kari Road, Sadiqabad, Rawalpindi.   Sadiqabad , Rawalpindi",
Dr Sumbul Sohail,N/A,Gynecologists,"Dr Ziauddin Hospital                  4/B, Shahrah-e-Ghalib, Block 6, Clifton, Karachi.  Clifton , karachi",
Dr Altaf Riffat,N/A,Gynecologists,"Kaleem Hospital                18 - L, Model Town Ext, Lahore.  Model Town  , Lahore",
Dr. Ali Jawad,N/A,Diabetologists,"Jinnah Hospital                Alama Shabbir Ahmed Usmani Road, Lahore.  Alama Shabbir Ahmed Usmani Road , Lahore",
Prof Dr. Haider Zaman,Chief Cardiac Surgeon,Cardiologists,"City Health Care Services (Pvt) Ltd                Peer Khursheed Colony Road, Multan.  Peer Khursheed Colony Road , Multan",
Dr Mohammad Jahangir,N/A,Skin Specialists | Dermatologists,"Kaleem Hospital                 Shalimar Link Road Lahore.   Shalimar Link Road , Lahore",
Dr Prof Mohammad Ajmal,N/A,ENT Specialist,"Bilal Hospital                38-A, Satellite Town, Sadiqabad Road, Rawalpindi.  Satellite Town , Rawalpindi",
Dr Nusrat Malik,N/A,Gynecologists,"Al-Shafi Hospital                15-Gulshan Block, Main Bouleward, Allama Iqbal Town, Lahore.Daily	7-9 PM	  Allama Iqbal Town , Lahore",
Dr Zafar Iqbal,N/A,ENT Specialist,"Al-Malik Laser Surgery                Al-Malik Laser Surgery, Central Hospital Stop, Murree Road, Saddar, Islamabad/Rawalpindi.  Saddar , Rawalpindi",
Dr Israr Ahmed,N/A,ENT Specialist,"Sarwat Anwar Medical Complex                02 - Tariq Block, New Garden Town, Lahore.  New Garden Town , Lahore",
Dr Nadeem Zuberi,N/A,Gynecologists,"The Aga Khan University Hospital                 AKUH Consulting Clinic, Stadium Road, Karachi.   Stadium Road , karachi",
Dr. Haroon Rasul,N/A,Cardiologists,"Doctors Hospital                 152-G/1, Canal Bank, Johar Town, Lahore.   Johar Town , Lahore",
Dr Abdul Basit,N/A,Diabetologists,"Baqai Institute of Diabatology & Endocrinology                 51, Deh Tor, Gadap Road,Near Toll Plaza, Super Highway, Karachi.  Deh Tor , karachi",
Dr Zakir Alavi,N/A,Diabetologists,"Liaquat National Hospital                National Stadium Rd, Karachi.  Stadium Road , karachi",
Dr Mehreen Mujtaba,Associate Consultant Dermatologist,Skin Specialists | Dermatologists,"Shifa Medical Center                 Savoy Arcade (Next to Standard Chartered Bank),F-11 Markaz, Islamabad.  F-11 , Islamabad",
Dr. Shafqat Hasan,N/A,Cardiologists,"Patel Hospital                T-18, Block-4, Gulshan-e-Iqbal, Karachi.  Gulshan-e-Iqbal , karachi",
Dr Mohammad Saeed,N/A,Skin Specialists | Dermatologists,"Saira Memorial Hospital                 1 -M, Civic Centre Modal Town Ext, Lahore.  Modal Town Extension , Lahore",
Dr. Muhammad Waseem,Consultant Cardiac Surgeon,Cardiologists,"Armed Forces Institute of Cardiology                Peshawar Rd, Rawalpindi.   Peshawar Rd , Rawalpindi",
Dr. Khalid Rasheed,Cardiothoracic Surgeons,Cardiologists,"Tabba Heart Institute                Block 8, Fedral B Area, Karachi.   Fedral B  , karachi",
Dr Romana Rauf,N/A,Gynecologists,"Qureshi Medical Centre                Sector-2, Khyiaban-E Sir Syed, Islamabad.  Khyiaban-E Sir Syed , Rawalpindi",
Dr. Shamsunnisa Sadia,N/A,Gynecologists,"Maryam Memorial                 Peshawar Road, Rawalpindi.  Peshawar Road , Rawalpindi",
Dr  Tayyaba Naseer,N/A,Gynecologists,"Murshid Hospital & Health Care Centre                Hub River Road, Mujahidabad, Karachi.  Mujahidabad , karachi",
Dr. Mumtaz Rasul Malik,N/A,Gastroenterology,"Al-Hassan Surgical & Medical Center                Al-Hassan Surgical &  Near M C Office Samundri City Distt. Faisalabad.  Samundri City  , Faisalabad",
Dr Abdul Jabbar Pirzada,N/A,Urologists,"Liaquat National Hospital                National Stadium Road, Karachi.    National Stadium Road , karachi",
Dr Habiba Sharaf Ali,N/A,Gynecologists,"Ziauddin Medical University & Hospital                 North Nazimabad, Karachi.  North Nazimabad , karachi",
Dr Ayesha Khatoon,N/A,Gynecologists,"Usman Memorial Hospital                St. 12, Block-1, Federal B Area, Karachi.   Federal B Area , karachi",
Dr Afia Ansar,N/A,Gynecologists,"National Medical Centre                A-5/A, National Highway,,Near Kala Pul,, Korangi Road, Karachi  DHA  , karachi",
Dr Shamim Ahmed,N/A,Skin Specialists | Dermatologists,"Saifee Hospital                St-1, Block-F, North Nazimabad, Near Chase-up Department Store, Karachi.   North Nazimabad , karachi",
Dr Riffat Jalil,N/A,Gynecologists,"Usman Memorial Hospital                St. 12, Block-1, Federal B Area, Karachi.  Federal B Area , karachi",
Dr Arif Tajamal Khan,N/A,Gynecologists,"First Medical                934, Maulana Shaukat Ali Road, Block B, Faisal Town, Lahore.  Faisal Town , Lahore",
Dr Nighat Shah,N/A,Gynecologists,"The Aga Khan University Hospital                 AKUH Consulting Clinic 4, Stadium Road, Karachi.   , karachi",
Dr Irfan Ahmed,N/A,ENT Specialist,"Hearing Centre                 The Clinic, 965/B, Near Haidry Chowk Saidpur, Rawalpindi.  Saidpur , Rawalpindi",
Dr Jamshaid Butt,N/A,Skin Specialists | Dermatologists,"Shalimar Hospital                Shalimar Link Road, Mughalpura, Lahore.  MughalPura , Lahore",
Dr Amna Memon,N/A,Gynecologists,"Liaquat University of Medical & Health Sciences                Jamshoro, Sindh.  Jamshoro , Hyderabad",
Dr Nida Najmi,N/A,Gynecologists,"The Aga Khan University Hospital                 Consulting Clinic 4, Stadium Road, Karachi.   Stadium Road , karachi",
Dr Atif Sharif,N/A,ENT Specialist,"Al-Qaim Hospital                B-Block, Rawalpindi.  Satellite Town , Rawalpindi",
Dr Brig.(R) Ghulam Murtaza,N/A,Skin Specialists | Dermatologists,"Bilal Hospital                38-A, Satellite Town, Sadiqabad Road, Rawalpindi.  Satellite Town , Rawalpindi",
Dr Zubaida,N/A,Gynecologists,"Memon Medical Institute and Hospital                Hyder Buksh Gabol Road, Safoora Chowrangi, K.D.A., Scheme 33, Karachi.  Safoora Chowrangi , karachi",
Dr M Atta Khan,N/A,Diabetologists,"Aga Khan University Hospital                AKUH Consulting Clinic, Stadium Road, Karachi.  Stadium Rd , karachi",
Dr Syed Qazi Muzaffar Alam,N/A,ENT Specialist,"Bilal Hospital                38-A, Satellite Town, Sadiqabad Road, Rawalpindi.  Satellite Town , Rawalpindi",
Dr Mohammad Ziauddin,N/A,Skin Specialists | Dermatologists,"Dermacare clinic lahore                144 Zafar Ali Rd, Lahore   Zafar Ali Rd , Lahore",
Dr Ghazala Aziz,N/A,Skin Specialists | Dermatologists,"National Medical Centre                 A-5/A, National Highway, Near Kala Pul,, Korangi Road, Karachi.  Korangi Road , karachi",
Dr Bushra Saeed,N/A,Gynecologists,"Shalamar Hospital                Shalimar Link Road, Mughalpura, Lahore.  Mughalpura , Lahore",
Dr. Farah Naz,N/A,Gynecologists,"DHA Medical Centre                P-38 / A, 10th Street, Khayaban-e-Rahat, Street # 10, Phase-VI, DHA.  DHA , karachi",
Dr Huma Ahmed,N/A,Gynecologists,"Ziauddin Hospital                Cifton, 4/B, Shahrah-e-Ghalib, Block 6, Clifton, Karachi.  Clifton , karachi",
Dr Farhana Saeed,N/A,Gynecologists,"Shalamar Hospital                Shalimar Link Road, Mughalpura, Lahore.  MughalPura , Lahore",
Dr Raheel Hussain,N/A,Cardiologists,"Burhani Hospital                Tayebjee Road, Gari Khata, Hassan Ali Effendi Road, Karachi.  Gari Khata , karachi",
Dr.Nelofar Saleem,N/A,Gynecologists,"Bilal Hospital                38-A, Satellite Town, Sadiqabad Road, Rawalpind.  Satellite Town , Rawalpindi",
Dr Ghulam Saqlain,N/A,ENT Specialist,"Ali Hospital                9-E, Huma Plaza, Opp Polyclinic Blue Area, Islamabad.  Blue Area , Islamabad",
Dr. Zafar Mahmood,N/A,ENT Specialist,"Patel Hospital                ST-18, Block-4 , Gulshan-e-Iqbal, Karachi.   Gulshan-e-Iqbal , karachi",
Dr Seemi Bibi,N/A,Gynecologists,"9-Saba Commercial, Abdullah Town Houses, Main Wadhu Wah Road, Qasimabad, Hyderabad.  Qasimabad , Hyderabad",
Dr Zarina Zaidi,N/A,Gynecologists,"Main Defence Road                Main Boulevard, Main Defence Road, Lahore.  Rasheed Hospital , Lahore",
Dr Iftikhar Ahmad,N/A,Skin Specialists | Dermatologists,"Skin Care Clinic                19, Faiz Road, Block C, New Muslim Town, Lahore.  New Muslim Town , Lahore",
Dr Uroosa Khatoon,N/A,Gynecologists,"Dr Ziauddin Hospital                 Block B, North Nazimabad, Karachi.   North Nazimabad , karachi",
Dr Waseem Imran Sheikh,N/A,Skin Specialists | Dermatologists,"Hussain Clinic                BB 372/A T B HOSPITAL ROAD RAWALPINDI.  T B HOSPITAL ROAD , Rawalpindi",
Dr Amber Waris,N/A,Gynecologists,"Waris Clinic                56 / E, Maulana Shaukat Ali Road, Johar Town, Lahore.  Johar Town , Lahore",
Dr Rashid A Chaudhary,N/A,Skin Specialists | Dermatologists,"Shifa International Hospital,                Pitras Bukhari Road, H-8/4, H-8, Islamabad.  H-8 , Islamabad",
Dr. Maria Wasti,N/A,Skin Specialists | Dermatologists,"Ali Medical Centre                Kohistan Road, F8 Markaz, Islamabad.  F-8 , Islamabad",
Dr Khalid Mehmood,N/A,Skin Specialists | Dermatologists,"United Christian Hospital Main Boulevard Gulberg lll, Lahore.  Gulberg 3 , Lahore",
Dr Nabila Yusuf,N/A,Skin Specialists | Dermatologists,"Hayat Specialist Clinic                 Saddar Bazar,Lahore, Punjab, Pakistan.  Saddar Bazar , Lahore",
Dr Tariq Mehmood,N/A,Skin Specialists | Dermatologists,"Bilal Hospital                38-A, Satellite Town, Sadiqabad Road, Rawalpindi.  Satellite Town , Rawalpindi",
Dr M Jahangir,N/A,Skin Specialists | Dermatologists,"Kanan Clinic                121, Main Boulevard, Shadman, Lahore.  Shadman  , Lahore",
Dr Riaz Mehmood Malik,N/A,Skin Specialists | Dermatologists,"Chaudhry Rehmat Ali Memorial Trust Hospital                Ch Rahmat Ali Road, Block B1, Phase AII, Township, Lahore.  Township , Lahore",
Dr. Ambreen Khan,N/A,Gynecologists,"D.H.A Medical Center                 P-38 / A, 10th Street, Khayaban-e-Rahat, Street # 10, Phase-VI, DHA, Karachi.  DHA Phase-VI , karachi",
Dr Abdul Baqi,N/A,Cardiologists,"The Aga Khan Universiy hospital                 CC Nazerali Walji-2, Karachi.  Walji-2 , karachi",
Dr. Amer Latif,Hepatobiliary & Liver Transplant,Liver Transplant Surgeon,"Doctors Hospital                 152-G/1, Canal Bank, Johar TownLahore.  Johar Town , Lahore",
Dr Amanullah Khan,N/A,ENT Specialist,"Rasheed Hospital                Main Boulevard, Main Defence Road, Lahore.   Main Defence Road , Lahore",
Dr Sabreena Sohail,N/A,Skin Specialists | Dermatologists,"Sabrina Sohail 20 - Main Wahdat Road, Lahore.  Wahdat Road , Lahore",
Dr Nargis Waqar,N/A,Gynecologists,"National hospital & Medical Center DHA Lahore                  Model Town , Lahore",
Dr Lubna Zubair,N/A,Gynecologists,"Itefaq Hospital                Near H- Block, Model Town, Lahore.   Model Town , Lahore",
Dr Ehsan Ali,N/A,ENT Specialist,"Al - Shafi Hospital                Allama Iqbal Town, Lahore.   , Lahore",
Dr Muhammad Musharraf,N/A,Cardiologists,"National Medical Centre                A-5/A, National Highway, Phase 1, Defence Housing Authority,Near Kala Pul, Karachi.  DHA , karachi",
Dr Ashraf Kamaruddin,N/A,Gynecologists,"Zainab Panjwani Memorial Hospital                Mohammad Ali Habib Road, Numaish, Karachi.  Numaish , karachi",
Dr Naheed Sultana,N/A,Gynecologists,"Sughra Bilques Memorial Hospital                12, H/2, G-8 Markaz, Islamabad.  G-8 , Islamabad",
Dr Saeeda Ashraf Malhi Brig (Retd),N/A,Gynecologists,"Anwar Hospital                Peshawar Road, Islamabad/Rawalpindi  Peshawar Road , Rawalpindi",
Dr Waseem Sheikh,N/A,Gynecologists,"Al-Qaim Hospital                B-Block, Satellite Town, Rawalpindi.  Satellite Town , Rawalpindi",
Dr Hamida Zafar Bukhari,N/A,Gynecologists,"Zeb Medical Centre                Saidpur Road, Islamabad.  Saidpur Road , Rawalpindi",
Dr Azra Rizwan,N/A,Endocrinologist,"The Aga Khan University Hospital                CC Nazerali Walji-1, Karachi.  Stadium Road , karachi",
Dr Tariq Rasheed,N/A,Skin Specialists | Dermatologists,"Farooq Hospital                Main Boulevard Allama Iqbal Town, Lahore .  Allama Iqbal Town , Lahore",
Dr M Saleem Qureshi,N/A,Diabetologists,"The Diabetes and Liver Clinic                11 Block F-6/2, Hill Road, F-6, Islamabad/Rawalpindi.  F-6 , Islamabad",
Dr Urooj Malik,N/A,Gynecologists,"Dr Ziauddin Hospital                 Plot No. 33, Behind Kpt Hospital, Keamari,Karachi.  Keamari , karachi",
Dr Asad Saeed,N/A,Diabetologists,"Shaukat Khanum Memorial Cancer Hospital                7A Block R-3,، M.A. Johar Town، Lahore  Johar Town , Lahore",
Dr Saleem Malik,N/A,Gynecologists,"Shaukat Khanum Memorial Cancer Hospital and Research Centre                7A Block R-3,، M.A. Johar Town، Lahore.  Johar Town , Lahore",
Dr. Khurshid Khan,Associate professor of Medicine / Endocrinology,Diabetologists,"Doctors Hospital                 152-G/1, Canal Bank, Johar Town,Lahore .  Joha , Lahore",
Dr Ihsan Ali,N/A,ENT Specialist,"Sarwat Anwar Medical Complex                02 - Tariq Block, New Garden Town, Lahore.  New Garden Town , Lahore",
Dr Luqman Ahmad,N/A,Skin Specialists | Dermatologists,"Ubaida Sardar Memorial Hospital                Shalimar Link Road, Mughalpura, Lahore.  MughalPura , Lahore",
Dr Asadullah Lone,N/A,ENT Specialist,"Ittefaq Hospital, H - Block, Model Town, Lahore.  Model Town , Lahore",
Dr Mumtaz Uddin Haider,N/A,Urologists,"DHA Medical Center                 P-38 / A, 10th Street, Khayaban-e-Rahat, Street # 10, Phase-VI, DHA, Karachi.   DHA Phase-VI , karachi",
Dr Shabina Mirza,N/A,Skin Specialists | Dermatologists,"D.H.A Medical Center                 P-38 / A, 10th Street, Khayaban-e-Rahat, Street # 10, Phase-VI, DHA, Karachi.  DHA Phase-VI , karachi",
Dr Muhammad Tufail,N/A,Urologists,"Memon Medical Institute Hospital                 Hyder Buksh Gabol Road,Safoora Goth, Karachi.  Safoora Goth , karachi",
Dr Shahida Mansoor,N/A,Gynecologists,"Zoha Nursing Home                 Homepage, 251-A/1, Iftikhar Janjua Road, Rawalpindi.  Iftikhar Janjua Road , Rawalpindi",
Dr Ahmad Fawad,N/A,Urologists,"Dr. Ziauddin Hospital                 Block-B, North Nazimabad, Karachi.    North Nazimabad , karachi",
Dr Shaheen Kausar,N/A,Gynecologists,"Ittefaq Hospital Trust                Near H Block, Model Town, Lahore.   Model Town , Lahore",
Dr. Hina,N/A,Gynecologists,"Institute Of Surgery & Medicine Hospital                Agha Khan III Road, Garden East, Saddar Town, Karachi.  Saddar Town , karachi",
Dr M.SHAFI SHAIKH,N/A,ENT Specialist,"Near Hassan X-Ray, Hirabad, Hyderabad.  Hirabad , Hyderabad",
Dr Mahmooda Masood,N/A,Gynecologists,"Fatima Hospital                407-B, Satelite Town.  Satellite Town , Rawalpindi",
Dr Farah Naz Raza,N/A,Gynecologists,"Shalamar Hospital                Shalimar Link Road, Mughalpura, LahoreDaily+9242-36817857+9242-36814715-18  Mughalpura , Lahore",
Col. (R) Dr. Babar Afzal,N/A,Anesthesiologist,"Bilal Hospital                 38-A Satellite Town, Sadiqabad Road, Rawalpindi.  Satellite Town , Rawalpindi",
Dr. Sobia Shahzad,N/A,General Practitioner,"OPD Complex                Jhelum Road, Near Bahria Phase VIII Gate, Sawan , Rawalpindi.  Sawan , Rawalpindi",
Dr Samar Amin,N/A,Gynecologists,"Zainab Panjwani Memorial Hospital                Mohammadali Habib Road, Numaish, Karachi.    , karachi",
Dr. Syed Nazir Hussian,N/A,Diabetologist,"abu                dldskenwk3242sdaasda  Faisal Town , Lahore",Fee: Rs 5000
Prof. Dr. Muhammad Ajmal,N/A,ENT Specialist,"Bilal Hospital                38-A, Satellite Town, Sadiqabad Road, Rawalpindi.  Satellite Town , Rawalpindi",
Dr Shahid A Sami,N/A,Cardiologists,"AKUH Consulting Clinic                AKUH Consulting Clinic, Stadium Road. Karachi   Stadium Road , karachi",
Dr Amber Malik,N/A,Cardiologists,"Kanan Clinic                121, Phase-2, Main Boulevard, Shadman, Lahore.  Shadman , Lahore",
Dr Khalida Waheed,N/A,Gynecologists,"Ali Medical Centre (PVT) Ltd, Main Markaz, Sector F - 8, Islamabad.   , Islamabad",
Dr Rashid Ahmed,N/A,ENT Specialist,"143/3, Jail Road, Hirabad, Hyderabad.  Hirabad , Hyderabad",
Dr Naheed Sultana,N/A,Gynecologists,"Ali Medical Centr                Main Markaz, Sector F - 8, Islamabad.  F-8 , Islamabad",
Dr Hajira Hanif,N/A,Gynecologists,"Fatima Memorial Hospital                Shadman, Lahore.  Shadman  , Lahore",
Dr Attiya Mahboob,N/A,Skin Specialists | Dermatologists,"Main Boulevard GardenTown, Barket Market, New Garden Town, Lahore.  New Garden Town , Lahore",
Dr Talat Akber,N/A,Skin Specialists | Dermatologists,"146 / 1 Shadman Colony Jail Road, Lahore.   Shadman Colony  , Lahore",
Dr Nighat Ali Shah,N/A,Gynecologists,"The Aga Khan University Hospital                 AKUH Consulting Clinic 4, Stadium Road, Karachi.   Stadium Road , karachi",
Dr Anis Ronaq,N/A,Paediatric,"Aadil Hospital                 - Main Boulevard, Defence, Cantt Lahore.  DHA , Lahore",
Dr. Saima Ghayas,N/A,Gynecologists,"Saifee Hospital                ST-1, Block-F, North Nazimabad, Karachi.  North Nazimabad , karachi",
Dr FIRDOUS MUMTAZ,N/A,Gynecologists,"MF-24, Mezzanine Floor, Quaid-e-Azam Medical Center, C.M.H Road, Cantt: Hyderabad.  C.M.H Road , Hyderabad",
Dr M Mujeeb,N/A,ENT Specialist,"Shaukat Khanum Memorial Cancer Hospital & Research Centre                7A Block R-3M.A. Johar Town, Lahore.  Johar Townl , Lahore",
Dr Arif Raheem,N/A,Skin Specialists | Dermatologists,"Rahim Hospital                 63 - Riwaz Garden Lahore.   Riwaz Garden  , Lahore",
Dr Ayesha Hussain,N/A,Gynecologists,"Patel Hospital                  ST-18, Block-4 , Gulshan-e-Iqbal, Karachi.  Gulshan-e-Iqbal , karachi",
Dr Feroze Ahmed,N/A,ENT Specialist,"Capital Clinic                Markaz F-10, Islamabad.  F-10 , Islamabad",
Dr Prof Fahmida Naheed,N/A,Gynecologists,"Allam Iqbal Town                15-Gulshan Block, Main Bouleward, Allam Iqbal Town, Lahore.  Al-Shafi Hospital , Lahore",
Dr. Khurshid Khan,N/A,Diabetologists,"Doctors Hospital                 152-G/1, Canal Bank, Johar TownLahore.  Johar Town , Lahore",
Dr Aijaz Fatima,N/A,Gynecologists,"Dr. Ziauddin Hospital                 Block-B, North Nazimabad, Karachi.    North Nazimabad , karachi",
Dr. Naser Ali Khan,N/A,Cardiologists,"Armed Forces Institute of Cardiology                Peshawar Rd, Rawalpindi.   Peshawar Rd , Rawalpindi",
Dr Muhammad Aslam,N/A,ENT Specialist,"ENT Clinic                Kashmir Gate Plaza Muree Road, Islamabad.  Muree Road , Rawalpindi",
Dr Prof Rubina Hussain,N/A,Gynecologists,"Ziauddin Hospital                 Cifton, 4/B, Shahrah-e-Ghalib, Block 6, Clifton, Karachi.  Clifton , karachi",
Dr Farhat Parveen Malik,N/A,Gynecologists,"Hamid Madical Centre                Asghar Mall Road.Margalla Welfare Hospital, Pirwadhai, Rawalpindi/Islamabad.  Pirwadhai , Rawalpindi",
Dr Zareefuddin Khan,N/A,Pediatricians,"Umer Ali Nursing Homepage                 Markza 1-9 Islamabad.  I9 , Islamabad",
Dr Tahira Rashid,N/A,Gynecologists,"Al-Qaim Hospital                ,4th-B Road, Satellite Town, Islamabad/Rawalpindi.  Satellite Town , Rawalpindi",
Dr Kaniz Zehra Naqvi,N/A,Gynecologists,"Liaquat National Hospital                National Stadium Road,Karachi.   National Stadium Road , karachi",
Dr Ayesha Arshad,N/A,Skin Specialists | Dermatologists,"Bismillah Hospital                Park Lane, Mozang, Lahore.  Mozang  , Lahore",
Dr. Tariq Farman,N/A,Cardiologists,"Medicare Heart Hospital                22-23 Shaheed-e-Millat Road, Karachi.  Shaheed-e-Millat Road , karachi",
Dr Javaid Iqbal,N/A,ENT Specialist,"Al-Shafi Hospital                15-Gulshan Block, Main Bouleward, Allam Iqbal Town, Lahore.  Allam Iqbal Town , Lahore",
Dr. Jamshaid,N/A,Gastroenterology,"Farooq Hospital                Main Boulevard Allama Iqbal Town, Lahore.  Allama Iqbal Town , Lahore",
Dr Shahnaz Saeed Hassan,N/A,Gynecologists,"Naz Hospital                6-A, Link Shadman Road, Shadman Lahore.  Shadman Road , Lahore",
Dr Muhammad Khalid Jamil,N/A,ENT Specialist,"House No. 15-E, Street 58, G-9/4, Islamabad.  G-9 , Islamabad",
Dr Obaid ur Rehman,N/A,Skin Specialists | Dermatologists,"Obaid-ur-Rehman clinic, 4_Mozang Road,Lahore.  Mozang Road , Lahore",
Dr Aqeela Kausar,N/A,Gynecologists,"Liaquat National Hospital                National Stadium Rd, Karachi.  Stadium Road , karachi",
Dr. Muhammad Imran Asghar,N/A,Cardiologists,"Armed Forces Institute of Cardiology                 Peshawar Rd, Rawalpindi.   Peshawar Road  , Rawalpindi",
Dr Ayesha Nasir,N/A,Gynecologists,"Karachi National Hospital                239, J. M. Amil Colony, M. A. Jinnah Road, Opposite Mazar-e-Quaid, Karachi.  Amil Colony , karachi",
Dr Omar H Shaikh,N/A,Skin Specialists | Dermatologists,"The Image Clinic                 27-C-lll, M.M. Alam Road, Gulberg-lll,Lahore, Punjab, Pakistan,  Gulberg-lll , Lahore",
Dr Mian Iftikhar Hussain,N/A,ENT Specialist,"965-B, Near Haidry Chowk Saidpur Road.  Saidpur , Rawalpindi",
Dr Shahnaz Akber Hussaini,N/A,Gynecologists,"Liaquat National Hospital & Medical College                 WASC OPD No. 04 , L.N.H., National Stadium Road, Karachi.   National Stadium Road , karachi",
Dr. Khalid Zafar Hashmi,N/A,Hematologist,"Sindh Institute of Urology and Transplantation - S.I.U.T                Chand Bi Bi Road, Civil Hospital, Karachi.  Chand Bi Bi Road , karachi",
Dr Ghufranullah Khan,N/A,Cardiologists,"Tabba Heart Institute                Street 1, Block No. 2, Federal ""B"" Area, Hussainabad Street,   Hussainabad  , karachi",
Dr Zia Mahmood,N/A,ENT Specialist,"965/B Adjacent allied Bank, Near Haidry Chowk Saidpur Road, Islamabad.  Saidpur Road , Rawalpindi",
Dr Rubina Javaid,N/A,Gynecologists,"Heart international                610, Peshawar Road, Saddar, Islamabad/Rawalpindi.  Saddar , Rawalpindi",
Dr. Javaid Asghar,Chief of Radiology,Radiologist,"Doctor's Hospital Lahore                 152-G/1, Canal Bank, Johar Town, Lahore.  Johar Town , Lahore",
Dr Havovi Z Birdie,N/A,Gynecologists,"Dr Ziauddin Hospital                 Block-B, North Nazimabad, Karachi.  North Nazimabad , karachi",
Dr Bilqees Manzoor,N/A,Gynecologists,"Dr Ziauudin Hospital                 Block-B, North Nazimabad, Karachi.  North Nazimabad , karachi",
Dr Hamid Hassan,N/A,Cardiologists,"Ihsan Mumtaz Hospital                71, Maulana Shaukat Ali Road, Block E, Phase 1, Johar Town, Lahore  Johar Town , Lahore",
Dr Jamshed Bin Saeed,N/A,ENT Specialist,"KRL Hospital                G-9, Islamabad.  G-9 , Rawalpindi",
Dr Saadia Waraich,N/A,Gynecologists,"Liaquat National Hospital & Medical College                National Stadium Rd, Karachi.  Stadium Road , karachi",
Dr Asim Ali Hyder,N/A,Skin Specialists | Dermatologists,"First Medical 934-B Faisal Town Lahore.  FaisalTown , Lahore",
Dr Lumaan Sheikh,N/A,Gynecologists,"The Aga Khan University Hospital                 AKUH Consulting Clinic, Stadium Road, Karachi.  Stadium Road , karachi",
Dr Nasreen Suleman,N/A,Gynecologists,"Al-Shafi Hospital                Al-Shafi Hospital, 15-Gulshan Block, Main Bouleward, Allam Iqbal Town, Lahore.   Allam Iqbal Town , Lahore",
Dr Ali Raza,N/A,Cardiologists,"Liaquat National Hospital                National Stadium Road, Essa Nagri, Karachi.  Essa Nagri , karachi",
Dr Lt Col (R)Khadija Zia,N/A,Gynecologists,"The Family Clinic                Markaz F-10Islamabad.   F-10 Markaz , Islamabad",
Dr Farah Yasmeen Shakoor,N/A,Gynecologists,"Margalla Welfare Hospital                Pirwadhai, Islamabad.  Pirwadhai , Rawalpindi",
Dr. Maisam Abbas,N/A,ENT Specialist,"Medicare Hospital & Clinic                Gulshan Town, Karachi.  Gulshan Town , karachi",
Abdullah Ali Lashari,"Associate Consultant, Anesthesiologist",Anesthesiologist,"Shifa International Hospitals                H-8/4, Islamabad-Pakistan.  H-8 , Islamabad",
Dr Nishat Farooqul,N/A,Gynecologists,"Naz Hospital                6-A, Link Shadman Road, Shadman Lahore.  Shadman  , Lahore",
Dr. Sakina Anwar,N/A,Gynecologists,"Institute Of Surgery & Medicine Hospital                Agha Khan III Road, Garden East, Saddar Town, Karachi.   Saddar Town , karachi",
Dr Rehana Arain,N/A,Gynecologists,"62-A Unit No 6, Opp: Mehran Garden, Latifabad, Hyderabad.  Latifabad , Hyderabad",
Dr Kahkashan,N/A,Gynecologists,"Al-Qaim Hospital                4th-B Road, Satellite Town, Rawalpindi.  Satellite Town , Rawalpindi",
Dr Taqdees Anwar,N/A,Gynecologists,"Shifa International Hospital                Pitras Bukhari Road, H-8/4, H-8, Islamabad.   H-8 , Islamabad",
Dr Iqbal Rasheed Mian,N/A,Gynecologists,"Fatima Memorial Hospital                Main Boulevard, Phase 2, Shadman, Lahore.  Shadman , Lahore",
ABIDA KHALIL SATTAR,N/A,Breast Specialist,"Clifton Medical Services                Karachi.  Clifton  , karachi",
ALIYA BEGUM AZIZ,N/A,Gynecologists,"The Aga Khan University Hospital                 Consulting Clinic 4, Stadium Road, Karachi.  Stadium Road , karachi",
Dr Aliya Bano,N/A,Gynecologists,"Patel Hospital                 ST-18, Block-4 , Gulshan-e-Iqbal, Karachi.  Gulshan-e-Iqbal , karachi",
Dr SYED ABDUL ALEEM,N/A,ENT Specialist,"Adjacent Hydry Medical Store                Soldier Bazar, Saddar, Hyderabad.  Saddar , Hyderabad",
Dr Zia ul Miraj Ahmed,N/A,Urologists,"Ittefaq Hospital                 Ittefaq Hospital (Trust)Near H Block, Model Town,Lahore.  Model Town , Lahore",
Dr Samina Esbahani,N/A,Gynecologists,"Zainab Panjwani Memorial Hospital                Mohammad Ali Habib Road, Numaish, Karachi.  Numaish , karachi",
Dr. Ismail Hirani,N/A,ENT Specialist,"Saifee Hospital                Saifee Hospital, Shara-e-Sher Shah Su, Block F, North Nazimabad, Karachi.  North Nazimabad , karachi",
Dr. Erum Mazhar Hussain,N/A,Hematologist,"Liaquat National Hospital                National Stadium Rd, Karachi.   National Stadium Road , karachi",
Dr Prof Shahida Sheikh,N/A,Gynecologists,"Maryam Memorial Hospital                Peshawar Road, Islamabad.  Peshawar Rd , Rawalpindi",
Dr Salma Batool Naqvi,N/A,Gynecologists,"Liaquat National Hospital                National Stadium Road,Karachi.  Stadium Road , karachi",
Dr Rizwan Aziz Memon,N/A,Cardiologists,"Liaquat National Hospital                National Stadium Road, Essa Nagri, Karachi  Essa Nagri , karachi",
Dr. Taufeeq Shaikh,N/A,ENT Specialist,"Zainab Panjwani Memorial Hospital                Mohammad Ali Habib Rd, Gazdarabad, Katrak Parsi Colony, Karachi.   Katrak Parsi Colony , karachi",
Dr. Nawaz Lashari,N/A,Cardiologists,"National Medical Center                 A-5/A, National Highway, Phase 1, Defence Housing Authority,Near Kala Pul, Karachi.  DHA , karachi",
Dr Sohail Khurshid Lodhi,N/A,Gynecologists,"Hameed Latif Hospital                 14-Abu Bakar Blk., New Garden Town, Lahore.   New Garden Town , Lahore",
Dr Faria Asad,N/A,Skin Specialists | Dermatologists,"Akbar Medical Complex                 Main Boulevard, Defence, Lahore.  DHA , Lahore",
Dr. M. Yakoob Ahmedani,N/A,Diabetologists,"Tabba Heart Institute                St-1, Block # 2, Federal ""B"" Area, Karachi.   Federal ""B"" Area , karachi",
Dr Major (R) Haq Nawaz Khan,N/A,ENT Specialist,"716/D, Sixth Road Satellite Town, Rawalpindi.  Satellite Town , Rawalpindi",
Dr Afshan K Siddiqui,N/A,Skin Specialists | Dermatologists,"Ammar Medical Complex                8 - Jail Road ,Main Gulberg Lahore.  Main Gulberg , Lahore",
Dr Shazia Musheer,N/A,Gynecologists,"The Aga Khan University Hospital                 AKUH Consulting Clinic, Stadium Road, Karachi.  Stadium Road , karachi",
Dr Khalida Waheed,N/A,Gynecologists,"Ali Medical Centre                Kohistan Road, F-8, Islamabad.  F-8 , Rawalpindi",
Dr Irfan Ahmed,N/A,ENT Specialist,"Audiology Centre                Margalla Clinics, 64 East Moscow Plaza, Blue Area, Islamabad.  Blue Area , Islamabad",
Dr Shagufta Tahir,N/A,Gynecologists,"Liaquat National Hospital                National Stadium Road,Karachi.  Stadium Road , karachi",
Dr Sohail Athar,N/A,Skin Specialists | Dermatologists,"Ittefaq Hospital                 Near H Block, Model Town, Lahore.   , Lahore",
Dr Roshan Ara,N/A,Gynecologists,"B- 4, Diplai Memon Housing, Hyderabad.  Diplai Memon Housing , Hyderabad",
Dr. Brig. Zafar,N/A,General Surgeon,"Doctors Hospital                152-G/1, Canal Bank, Johar TownLahore.  Johar Town , Lahore",
Dr. Luna Pereira,N/A,Gynecologists,"Kharadar General Hospital                Agha Khan Road, Nawab Mahabat Khanji Road, Karadar, Karachi.  Karadar , karachi",
Dr. Tanveer Hussain,N/A,Medical Specialist,"Bilal Hospital                38-A, Satellite Town, Sadiqabad Road, Rawalpindi.  Satellite Town , Rawalpindi",
Dr Farrukh Mehmood,Assistant Professor,ENT Specialist,"Mehboob Fatima Medical Centre                Opposite Faisal Clinic Faisal Town Lahore.  Faisal Town , Lahore",
Dr DHARM DEV RATHI,N/A,Skin Specialists | Dermatologists,"49, Skin Care Clinic, Saddar, Hyderabad.  Saddar , Hyderabad",
Dr. Zuhaib Bin Saeed,N/A,General Practitioner,"OPD Complex                Jhelum Road, Near Bahria Phase VIII Gate, Sawan, Rawalpindi.  Sawan , Rawalpindi",
Dr Prof Sadiqua N Jaffery,N/A,Gynecologists,"Dr Ziauddin Hospital                  4/B, Shahrah-e-Ghalib, Block 6, Clifton, Karachi.  Clifton , karachi",
Dr M Sarwar Chaudhary,N/A,ENT Specialist,"Federal Government Services Hospital                Shaheed-e-Millat Rd, Islamabad.  Shaheed-e-Millat Rd , Islamabad",
Dr Arif Tarar,N/A,ENT Specialist,"Punjab Medical Centre                5 -Main Gulberg, Jail Road, Lahore.  Main Gulberg , Lahore",
Dr. Chaudhary Mohammad Tahir,N/A,Skin Specialists | Dermatologists,"Rasheed Hospital                Khayaban-e-Jinnah, Phase 1, DHA, Lahore.  DHA, Phase 1 , Lahore",
Dr Shahina Ishtiaq Assistant Prof,N/A,Gynecologists,"Dr Ziauddin Hospital                4/B, Shahrah-e-Ghalib, Block 6, Clifton, Karachi.  Clifton , karachi",
Dr Shazia Fakhar,N/A,Gynecologists,"Shifa Inernational Hospital Ltd.                Sector:H-8/4,Islamabad.   H-8 , Islamabad",
Dr. Musarrat Arshad,N/A,Gynecologists,"Saifee Hospital                  ST-1, Block-F, North Nazimabad, Karachi.    North Nazimabad , karachi",
Dr Sayeda Batool Mazhar,N/A,Gynecologists,"Ali Medical Centre                Main Markaz, Sector F - 8, Islamabad.  F-8 , Islamabad",
Dr MUKHTAR AHMED RAJPUT,N/A,ENT Specialist,"Consulting Chamber, Near Old A-One Hotel, Hirabad, Hyderabad.  Hirabad , Hyderabad",
Dr Nasim Yousaf,N/A,Diabetologists,"Shifa International Hospital                Pitras Bukhari Road, H-8/4, H-8, Islamabad.  H-8 , Islamabad",
Dr Abdullah Bin Khalid,N/A,Gastroenterology,"Consulting Clinics (JHS Building -Second Floor), Stadium Road, Karachi.  Stadium Road , karachi",
Dr Shaheen Nazly Jameel,N/A,Diabetologists,"717, Street 83, Block I-8/4, I-8, Islamabad/Rawalpindi.  I-8 , Rawalpindi",
Dr Sohail Athar,N/A,Skin Specialists | Dermatologists,"Ittefaq Hospital Trust                Near H-Block Model Town, Lahore.  Model Town , Lahore",
Dr Arshia Javed,N/A,Gynecologists,"Dr Ziauddin hospital                 Block-B, North Nazimabad, Karachi.  North Nazimabad , karachi",
Dr Abdul Qayyum,N/A,ENT Specialist,"Saifee Hospital                Shara-e-Sher Shah Suri road, Block F, North Nazimabad, Karachi.  North Nazimabad , karachi",
Dr Qazi M Tariq,N/A,General Surgeon,"Murshid Hospital & Health Care Centre                Hub River Road, MujahidabadKarachi.  Mujahidabad , karachi",
Dr Riffat Majid,N/A,Skin Specialists | Dermatologists,"The Aga Khan University Hospital                 Stadium Road, Karachi.  Stadium Road , karachi",
Dr. Arif Hamayun Agha,Consultant Urologist,Urologists,"Doctors Hospital                152-G/1, Canal Bank, Johar Town, Lahore 54590, Pakistan.  Johar Town , Lahore",
Dr Ambreen Ejaz,N/A,Gynecologists,"Mid City Hospital                 3-A Shadman II, Jail Road. Opposite Kinaird College, Lahore.  Shadman  , Lahore",
Dr. Fouzia Ahmed,N/A,Gynecologists,"Patel Hospital                ST-18, Block-4 , Gulshan-e-Iqbal, Karachi.  Gulshan-e-Iqbal , karachi",
Dr SHOUKAT ALI H. MEMON,N/A,Skin Specialists | Dermatologists,"Near National Saving Center, Saddar, Hyderabad.  Saddar , Hyderabad",
Dr. Syed Masood Raza,N/A,Hematologist,"Sindh Institute of Urology and Transplantation                Chand Bi Bi Road, Civil Hospital.  Chand Bi Bi Road , karachi",
Dr Shahab Javed,N/A,Urologists,"Jamal Noor Hospital                Jamal Noor Hospital, Dhoraji Colony, Karachi.  Dhoraji Colony , karachi",
Dr. Ayaz Hussain Sheikh,N/A,Cardiologists,"Medicare Hospital                Medicare Hospital, 23, Shaheed-e-Millat Road, Bahadurabad, Karachi.  Bahadurabad , karachi",
Dr  Naeem Iqbal,N/A,Skin Specialists | Dermatologists,"SESSI Landhi Hospital                Adamjee Road, Opp. KDA Sub-Office, Landhi Karachi.  Landhi  , karachi",
Dr Iffat Ahmed,N/A,Gynecologists,"The Aga Khan University Hospital                 AKUH Consulting Clinic, Stadium Road, Karachi.   Stadium Road , karachi",
Dr. Samiullah,N/A,General Surgeon,"Bilal Hospital                38-A, Satellite Town, Sadiqabad Road, Rawalpindi.  Satellite Town , Rawalpindi",
Prof. Dr. Muhammad Sarwar,N/A,Cardiologists,"Doctors Hospital Lahore                 152-G/1, Canal Bank, Johar TownLahore.  Johar Town , Lahore",
Dr Prof Ahmed Fawad,N/A,Urologists,"Dr Ziauddin Hospital                North Nazimabad, Karachi.  North Nazimabad , karachi",
Dr. Tariq Shafi,N/A,Cardiologists,"Doctors Hospital                152-G/1, Canal Bank, Johar Town, Lahore.  Johar Town , Lahore",
Dr AZAM HUSSAIN YOUSIFANI,N/A,ENT Specialist,"2-Jehan Plaza, Saddar, Hyderabad.  Saddar , Hyderabad",
Dr Saba Raees,N/A,Skin Specialists | Dermatologists,"Defence Skin, Laser & Cosmetology Clinic                First Floor 290 Q, Phase II, Ghazi Road, DHA Lahore, Street 4, Lahore  DHA , Lahore",
Dr Fauzia Maqsood,N/A,Gynecologists,"Naseer Hospital                , 16 - Ahmed Block, New Garden Town, Lahore.  New Garden Town , Lahore",
Dr Iram Gul,N/A,Gynecologists,"Ittefaq Hospital                Ferozepur Road, Block H, Model Town, Lahore.  Model Town , Lahore",
Dr Anjum Noureen,N/A,Gynecologists,"Private Clinic: Hub River Road, Mujahidabad Karachi.  Mujahidabad  , karachi",
Dr M D Khan,N/A,Gynecologists,"Ayesha Memorial Hospital                E/5, Saidpur Road, Satellite Town, Islamabad/Rawalpindi.  Satelite Town , Rawalpindi",
Dr Shireen Zulfiqar Bhutta,N/A,Gynecologists,"The Aga Khan University Hospital                 AKUH Clifton Medical Services, Karachi.  Clifton , karachi",
Dr Robina Ashraf,N/A,Gynecologists,"The Clinic, 965-B, Saidpur Road.  Saidpur Road , Rawalpindi",
Dr Sohail Sheikh,N/A,Skin Specialists | Dermatologists,"Plastic Surgery Club                 Imran Khan Block, Gate # 14, Qaddafi Stadium, Lahore.  Qaddafi Stadium , Lahore",
Dr Sardar Mohammad Babar,N/A,ENT Specialist,"Kashmir Medical Centre                Chota Bazar Road, Saddar, Islamabad/Rawalpindi.  Saddar , Rawalpindi",
Dr Prof Zafar Ahmad,N/A,Skin Specialists | Dermatologists,"Skin Care Centre, Opp. Dawood Eng. College, New M A Jinnah Road, Karachi ( Near Islamia College ).  New M A Jinnah Road , karachi",
Dr Farhat Iqbal,N/A,Gynecologists,"Hameed Latif Hospital                 14 - Abu Bakar Block, New Garden Town, Lahore.  New Garden Town , Lahore",
Dr. Shehla Ahmed,N/A,Skin Specialists | Dermatologists,"Prime Care Hospital                Main Boulevard Defence, Lahore Cantt, Lahore.   Lahore Cantt , Lahore",
Dr Zarina Khan,N/A,Gynecologists,"Jinnah Avenue, Blue Area, Islamabad/Rawalpindi.  Blue Area , Islamabad",
Dr Khurram Mutahir Siddiqui,N/A,Urologists,"AKUH Consulting Clinic                AKUH Consulting Clinic, Stadium Road, Karachi.   Stadium Road , karachi",
Dr MUSHATQUE ALI MEMON,N/A,Skin Specialists | Dermatologists,"CMH Road, Saddar, Hyderabad.  Saddar , Hyderabad",
Dr. Ismail Kanrani,N/A,Cardiologists,"Kharadar General Hospital                Aga Khan Road, Kharadar, Karachi.  Kharadar , karachi",
Dr Samina Tasleem,N/A,Gynecologists,"Maryam Memorial Hospital                 Peshawar Road, Rawalpindi.  Peshawar Road , Rawalpindi",
Dr Zubair Iqbal Bhutta,Associate Professor,ENT Specialist,"Naz Hospital                6-A, Link Shadman Road, Shadman Lahore.  Shadman  , Lahore",
Dr Prof Rubina Hussain,N/A,Gynecologists,"Dr Ziauddin Hospital                4/B, Shahrah-e-Ghalib, Block 6, Clifton, Karachi.   Clifton , karachi",
Dr Bushra Saeed,N/A,Gynecologists,"Shalamar Hospital                , Shalimar Link Road, Mughalpura, Lahore.  MughalPura , Lahore",
Dr Salma Hussain,N/A,Gynecologists,"Al-Qaim Hospital                4th-B Road, Satellite Town, Islamabad/Rawalpindi.  Satelite Town , Rawalpindi",
Dr FARIDUDDIN SHAIKH,N/A,Skin Specialists | Dermatologists,"H.No. 36/1, Qasim Sarak, Saddar, Hyderabad.  Saddar , Hyderabad",
Dr Fayyaz Haider Hashmi,N/A,Cardiologists,"Doctors Hospital & Medical Center                 152 A-G/1 Canal Bank Johar Town Lahore.  Johar Town , Lahore",
Dr. Nusrat Ali,N/A,Cardiologists,"Burhani Hospital                Tayebjee Road, Gari Khata, Hassan Ali Effendi Road, Karachi.  Gari Khata , karachi",
Dr Ayesha Chandna,N/A,Diabetologists,"Al Fatima Clinic Ghazi                20-1, MACHS, Ghazi Salahuddin Road.  Ghazi Salahuddin , karachi",
Dr Noreen Zafar,N/A,Gynecologists,"Doctors Hospital & Medical Centre                2A-G/1, Canal Bank, Johar Town, Lahore.  Johar Town , Lahore",
Dr. Abdul Majeed Chaudhry,N/A,General Surgeon,"Doctors Hospital                 152-G/1, Canal Bank, Lahore.   Johar Town , Lahore",
Dr Khalid Rasheed,N/A,Cardiologists,"Tabba Heart Institute                Tabba Heart Institute, Street 1, Block No. 2, Federal ""B"" Area, Hussainabad Street, Karachi  Federal ""B"" Area , karachi",
Dr Mohammad Idrees,N/A,Skin Specialists | Dermatologists,"Ijaz Hospital                Mandi Stop Wahdat Road Near Multan Chungi,Lahore.  Near Multan Chungi , Lahore",
Dr. Mubizah Haider,N/A,ENT Specialist,"AL- Hani Clinic jhang Road, Faisalabad.  Jhang Road , Faisalabad",
Dr Asim Alvi,N/A,Gynecologists,"Al-Qaim Hospital                B-Block, satellite town, Rawalpindi.  Satellite Town , Rawalpindi",
Dr. Farkhanda Qadir,N/A,Gynecologists,"Batool General Hospital                197A, Block 5,Gulistan-e-Johar, Karachi.  Gulistan -e-Johar , karachi",
Dr Zulfiqar A Khowaja,N/A,Skin Specialists | Dermatologists,"AKUH Consulting Clinic                Stadium Road, Karachi.  Stadium Road , karachi",
Dr Shama Munim,N/A,Gynecologists,"The Aga Khan University Hospital                 AKUH Consulting Clinic, Stadium Road, Karachi.  Stadium Road , karachi",
Dr Mehreen Mehmood,N/A,Gynecologists,"Ayub Medical Centre                372-Saidpur Road, Islamabad.  Saidpur Road , Rawalpindi",
Dr Nabia Tariq,N/A,Gynecologists,"Shifa International Hospital                Sector H-8/4, Islamabad.  H-8 , Islamabad",
Dr Nasira Dawood,N/A,Gynecologists,"Mubarak Nursing Homepage, 19-Harley Street, Rawalpindi.   19-Harley Street , Rawalpindi",
Dr Khawar Khursheed,N/A,Skin Specialists | Dermatologists,"40-L Usmani Rd, Lahore.  Usmani Rd , Lahore",
Dr. Irshad Hakim,N/A,Skin Specialists | Dermatologists,"Khyber Medical Centre, Peshawar.  Dabgari Garden , Peshawar",
Dr. Muhammad Yasir Khan,N/A,ENT Specialist,"Shifa Medical Center                 Savoy Arcade (Next to Standard Chartered Bank),F-11 Markaz, Islamabad.   F-11  , Islamabad",
Dr Rukhsana Mughal,N/A,Gynecologists,"The Aga Khan University Hospital                 AKUH Consulting Clinic, Stadium Road, Karachi.   Stadium Road , karachi",
Dr Khadija H Asif,N/A,Gynecologists,"Ittefaq Hospital                 Near H Block, Model Town, Lahore.  Model Town , Lahore",
Dr Raziuddin Biyabani,N/A,Urologists,"AKUH Consulting Clinic                Stadium Road, Karachi.	  Stadium Road , karachi",
Dr Rozina Sikandar Sultan,N/A,Gynecologists,"The Aga Khan University Hospital                 AKUH Consulting Clinic, Stadium Road, Karachi.   Stadium Road , karachi",
Dr Zul Kifil,N/A,ENT Specialist,"Al-Qaim Hospital                4th-B Road, Satellite Town, Islamabad/Rawalpindi.  Satellite Town , Rawalpindi",
Dr Naveed Shahzad,N/A,Skin Specialists | Dermatologists,"Clinic: 7 - M Block Johar Town, Lahore.    , Lahore",
Dr Muhammad Kaleem,Associate Professor,Urologists,"Naz Hospital                6-A, Link Shadman Road, Shadman Lahore.  Shadman , Lahore",
Dr Mohammad Tariq Bhatti,N/A,Pediatricians,"Raza Medical Complex                10 - C, Shadman ll, Jail Road, Lahore.  Shadman ll , Lahore",
Dr Jehan Ara,N/A,Gynecologists,"Dr Ziauddin Hospital                Block B, North Nazimabad, Karachi.   North Nazimabad , karachi",
Dr Bushra Yousaf,N/A,Gynecologists,"urraya Azeem (Waqaf) Hospital                Chowk Chouburji, Lahore.  Chowk Chouburji , Lahore",
Dr Aziza Kapadia,N/A,Gynecologists,"The Aga Khan University Hospital                 Consulting Clinic 4, Stadium Road, Karachi.  Stadium Road , karachi",
Dr Shereen Zulfiqar Bhutta,N/A,Gynecologists,"Dr Ziauddin Hospital                  4/B, Shahrah-e-Ghalib, Block 6, Clifton, Karachi.  Clifton , karachi",
Dr Syed Khalid Imam,N/A,Diabetologists,"Liaquat National Hospital                National Stadium Road, Essa Nagri, Karachi.  Essa Nagri , karachi",
Dr. Noreen Zafar,N/A,Gynecologists,"Doctor's Hospital                 152-G/1, Canal Bank, Johar Town, Lahore.   Johar Town , Lahore",
Dr Nasarullah Rana,N/A,ENT Specialist,"Nasrullah Rana Hospital                Jail Road Medical Tower, Kinnaird College, Lahore.  Jail Road , Lahore",
Dr Safdar Nawaz Malik,N/A,ENT Specialist,"Maryam Memorial Hospital                2/311, Peshawar Rd, Rawalpindi.  Peshawar Rd , Rawalpindi",
Dr Rashid A Chaudhary,N/A,Diabetologists,"Shifa International Hospital                Pitras Bukhari Road, H-8/4, H-8, Islamabad.   H-8 , Islamabad",
Dr Mohammad Tufail Ijaz,N/A,Diabetologists,"Shifa International Hospital                Pitras Bukhari Road, H-8/4, H-8, Islamabad.  H-8 , Rawalpindi",
Dr Khalida Khanum Naqvi,N/A,Gynecologists,"The Aga Khan University Hospital                 AKUH Consulting Clinic 4, Stadium Road, Karachi.  Stadium Road , karachi",
Dr Dawood Shaukat,N/A,Diabetologists,"Naz Hospital                6-A, Link Shadman Road, Shadman, Lahore.  Shadman , Lahore",
Dr. Nishat Zehra,N/A,Gynecologists,"MF-31, Quaid-e-Azam Center, C.M.H Road, Hyderabad.  C.M.H Road , Hyderabad",
Dr ROOPCHAND P-LILAANI,N/A,ENT Specialist,"Gareeb Nawaz Colony, Sabzi Mandi, Near Naya Pull, Hyderabad.  Sabzi Mandi , Hyderabad",
